ID	LD2169	LD2170	LD2171	LD2243	LD2244	LD2245	LD2162	LD2163	LD2164	LD2213	LD2214	LD2215	LD2166	LD2157	LD2158	LD2223	LD2224	LD2225
P1	12.65805465	12.87667927	12.69369368	12.95231245	12.78896223	13.03386474	12.65841654	12.77802871	12.6714509	12.42566614	12.52472866	12.57566894	12.59447299	12.49214653	12.6174497	12.88467396	13.08494635	12.90950876
P1002	0.937927277	0.605771154	0.731260859	0.843742599	1.507539789	1.579928515	0.557113489	0.273428622	0.502759366	0.327634694	0.561781455	0.325063587	0.286713675	-1.315867549	-0.25100367	0.706220317	0.952079968	0.919972999
P1004	-0.207743861	0.673750957	0.791740054	0.886572711	-0.166145673	1.57184328	-0.104200181	-1.82743763	0.216603439	-0.156392018	-0.423761737	-0.049254464	-0.756920112	-0.342622183	-0.57481398	1.13381612	0.819585548	-0.280074185
P1006	0.782022379	-0.978061299	0.429186105	0.227285564	1.051869621	-0.846484795	1.115662981	0.784983105	1.070744427	1.260584327	1.294569066	0.831929778	1.084801007	0.586997359	0.665528913	-0.920525388	-0.846691345	0.25052992
P101	5.113168434	4.210209954	4.723310734	4.637961408	5.6617654	4.630286292	5.386633833	5.343761817	5.558958786	6.00306332	5.702682465	5.721080363	5.588789326	5.270702427	5.067358507	4.43525863	4.38320058	4.822872229
P1012	1.116567852	1.579482433	1.219184497	1.430205353	1.356516882	1.397346083	0.426081438	-0.057775573	0.757868643	-0.354899152	-0.228643092	-0.236065162	-0.499163839	0.051550087	-1.118320826	1.25751379	1.593872704	1.695944984
P1024	1.420612646	1.417319822	1.22961811	1.128162024	0.604820114	1.137764872	1.479043792	1.325637971	1.438352315	1.306209939	1.549814417	0.171437888	0.957352489	0.985484962	0.306207573	0.48827211	1.063541707	0.590624402
P1037	0.513723039	1.581877997	1.333546092	0.991708009	1.550753073	1.271807192	0.248597095	1.082960564	0.388558877	0.165427446	-0.520030365	1.262451496	0.347352285	1.15019056	0.206025925	0.762909188	1.721580878	1.560179842
P1038	0.16738467	-1.0356888	-0.631346995	-0.961530526	-0.025397683	-1.128276539	0.95038918	0.13825854	0.135029354	0.552575071	1.19429929	0.237109001	1.519155696	1.389627703	1.405627151	-1.152095815	-0.764611728	-0.853887961
P106	4.75074143	5.455946231	5.180235959	5.583271175	5.337711854	5.764364704	5.502380214	6.227036662	5.927260595	5.994495729	5.321133931	6.453725092	5.821066465	5.978548938	5.993184154	4.914538901	4.829290264	4.6779351
P1062	-1.462099665		-1.372271998	-1.599775611	-0.898355311	-3.167562643	-0.401030543	-0.750344613	-0.767600604	0.334456149	0.030686919	-1.376967646	-0.865405419	0.27725469	-0.954686066	-0.742941017	-0.987531699	-0.754794942
P1088	1.106736922	0.733272021	0.946034305	1.236854468	1.717163577	1.115304366	1.049006082	0.443177639	0.781276458	0.676360685	0.087613235	0.888870976	1.360497017	0.801210137	1.422543578	1.179804802	1.261488041	0.711143007
P1090	-0.915238327	-1.407320151	-0.011820439	-0.502437063	-0.940049344	-0.64640419	0.111537194	-0.010411517	0.284018691	0.610577034	0.088169967	-0.347203137	-1.27877789	-0.556073258	-1.320640039	0.155281268	-0.311791015	0.598723481
P1109	1.349084518	1.051492423	0.821064484	1.076807569	0.645578144	0.632397626	0.770442784	-0.018406088	0.412975152	0.224880192	0.666017814	0.178085798	0.681734837	-0.147602878	0.49541611	1.300994235	1.723979367	1.279242013
P1113	-0.132541844	-1.822698425	-0.975301229	-1.187593702	-1.213727159	-1.220815441	-1.174413484	-0.016191119	-0.119615919	0.389460201	-0.892246203	0.862725158	0.714503358	0.53706727	1.572493274	-0.978031844	-1.177984694	-0.861686966
P1123	-0.805221017	-0.642057481	-0.915438515	-0.635222667	-1.248758852	-0.368069797	-1.707519978	0.29826371	0.327997194	-0.507907554	-0.676927191	0.508442262	0.717175032	0.541027018	1.060484918	-0.007736249	-0.115898959	-0.073421475
P1126	0.997315319	0.910957034	0.862408514	0.583225058	0.784035833	0.562250184	1.378022251	1.081210343	1.125748328	1.122160799	1.280422318	1.073089678	0.80604307	0.432149115	1.054799109	0.444593132	0.940854231	0.240454579
P1134	0.611114872	0.247341969	0.43245194	0.288288525	-0.203941232	0.583786935	0.026973285	-0.036083581	0.457674193	-0.555019813	0.027775861	-0.160239226	0.201384001	-0.078141048	-0.668427243	0.175911875	-0.163733198	-0.122125677
P1145	0.753490395	1.11408367	1.123298478	1.067359006	1.139698435	1.030990852	0.912651368	0.826107498	0.955232248	0.914477757	0.791472888	0.905924163	1.087514485	1.162769693	1.258846997	0.778669826	1.021247339	0.796717057
P1146	-1.191784209	-0.845419822	-0.876251865	-0.677704344	0.07028542	-0.008339434	-0.019521733	0.093134444	0.173144054	0.25733618	-0.923044908	0.110181881	-0.392928945	0.547033337	-0.122059645	0.509907966	-0.074388123	-0.21094658
P1161	-0.380996513	-1.104080557	-1.299136888	-0.236776644	-0.812413218	-0.598221896	-1.197493403	-0.970915193	-1.676897728	-0.072326429	1.516451906	-0.811795859	-1.605847996	-1.511947593	-1.193257764	-1.243180749	-1.051906882	-1.809940181
P1169	-2.198577929	0.174863679	-1.925503892	-2.519639888		-0.262360432	0.838972563	1.035077929	1.040772317	0.777454933	0.489637974	-0.708540801	0.827671899	0.665000255	-0.694716411	-2.826352294	-2.802320919	-2.591418823
P1172	1.164261293	0.509404408	1.093583615	0.637537423	1.302746275		0.506389977	-1.285977714	-0.906361851	0.293284175	0.435441727	-1.203234615	-0.242779044	-1.083503823	0.299514445	1.014655374	1.591070521	0.780715112
P1173	0.495121344	0.797664355	0.916564416	0.728568382	0.762374869	1.089460244	-0.314802356	0.112892739	0.231893352	0.182819128	0.650215292	0.649348738	-0.517774967	0.194265015	0.692046289	0.765810314	1.235949633	0.936768904
P1183	-0.584992253	-1.760712943	-0.378148498	-0.648410059	-1.772656991	-0.817125058	-0.362956684	-0.04350097	-0.268555694	-0.539166759	-0.076889668	-0.620812627	0.079384035	0.642411866	1.033605453	-0.343702022	-0.329135518	-0.342832597
P119	5.947345991	6.395395838	6.143304316	6.352723561	5.979574801	6.12958067	5.751015169	5.510926851	5.804733759	5.794952834	5.66548514	5.816285791	5.406109284	5.529280465	4.973722562	6.483799706	6.334429609	6.4561904
P1193	0.631744609	-0.359062621	-0.784291802	-0.761822905	1.501426091	-0.057582757	-0.505068061	-0.205345414	-0.686600135	-2.571934286	-1.205606542	-1.411965703	-0.458874088	-1.347901063	0.198894824	-0.90551356		-0.402425978
P12	10.55962035	10.82420818	10.61011987	10.74142565	10.81258973	10.74049129	9.978531122	10.11997092	10.23403816	10.20304587	9.857471587	10.04749789	9.823302406	10.1187161	9.528191701	10.70116663	11.02373777	10.97166648
P1211	0.247658587	0.617420752	-0.081301634	0.305663942	-0.088478474	0.587653862	-0.930800727	0.105333626	-0.253788745	-0.588101901	-0.522056894	-2.233003418	-1.293890374	1.040084545	0.907737453	0.440621211	-0.927842576	-0.091276287
P1218	-0.309136643	-2.012720046	-0.860611838	-1.322406622	-0.831784179	-0.988934492	-0.828448257	-0.146578964	-0.193987216	0.356672858	-0.812758086	0.595325597	0.416397654	0.30710054	1.047279835	-0.741883212	-0.65663224	-0.512216655
P1222	0.846038204	-0.257124255	0.802454705	-0.176534239	0.40973325	0.333335999	0.22828586	-0.278155258	-0.31918888	-0.440529004	0.766725418	0.42773326	-0.621363413	-0.900825754	0.45383728	-0.612668059	-0.244329718	-0.253450803
P1228	-0.07766417	0.237141621	-0.404370214	-0.036547311	0.30772808	0.710253388	-0.851647658	0.638360846	0.165792863	0.652101756	-0.730451141	0.555279295	-0.420798334	0.013951566	-0.41412889	-0.89122509	-0.478107328	-0.22241421
P1230		-1.707795473	-1.396760235	-1.369068494	-1.169554915	-1.74444255	-0.129436916	-0.857092247	0.117287219	0.487895304	-0.977040937	-0.843303887	-0.801697443	-1.04927841	0.498848835	0.034142918	-0.76280755	-1.197065233
P1235	0.632723272	-0.690908171	0.169410672	-0.275713128	-0.251966192	-0.845272352	0.263187161	0.886988491	0.3139138	0.809874675	0.149960635	0.428281632	0.829481796	0.688662589	1.340950457	-0.542822638	-0.22241037	-0.552885901
P124	4.822300134	3.375571437	4.701782394	4.027701089	4.218222828	3.914465251	4.306625774	5.331107561	4.968331066	5.45028542	4.524755114	5.86240562	5.799872621	5.904403538	6.489390606	4.217346431	4.202137534	4.466306406
P1242	-0.498486195	-1.447971269	-1.037965651	-1.220262508	-0.170211556	-1.252076517	-0.317016055	-0.427970004	-0.050488767	0.435543193	0.145533144	0.117275792	0.209677443	-0.386279563	-0.288802921	-1.253332937	-1.408762499	-1.010175364
P1246	0.899048365	0.368369593	0.610056767	0.875219045	0.589747912	0.227112139	-0.130795591	0.233017137	0.457446647	0.432169425	0.257369373	0.147173412	0.114178752	0.33927518	-0.570690168	0.701321181	0.913198212	1.249835004
P125	5.085600641	5.388003814	5.64447632	5.460526067	5.4412795	5.52103834	5.375552898	5.789567043	5.767792448	5.66815346	5.191986601	6.204290112	5.700286724	5.819667687	6.091023245	5.590889722	5.520310977	5.492235143
P126	5.975548262	6.332318109	6.171281362	6.17220637	6.253037902	6.327263463	6.134937198	6.011317562	6.063783775	5.996950923	5.821557493	6.189537573	5.984822508	5.993234397	6.336508429	5.959743762	6.327359681	5.947439963
P127	5.021609931	3.971552633	4.522869405	3.970116118	4.567920752	3.87096878	5.023112575	5.683984729	5.442683845	5.919130196	5.240926595	5.633980727	6.227848565	6.287324768	6.155293998	3.434967622	4.282687185	3.484296587
P1270	-0.202626567	0.267368504	0.376910611	0.309736052	-0.826093337	-0.286811431	1.071715045	0.851941514	0.891336707	0.891161209	1.135084158	-0.241120996	0.293306741	-0.248161836	-0.282756167	-0.395160318	-0.384482291	0.41534294
P1275	1.144797353	1.103287479	0.977042351	1.296598663	1.30453454	0.820108326	0.980879961	0.114067416	0.707111494	0.600896232	0.898619007	0.720006848	0.931823523	0.466164481	1.256718517	1.100261452	1.285074182	1.034914939
P1276	-1.88307195	-0.305845794	-1.759418007	-2.674142914		-0.412115383	0.746383902	0.846672384	0.606968957	0.467984197	-0.459879459	-1.268617505	0.236915522	0.254584539	-1.025114503	-2.860357113		-2.855122671
P1277	-0.810560809	-1.931427021	-1.179665964	-1.664904412	-1.582828481	-1.715425768	-1.319565443	-0.629011422	-1.109709547	-0.997327296	-0.606859639	0.361707124	0.557911224	0.808258145	1.263240777	-1.954271595	-1.480849964	-1.710785506
P1282	-0.686889365		-0.555898184	-0.131823975	-0.878163763	-0.770706359	-1.00328178	0.605335548	0.410577564	-0.38885832	-1.373318366	0.140831633	0.201626893	0.78845277	-0.072946504	0.015614324	-0.651906024	-0.383863678
P1293	0.156574736	-1.650020554	-0.422632706	-1.680540348	-1.200145863	-1.929995008	-0.752825512	0.392353229	0.218612859	0.555134764	0.168746659	0.223125753	0.962766675	0.899737638	0.868322486	-2.367127189	-1.536595771	-1.458889588
P1299	0.641831569	0.294432594	-0.191791387	-0.101669194	-0.089825865	0.082492464	0.251304158	-0.756062769	-0.075168158	-0.792985195	0.293898929	-1.090045004	-0.474852741	-1.531790856	-1.390951535	-0.740739388	-0.227867754	0.152555123
P130	5.37679815	4.236556713	4.789711002	4.356098488	4.997403183	4.295112267	5.124899813	5.494565772	5.318903662	5.817753242	5.434767254	5.544811621	5.930122453	5.784255801	6.009224935	3.965274047	4.354783671	4.546154026
P1304	-0.013724409	-0.623760052	-0.311585261	0.089552671	-0.418468742	-1.579382083	-2.451182099	-1.148553508	-1.559736817	-1.863501113	-2.628470331	-1.077378939	-2.419987562	-2.032547863	-2.25141781	1.136272267	1.373801311	0.689065408
P1318	0.208919813	-1.881607852	-0.814194114	-1.320298165	-1.976575241		-0.541462937	-0.362930913	-0.077733601	-0.815243476	0.190441741	-2.604769005	0.384668549	0.176081811	0.603147973	-0.67668903	-0.216696978	-0.231280808
P1331	0.780653529	0.627230395	0.712661392	0.814857399	0.990522628	0.922282817	0.207069628	-0.034949045	0.517486854	0.453209643	0.14376034	0.513810671	0.305269436	0.525178193	0.147741338	0.860280871	1.347015764	0.722152758
P1337	0.237491012	-0.536917289	-0.222769881	-1.337005515	-0.734557102	-1.289298035	-0.181281824	0.176417435	-0.005293912	0.464986552	-0.0686359	0.161128971	0.543150825	0.53515584	0.856034325	-1.333696254	-0.727606888	-0.976734095
P1348	0.077394124	-1.145073996	0.127543811	-0.413465209	1.2647126	-0.569410959	-2.989538396	-1.509534525	-1.843882552	-1.205670658	-1.680278345	-0.454552644	-1.17042095	-1.415454013	-1.136604104	0.419090123	0.711522457	-0.412339195
P1362	0.767590327	0.92886851	0.781143176	0.777372468	0.887353668	0.795237317	0.650182978	0.323919054	0.59054595	0.730818526	0.462545892	0.504926701	0.548277587	0.474675049	0.840154449	0.810996598	0.882731069	0.614636523
P1363	-0.431494388	-0.708605064	-0.441257851	-0.422153966	-0.474023287	-0.640359318	0.245211459	0.145982262	0.433901813	-0.316700858	-0.453524843	-0.220233978	-0.676840535	-0.44018908	-1.357943624	-0.050439001	0.081855697	0.036517045
P1368	0.653654944	-0.337569872	0.261836651	1.111342889	0.310832536	0.84968552	-0.671438665		0.406886789	-0.838093278	-0.294282416	-0.572541435	-1.497697966	-0.588612222	-0.665723515	0.792907855		1.054158133
P1376	0.798687627	0.944135254	0.804022422	0.788196167	1.160629897	0.821712489	0.8952267	0.677794024	0.873048618	0.530973191	0.52697677	0.417160756	0.835416886	0.498923464	0.561735447	0.8395528	0.796258234	0.786361273
P1380	-1.05542069	-2.318402235	-1.24190759	-1.197416312	-1.817514306	-1.395701103	-1.984237078	-0.065388095	-0.75575334	-1.568428715	-1.041319125	-0.219038728	0.148104007	0.186052866	1.11859781	-1.126808298	-1.256581624	-1.269167616
P1387	-0.780608882	-1.848840601	-1.190708126	-1.548522281	-1.572531683	-2.03882096	-1.353760446	-0.52726488	-0.031366765	-0.663402561	-1.165970439	-0.516059888	0.731069687	0.698818142	1.113227938	-1.447104884	-1.311559199	-1.141308972
P139	5.393452561	5.778037748	5.45392637	5.51961878	5.203188625	5.508804081	5.781502336	5.808861864	5.752924357	5.767320376	5.655054683	5.52972101	5.69727663	5.906247493	5.66571862	4.354471779	5.543992506	5.465328335
P1391	-1.055851621	-1.161914455	-0.755481272	-0.264127749	-1.2590264	-0.163365295	-0.163031254	0.475480775	0.296433116	0.35634814	-0.330761546	0.641345685	0.203676262	0.438970491	0.512384069	-1.185710804	-1.778993723	-2.007905675
P140	5.207626035	4.304404868	4.827214446	4.667849708	3.900006712	3.976672902	4.968902748	5.263876226	5.404906428	4.26019533	5.665379578	3.949983189	5.330753355	5.361859424	5.143728624	5.199035958	4.947732122	5.206134178
P1402	0.97353081	0.581756005	0.508967968	0.50286265	0.100191758	-0.116445272	0.355800071	-0.953355301	-0.284299305	-0.573427808	-0.009188389	-0.81165283	0.186344512	-1.080833918	0.200600138	0.566706961	1.234195118	0.745463812
P142	4.933429274	3.697335233	4.317022865	4.004683011	3.140829843	3.605009996	4.313221414	4.510581497	5.020012186	5.419764882	3.898619646	5.410126973	5.927876662	5.945984538	6.132333481	2.770909611	4.574290782	3.748441991
P1424	-0.656073181	-1.1194931	-0.475812514	-0.48450054	-0.695607634	0.57555945	-1.729885536	-1.05397078	-1.171133853	-1.275012566	-2.228857466	-1.611487823	-1.38969779	-0.571375	-0.953188498	0.999066792	-1.142365031	0.394862675
P143	5.140162681	5.811579373	5.498994975	5.773165931	5.289178683	4.642143682	4.680205826	4.947402657	4.916742502	4.78338435	4.42037169	4.734069318	6.226051905	4.784637161	6.125928097	3.360748234	5.075426762	3.727031344
P1434	0.014388432	-1.601634548	-0.568573811	-0.648372715	-1.163578002	-1.719580573	-1.033905217	-0.466056475	-0.650386135	-0.792530549	-0.460881896	-0.785200589	-0.447132807	-0.066055961	0.154948436	-0.218192978	-0.278134298	-0.077622371
P1440	-0.42184563	-0.351599743	-0.964688177	-1.057729389	-0.249073542	-1.36604505	-0.580404397	0.510237011	0.323386179	-0.392892956	0.426124418	-0.467051151	0.862766402	-0.206563774	0.22746739	-0.894502101	-1.089221386	-1.680616018
P1455	-0.966164093	-0.4792581	-0.675622285	-0.686972554	-0.462313179	-1.081642266	-0.49747965	-0.75091329	-0.194774717	-0.321501667	-0.256382463	0.119773769	-0.598163213	-0.334431412	-0.316134443	-0.666189994	-0.283260663	0.620414034
P1458	-0.827053673	-1.936114558	-0.685859163	-2.177908742	-0.873179932	-1.400298599	-1.300168535		-0.257443386	-0.628151089	-0.433080949	-0.303457945	0.292776395	-0.389154244	0.274829475	-1.123378171	-1.528325003	-1.009253952
P1462	-1.040826591	-1.129868786	-1.829949069	-1.286528493	-1.286336125	-1.739358916	-0.446064447	-0.31257185	-0.204965227	0.174622695	-0.376222448		0.111183357	-0.457669229	-0.146305847		0.004168917	-1.424719535
P1468	1.139177281	0.756382002	-0.133431903	-0.163860943	-0.802574666	-0.681418053	-1.280259563	-0.400285805	-0.135571563	-1.822277354	-0.735374825	-1.408077977	0.563571989	0.183202076	-0.187397941	0.456158257	0.295621596	-2.270564318
P1476	0.205108167	0.140209944	0.344489365	-0.393652187	-0.11166778		0.421066993	0.36154079	0.72231926	0.504836732	0.470451582	0.210843408	-0.181675079	-0.382106702	-0.00929763	-0.1084897		0.117044659
P148	3.577913461	2.329409028	4.174650424	3.69794401	2.951718452	3.568922789	3.957551619	5.003533092	4.662801194	4.966160957	4.28263193	5.496805631	5.531688535	5.745231904	6.040790807	3.522150327	3.649802626	3.614160247
P1486	-2.234570021	-2.597227847	-0.768074035	-1.292917417	-2.672490515	-1.70369832	-0.487957493	-0.650793422	-0.414563864	-0.102723718	-0.652761125	-1.059297404	-2.566076005	-1.144755573	-2.503959061	-0.570256489	-0.857511436	-0.194729214
P1492	-1.188425314	-2.237729675	-2.044129202	-1.73709947	-0.611647072	-1.627344467	-1.039982479	0.037271444	-0.727292195	-0.170927615	-0.712695726	-0.160245233	-0.351301879	-1.014331433	-0.212739793	-1.312125476	-1.345304821	-0.533780352
P1498	0.192346968	0.227088277	0.241444074	0.174270905	1.034506152	-1.335505836	0.059065478	-1.647511023	-1.522314589	-1.809451319	-0.354026902	-1.580563886	-1.130254796	-1.738450761	-1.014797837	0.126960097	-0.180231208	-0.458068087
P1504	0.195731214	0.626749284	0.588339063	0.633815649	0.473593837	0.566297609	0.369584332	0.35749878	0.380385948	0.155635937	0.192511228	0.473303484	0.413124508	0.277093053	0.722058459	0.334007479	0.500059748	0.115359448
P1527	0.067585805	-0.787670594	-0.262275971	-0.483630063	-0.219518569	-0.508137724	-0.31923251	-0.23936286	-0.081199633	-0.447569406	-0.181717039	0.145553957	0.224863623	-0.053803742	0.680446745	0.033673995	-0.065370079	0.174296577
P153	5.410119486	5.926538642	5.876094276	6.108055852	5.718535987	5.957201234	4.861735759	5.524389986	5.339097162	5.304573057	4.596175152	5.635713602	4.93993267	5.596889431	5.087865012	5.792703463	6.158922929	6.061103891
P1533	-0.785671207	-2.323790268	-0.933274715	-1.59622015	-0.886290616	-1.147942439	-1.402607055	-0.391425571	-0.583372877	-0.051366651	-0.672772613	0.192338888	-0.067345742	-0.226912183	0.43365824	-0.937770178	-1.402661622	-0.732877646
P1535	-0.940436109	0.000135506	-0.901771067	-1.003321026	-1.150697418		0.508931236	-1.176676665	-1.546041368	-0.199690146	-0.865062144	0.416277886	-0.115468482	-0.623550086	0.053602115	-0.36378338	-0.184916765	0.068319963
P1537	0.101523079	0.57691955	0.22365367	0.158869313	-0.170967723		-0.029201853	-0.475017802	-0.02086581	-0.723117096	-0.170601777		0.120228482	0.000713015	0.41021843	0.817024106	0.25325309	-0.082945305
P155		-2.49034035	-2.601610602	-2.828182953	-2.466177467	5.447336166	5.45514303	5.748331717	5.703590567	5.604406154	5.172165741	5.555521637		5.595503433	-3.034946253	4.124024349	-2.604928597	4.533405811
P1555	0.449634844	-0.628871709	-0.999959961	-0.861729942	-1.957872223	-2.238138437	-0.397727434	-0.558325645	-0.130550041	-1.547228188	0.119002617	-2.612122806	0.68059007	0.014830053	0.561542656	0.130854334	0.152067417	0.437586777
P1563	0.90256939	0.763795031	0.837349244	0.865541668		0.509437768	0.397655355	0.289371095	0.327119314	0.078259007	0.101480241	0.217484218	0.085378124	0.244594523	0.303988316	0.715869134	0.978493772	0.747720149
P1569	-1.013166217	-0.803478923	-0.716736166	-0.712096046	-0.588935645	0.605463097	-1.307487049	-1.102478256	-1.271836532	-1.184497123	-2.948231026	-0.945714168	-1.404577993	-1.269493852	-1.082076262	-0.981524043	-0.869361882	-1.150454382
P157	6.310610776	5.633898475	5.788310263	5.730980641	5.821939423	5.532741566	5.45893289	4.91799375	5.295427793	4.895353189	5.746035707	5.388735077	5.270939347	4.946208967	5.356135039	5.801835127	5.853182515	5.40406131
P1577	-1.824104053	-1.966977007	-1.833865806	-1.212866702	-2.155486845	-0.94523098	-2.16188221	-0.386420077	-0.323262744	-1.187045924	-1.618065469	-0.216498487	0.203500659	-0.138423483	0.423002719	-0.630738373	-0.812244612	-0.601023687
P1583	0.476546862	-0.624520028	-0.525794129	-0.756078526	-0.231840696	-1.030838764	-1.302769743	-1.412074682	-0.919006024	-1.046292455	-1.013481529	-1.309761578	-1.175322075	-1.099053658	-0.966399947	-0.84560984	0.705370989	-0.874935718
P1596	-1.035434448	-0.215641557	0.004808885	0.127732699	0.214985636	-0.196270677	-0.973096685	-1.252900564	-1.256699503	-1.459644474	-0.957916805	-0.987628211	-0.556024303	-1.018267759	-0.388468132	0.719576753	0.322238991	0.625205115
P1611	0.182577622	0.354862033	0.305866509	0.393392399	0.619153705	0.543816316	-1.018539081	-0.318777127	-0.799092176	-0.948801929		-0.048243675	-0.410058461	-0.017056618	-0.485170166	-0.078732653	0.306230991	-0.166199949
P1614	-1.927349494	-3.191311422		-2.963538939	-2.165975941	-2.757815077	-2.247962142	-1.803926546	-1.006903046	-0.758750053	-1.19918052	-2.086511708	-0.890477767	-1.428090061	-1.037638405	-2.38466175	-2.299679488	-1.132812747
P1630	-1.579544531	-1.198258608	-1.681614061	-1.58529873	-0.937040693	-1.927754895	0.835180447	-1.990779137	-1.776226112	-2.035005062	-0.265078477	-1.003031596	-1.937721539	-2.187496153	-1.76121126	-1.923448044	-1.614790371	-1.829498084
P1635	0.304589159	0.345544859	0.52636501	0.298237746	0.47803327	0.512246294	-1.188551297	-0.175671258	-0.342813144	-0.298671034	-1.118451799	0.070557539	-0.139190167	0.207310356	-0.003501948	0.430185853	0.512763793	-0.087529397
P1637		-2.681658547	-2.663307912	-2.569152332	-2.202315009	-1.462322102	-2.020326046	-0.513861948	-0.821620948	-0.937286398	-2.09001175	-2.141445562	-2.435967908	-0.783849457	-2.447641411	-1.030486136	-1.831506111	-1.15198844
P1649	0.288695898	-0.794639373	0.133391233	-0.366054513	-1.286691774	-1.20910277	-0.455756269	-1.400404929	-0.220618752	-1.344893486	0.388152562	-1.92476442	0.534228178	-0.427753001	0.713009917	0.11766123	0.242386938	0.192114173
P165	5.398072779	5.247795732	5.839576746	5.588574982	6.096432851	5.746578189	5.447295898	4.960320536	5.031324072	4.756290911	5.557075487	5.151184984	5.105942005	4.477907483	4.585888749	5.378333489	5.476775403	5.35064518
P1658	0.39448349	0.352532612	0.219593356	0.431120442	0.28796619	0.09248735	0.206718304	-0.079723628	-0.042355424	0.327817389	0.151496888	-0.181300823	-0.12744607	-0.364458047	0.155952132	0.576032277	0.64924058	0.624863429
P166	5.298526564	5.236341156	5.289274381	5.152986539	5.582649726	5.440491453	4.653933216	4.61091207	4.995325138	4.809528558	4.812123321	4.18141396	4.703516289	4.817416237	4.653557027	5.138644849	5.244724759	5.482472482
P1663	0.225167944	0.397633649	0.81637002	0.490246507	0.539005899	0.151184862	0.131656481	0.198280585	-0.056426734	-0.418174658	-0.201439211	-0.080493742	-0.086589709	-0.121885752	0.08549299	0.323810389	0.328176663	0.264533752
P1674	0.13639445	0.337921151	0.466730736	0.246451171	0.771630972	0.332353816	-0.423884024	-0.056770895	-0.379616515	-0.239811679	-0.76655444	0.177644253	0.450819594	0.130337815	0.366705922	0.54842665	0.122573301	0.040372752
P1684	0.157887432	0.471796629	0.100319442	0.481747727	0.244029333	0.293306645	-0.245013298	0.197599017	-1.329597502	-0.359789734	-0.088536365	-0.890135373	0.161077953	-0.175892709	0.675926181		0.36972865	-0.638420204
P169	5.375463851	5.637409022	4.957586476	5.286023923	5.044902275	5.519004491	4.967237233	4.841012419	5.114716157	4.75739009	4.881864943	4.701607692	4.49638686	4.52982675	4.366923452	5.592082309	6.084410588	5.681025741
P1694	-0.209994021	0.034992874	-0.341969078	-0.139464042		-0.072145641	0.390312226	0.233259167	0.074235904	0.076993179	0.174177741	-0.196228428	-0.111066311	0.326820937	0.122086042	-0.927785939	-0.863250505	-0.378453206
P170	4.245730423	3.36607578	3.824128073	3.637394757	4.134122841	3.773069225	3.958879473	4.326572722	4.388901623	4.875395529	4.092046077	5.104342996	4.821452429	4.59723666	5.310183541	4.370386533	4.130056941	4.514938564
P1700	-0.306585889	0.046997333	0.229091249	-0.607056501	0.231967503	-0.214989191	-0.879520955	-1.070405815	-1.067604133	-1.200199552	-1.236927284	0.174520769	-0.737785756	0.190854931	0.239774151	0.24629814	-0.156259461	0.259171743
P172	3.634170249	2.121697979	3.133782246	2.792066832	3.186709951	3.044815014	3.192086013	4.155604691	3.875065054	4.526878427	3.463180917	5.20193397	4.807662718	4.719788237	5.684482546	3.338836253	3.274167247	3.505114302
P1763	-0.354278569	0.265379419	-0.35143022	0.179237877	-0.27212745	-1.010414997	0.374249644	-0.726383199	0.172510394	-1.629012035	-0.046539578	0.095636425	-1.515919656	-0.275704552		-1.523349169	-0.487626314	-1.730306026
P177	4.555005389	4.902906864	4.920184662	4.842263238	4.756245326	4.853699208	5.010308517	5.198810289	5.102001766	5.15679456	4.79685888	5.42222141	5.049946799	5.206366005	5.32811351	4.47863606	4.453936708	4.418975184
P178	5.505864854	5.790740986	5.691370712	5.913853028	5.762126331	5.599104168	5.302352765	5.035054489	5.302607049	4.771799451	4.228201197	5.189855719	5.351536445	5.26903527	5.361357224	5.532838646	5.513081936	5.243702903
P1797	-0.190401335	0.284398798	0.30733708	0.232405436	0.040884708	-0.016542088	-0.062440067	-0.156547602	-0.106238528	-0.09161817	-0.362773304	-0.191651676	0.037883025	0.176445188	-0.199103406	-0.184658055	-0.119763013	-0.179164772
P18	9.273812994	9.63685553	9.505996273	9.64245652	9.381276337	9.787699167	9.821160043	9.839692207	9.851998863	9.796883785	9.613875609	9.747555986	9.735012526	9.763646458	9.768898477	8.957873545	9.248761627	9.219677751
P1814	-0.189227547	-1.000651501	-0.284841197	-0.831868482	-1.433701515	0.195851461	-2.142399455	-1.030771908	-1.564022914	-1.502865072	-2.106347744	-0.638487264	-1.83948606	-1.068255564	-2.689383592	-0.877474638	-0.855350851	0.407085852
P1826	-1.271214972	-0.014678594	-1.07473825	-0.200555596	0.554845488	-0.237904117	-1.539208466	-1.85025382	-0.784767248	-1.976167999		-1.246620791	-2.045847264	-1.325775497	-1.581967713	-0.667682221	0.301209897	-1.455627096
P1834	-2.860587279	-1.267912098	-1.276486589	-1.6546143	-1.920839218	-2.132229001	-1.275059231	-1.146421335	-1.635990375	-1.029688051	0.07699059	-0.987335227	-1.22901591	0.119792328	-1.795232088	-2.416288012	-1.919055648	-1.474235286
P1836	-0.425413664	-0.091924719	-0.105677986	-0.323254422	-0.385026984	-0.265794301	-0.577801795	-0.596231543	-0.72233097	-1.009161205	-0.932014383	-0.015027083	-0.875328212		-0.167343462	-0.115352634	-1.157480737	-0.543314701
P1841	-0.209983666	-0.098583328	0.319031887	0.20808332	-0.236057621	-0.000204298	0.001848691	-0.955830858	-0.774914332	-0.732408942	-1.678214184	-0.731675512	-0.5848482	-0.734836399	0.022367567	0.383757868	0.238042502	-0.542425591
P1858	-1.623899304	-2.509269917	-1.964231559	-2.218718576	-1.759947635	-1.991543905	-1.900666983	-1.051712938	-1.020334002	-0.478094407	-1.142032958	-0.418146126	-0.594604096	-0.82968748	-0.135205578	-1.272652597	-1.847317125	-0.949966107
P1859	0.156370475	-0.488554211	-0.450991426	-0.660007415	0.510148907	-0.391877145	-0.493430477	-1.419511118	-0.532992466	-0.948539604	-1.120944239	-0.331159155	-0.893295586	-0.663034703	-0.058186614	0.110098269	0.34674083	-0.18514476
P1878	0.436227622	0.234521988	0.351698397	0.198857918	0.487158705	-0.072487205	0.27953523	-0.19377528	-0.02114192	-0.077120586	0.159453643	-0.201161183	0.100853967	-0.040412375	0.219335899	0.23782911	0.405605645	0.099379953
P1879	0.234074852	-0.039313273	0.319804378	0.355143746	0.14283798	0.053088783	0.417482055	-0.703812468	-0.594589789	-0.522541187	-0.912236975	-1.428856208	-0.618043224	-0.589759489	-1.296153702	-0.086500612	0.544600791	-0.355154691
P1893	-0.265331895	0.090805044	0.49615818	-0.349274149	-0.902425974	-1.086434612	-1.447976467	-1.440907585	-1.843264595	-1.873902341	-1.47812494	-1.905981888	-1.613912558	-1.479299897	-1.030940983	0.2465584	-0.33020393	-1.964108576
P19	9.070608144	8.105420665	8.686104718	8.154351585	8.689550827	7.889557709	8.741115202	8.985051762	8.900606599	9.381711739	8.817902904	9.059286715	9.312663619	9.207957557	9.536204111	8.328688304	8.28223772	8.522798904
P1902	-0.262776884	0.353667098	0.363480356	-0.523580403	-0.248990804	-0.678139637	-1.623247546	-1.493949661	-2.817335023	-3.059068049	-1.317075699	-2.966919428	-2.358875863	-0.711451824	-3.724813287	-0.139636273	-0.540125164	-1.133930014
P1907	-3.107916774		-2.787084817	-1.698570637	-2.216934482	-1.667342542	-2.296511528	-0.641909391	-1.299626726	-3.172661566	-2.001988244	-0.114078459	-0.603691277	-2.302634806	-0.334256686	0.02092271	-0.274404017	-2.28011879
P1938	-0.577605963	-0.041895356	-0.016633252	-0.011676648	-0.433447392	-0.180402547	-1.148574646	-1.397027224	-1.900434575	-0.407341569	-0.456986154	-0.666301052	-0.215111935	-0.019164477	-1.002257863	-0.868594468	0.103844832	-0.737653466
P1947	-0.020848447	0.041093502	-0.072853488	-0.074320535	-0.047899784	-0.145891066	-0.116266561	-0.619125337	-0.318774622	-0.166447977	-0.235676587	-0.401539251	-0.257131548	-0.482450741	-0.08196321	-0.144496662	0.061785382	-0.254683111
P197	4.470644368	5.073982399	4.550565949	4.982437553	4.860892713	5.054597863	3.488402206	4.136399299	4.193706885	4.198305405	3.321445995	3.978935681	3.266395566	4.09021779	2.382161142	4.881916657	5.36121982	5.513558468
P1984	-2.456111766	-1.87069866	-2.120131391	-1.747098988	-2.455186846	-0.682075918	-1.790667587	-0.149181994	-0.681823979	-0.831131183	-1.635622142	-0.849929716	-0.990860573	-0.750879856	-0.688970588	-2.449685642	-2.09614218	-1.770741649
P1987	-2.302221371	-1.017241753	-1.276384939	-1.155581611	-1.548545385	-1.266620568	-0.89350745	-0.964095792	-0.296494087	-0.744636498	-0.936940653	-1.280976018	-1.068240518	-0.657249381	-2.255760785	-0.223581766	-0.623480996	-0.794623578
P1993	0.249273197	0.037272189	0.266334236	0.108502117	0.331154251	-0.277141996	0.137652948	-0.49281977	-0.140171317	-0.227705896	-0.075278415	-0.541371004	-0.095383899	-0.373546224	-0.16561783	-0.054475785	0.180223259	-0.038834442
P1994	0.284215001	0.192576501	0.172537783	0.139045303	0.221958501	-0.039312701		-0.294460403	-0.139707015	-0.059524222	0.194707497	-0.21847188	0.078740926	-0.153455946	0.072760507	0.084979898	0.249591234	
P1997	-0.07157615	-0.393387241	-0.229622073	-0.950439679	0.050102948	-1.622111594	-0.383007197	-2.525525862	-1.985004005	-2.057710625	-1.298614862	-2.113752916	-0.581490463	-1.718018595	-0.467214595	0.184128809	0.214956531	-0.212799709
P202	5.039333967	5.377112352	5.092806793	5.295544102	5.311922646	4.630799886	4.44917267	4.587606208	4.813109686	4.664474329	4.3254535	3.874069128	4.2144816	4.635585156	3.969551944	5.169253048	5.479971133	5.470733439
P2023	-0.733770784	-1.851910422	-0.737766198	-1.882268123	0.306858796	-0.265116233	-1.878295226	-0.56434499	-2.699273317	-0.577819006	-1.012480768	-1.055563895	-2.204709503	-2.665327009	-2.581309351	-2.429048909	-1.31157732	-1.841733806
P2032	-0.89844692	-1.030950377	-0.99600011	-0.835715977	-0.763147846	-0.840996256	-1.107529088	-1.351353606	-1.06149681	-1.044440165	-1.350238986	-1.301847652	-1.41004309	-1.049544898	-1.189424899	-0.95775859	0.355640501	-0.33241398
P204	4.622149931	4.672906822	4.850500352	5.116994639	5.418083171	5.022460361	4.192232687	4.716726058	4.495998559	4.568610841	4.05473875	5.042975855	4.534402405	4.800491161	4.621007832	5.225489665	5.346346136	4.911072824
P2053	-0.965635529	-0.391365895	-0.293765816	0.118855492	-0.361110298	-0.674294356		-1.444289616	-0.614724434	-1.250775895	-0.877424271	-1.21176282	-1.714719073	-0.734622794	-1.943874909	-0.071997671	-0.30519278	0.097736447
P2054	0.269119106	-0.738738222	-0.441205926	-0.340931432	-0.078489267		-0.570443239	-2.183472892		-1.299252431	0.225565572	-2.855424208	-0.991466895	-2.468213384	-1.305579784	-1.114964672	-1.286715808	-1.865271025
P2071	-2.281583971		-2.494304999	-2.744944925	-1.269206709	-2.709660098	-1.339308957	-2.155216699	-1.303679571	-0.887338164	-1.023527326	-1.197982253	-1.206046857	-1.992217145	-2.236612178	-2.859894662	-2.495692481	-2.281922161
P21	9.226951036	9.086833529	9.297127762	9.730616223	9.589718852	9.839062591	8.655403053	8.914139095	8.861578081	8.779836349	8.83572615	9.52896053	8.861154901	9.039197164	9.051764141	9.645909759	9.933666413	9.488496269
P2117	-0.17970804	-0.3309989	-0.070880643	-0.625021807	-0.86860402	-1.138138381	-0.750335712	-1.722581281	-1.751504359	-1.025173612		-0.994401601	-0.071122218	-0.931388664	-0.345930372	-1.624099499	-0.492445067	-0.216171868
P2130	-1.020232534	0.00131465	-0.127317506	-0.537805773	0.077121134	-0.307932082	-0.902078911	-0.825658421	-1.32170182	-0.715124665	-1.029892432	-0.427967789	-1.305726885	-1.802927004	-1.695612459	-0.333120191	-0.237415392	-0.554502433
P2132	-0.957923885	-0.789795812	0.110428324	0.102023801	-0.166190881	-0.203242371	-0.293599634	-1.490135469	-1.195304757	-1.942199557	-0.404014229	-1.888458708	-1.735392168	-2.420679685	-1.85401146	-1.298092645	-0.372738851	-0.350943851
P2157	-0.365836952	-0.441651914	-0.297975141	0.073885251	0.089682211	-0.771842283	-1.778167928	-2.086071064	-0.919042354	-1.195833002	-0.559544241	-1.662449678	-1.520415465	-1.503340263	-2.786412752	-1.047468196	-0.237981239	-0.97278345
P216	5.426083552	4.845433995	5.52378211	4.996746087	5.265976648	5.17236845	4.852768356	4.343882423	4.875996889	4.650993521	4.456713606	4.220956822	4.183222416	4.499520879	4.416761691	5.155878925	5.33460912	5.162069243
P2169	-0.34546283	-0.592556214	0.14316342	-0.039438163	-0.393886414	-0.723733994	-0.445731317	-1.098490204	-0.919295713	-1.409223724	-0.606129775	-1.24026036	-0.679772179	-1.287034996	-0.170566018	-0.784170051	-0.112602672	-0.436395092
P217	4.544591748	5.115675217	5.109320672	5.308094739	4.899800604	5.186745984	4.096567436	4.742369283	4.547705116	4.479211211	3.811442299	4.797963424	4.148370172	4.805295876	4.275591448	4.996107097	5.337202261	5.252749859
P2178	-2.094363057	-1.049528217	-1.302213511	-1.468499057	-1.517744405	-0.969785846	-0.982253599	-0.984026251	-0.890886367	-1.11497404	-1.213526101	-0.458953009	-1.168874684	-1.135776602	-1.324785042	-1.445784829	-1.138530248	-1.380055602
P2179	-0.941905443	-1.138003987	-1.208620402	-1.8690881	-1.035037175	-0.210474242	-1.775852936	-1.656678715	-1.265318662	-1.418082302	-1.782332317		-1.877466976		-1.390518452	-1.972894657	-1.296041691	-2.154296901
P219	4.727288098	4.815801401	4.795414806	4.789051084	5.109862507	4.44475143	4.018107799	3.626384619	3.907442616	3.924114614	4.077018124	4.185370014	3.729786652	3.63559969	3.391838407	4.964188157	5.140916294	5.309748371
P2192	-1.055774581	-0.206385681	-0.617308679	-0.818995331	-0.896850686	-0.236826034	-1.382985781	-0.829751127	-0.749780564	-1.762770247	-1.235188537	-1.04373283	-1.400246175		-1.613209007	-0.716827957	-0.573305408	-0.936751546
P220	3.509180932	3.960918537	3.523896812	4.348534668	2.986239098	3.43961868	4.709762061	4.622924031	4.847180608	5.149274467	4.364873064	3.184384984	4.46693715	4.88333654	3.602746407	3.025104769	3.473830944	4.414437255
P221	4.89190247	5.123243563	4.772220809	4.909827308	4.985128404	4.96265281	4.842508599	4.440702483	4.529983945	4.922843412	4.454701464	4.53872814	4.492984968	4.41506845	4.599330774	4.897297863	5.088366443	4.742390798
P2223		-2.338454427	-2.461058665	-2.119040402	-1.934507154	-1.48154813	-1.607084627	-1.060153939	-1.312080672	-1.502302579	-2.078262037	-1.516133346	-1.896027829	-1.535642645	-1.8926507	-2.185183286	-2.412956849	-2.492363354
P227	3.265071728	1.855708685	2.606250579	2.337546409	2.71029742	2.608130357	2.868891216	3.601414483	3.458634412	4.063527674	3.113336348	4.418553255	4.051530108	3.850817679	4.795074846	3.058178	2.884893614	3.181291848
P2271	-1.6401316	-1.415799454	-1.718318015	-1.884051611	-1.252334769	-1.970356416	-1.547233301	-1.901504935	-1.222641051	-1.015006276	-0.824857167	-0.698534018	-2.181869882	-2.280312891	-2.581579063	-1.751236427	-2.17349161	-1.882627069
P2279	-0.672930033	-0.528017565	-0.578708262	-0.447025809	-0.655032314	-0.438812818	-0.674891372	-0.761337219	-0.712853863	-0.891540635	-0.736233801	-0.590857155	-0.626300423	-0.512020064	-0.326517703	-0.780849396	-0.351106591	-0.823644492
P2284	-2.199186464	-1.206046136	-1.536848945	-1.719993548		-2.057867519	-0.227623742	-1.078802021	-1.209495293	-0.345320149	-0.231540942	-0.735592061	-1.010096426	-1.46782327	-2.531104865	-0.460497078	-1.77026846	-3.844356515
P2288	-1.978052	-3.299496205	-2.5776009	-2.639018176	-2.804172389	-3.129276579	-2.518630196	-2.267304982	-2.383319689	-2.493815258	-2.290402442	-2.195196887	-1.0832078	-1.54570503	-0.130947176	-2.194454614	-1.966085588	-2.255811424
P229	3.874389309	2.969978277	3.528985673	2.998021336	4.067059495	2.909011058	3.893171414	4.230140153	4.018022044	4.638437789	4.163017126	4.375707393	4.807993212	4.696527664	4.545530023	2.738464444	2.985260335	2.932463294
P2309	-1.267372409	-2.742942683	-2.169019596	-2.22571864	-1.889576103	-2.235904692	-1.754528782	-1.123952496	-1.233291971	-0.788210369	-1.654772508	-0.897533846	-0.895529131	-1.351430685	-0.423855416	-2.050119956	-1.780400262	-1.143957558
P2317	-1.484749766	-0.318173526	-0.77246004	-0.250158237	-0.875669703	-0.526080269	-1.402304772	-1.466479071	-0.931679544	-0.840023679	-1.687246589	-1.086435862	-1.532045593	-1.210121013	-1.871135709	-0.442313608	-0.784696124	-0.238315658
P2329	-0.156983906	-0.456758397	-0.566080146	-0.141369614	-0.378791238	-1.768557608	-0.778189666	-1.843514826	-2.126489704	-2.103374081	-0.335477766	-3.150973051	-1.32223237	-1.095334103	-1.989775815	-1.275122132	-2.048876639	-2.444009466
P2342	-1.034732901	-0.201204198	-0.593576612	-2.306356379	-0.322200812	-1.06342878	-1.005534331	-2.585722037	-1.166905971	-1.977932496	-2.165845002	-2.442856314	-1.6342054	-2.008766745	-0.997123962	-1.704767241	-0.823743831	-3.071021753
P2349	-1.14743019	-0.215220413	-0.751357617	-2.17957052	-0.50526655	-0.602614644	-1.389652473	-1.864926408		-0.676351174	-0.990641741	-1.427265588	-2.78412656		-2.015374179	-2.082339514	-2.230785764	-0.993786393
P2355	-1.543975379	-1.424503049	-0.609556556	-0.535208475	-0.243577993	-0.426554722		-1.35053493	-2.298554426	-2.233733079	-2.606651845	-1.408530546	-1.012593995	-1.510804042	-0.32888778	-1.594529208	-1.704172502	-1.840980098
P2358	-1.576717216	-1.0659572	-0.775715442	-0.409798177	-0.772594032	-0.467158791		-1.922727742	-1.490947881	-3.457636199	-2.188870684	-1.977426826	-2.253359479	-2.04326814	-2.340556567	-0.275223512	-0.995250088	-0.595207681
P2362	-2.510272961	-2.972171664	-2.172548252	-2.264932191	-2.389740464	-2.43512906	-2.158550798	-1.674201097	-1.986267685	-2.216074028		-2.017831086		-1.768969413	-2.804076315	-0.691487909	-0.666739902	-1.280430122
P2365	-0.769338369	-0.565629467	-1.459249094	-0.193856295	-0.381972169	-1.061550481	-0.820130781	-1.464264107	-1.135049197	-1.591388659	-1.62313399	-2.739579545	-1.047936574	-1.427698555	-1.831782054	-0.502647481	-0.975604036	-0.42413412
P2384	-0.800615234	-1.360029119	-1.631912309	-0.596661838	-0.513115079	-0.92276164	-1.246387154	-0.65660981	-1.647668288	-1.406688039	-2.215042673	-2.426698651	-2.513580037	-1.131302628		-1.971406243	-1.528387679	-2.01839183
P2400	-1.293415666	-0.279998997	-0.358996465	-0.344457821	-1.808917463	-0.690665458	-2.205305171	-1.771626718	-1.077133725	-2.79720114	-3.07969963	-1.950345894	-0.597019254	-0.970057938	-1.0133507	-0.475471359	-1.287821935	
P2406	-0.3620138	-0.594956551	-0.375278364	-0.45963419	-0.414894253	-0.654992078	-0.310773368	-0.917482052	-0.80751304	-0.67215668	-0.362204157	-0.737852112	-1.011953748	-0.747030142	-0.559941757	-0.685064841	-0.548417403	-0.612481627
P241	4.042517032	3.275638981	3.538671052	3.404096585	3.693292922	2.987169973	3.473550821	3.528609809	3.725288865	4.351166835	3.637205329	4.154438008	4.054260966	3.864585732	4.358361871	4.007138706	3.926667151	3.785006627
P2413	-1.211846715	-0.924587566	-0.335126483	-0.923821318	-0.190809145		-1.506898522	-1.515393116	-1.553526709	-1.702799671	-2.035630403	-1.144850998	-1.404675189	-1.436091307	-1.398014066	-1.129419902	-1.302393098	-1.559729654
P242	4.581305305	4.739569644	4.821117493	4.936697507	4.739670869	4.908448878	4.341461819	4.491569162	4.255804138	4.6596608	4.277517365	2.938893569	4.024959742	4.254997542	4.198860139	4.543259048	4.579210175	4.75814316
P2420	-1.296088875	-0.298420849	-1.727361744	-0.592854141	-1.765002129	-0.94015389	-1.912064458	-2.315745144	-0.538031221	-2.921187042	-2.549000289		-2.084447459	-2.311583716	-3.237299887	-2.288763199	-2.350383864	-0.931944579
P2429		-0.309990777	-0.588211627	-1.746869843	-1.622014319	-1.139115191	-0.848082209	-3.250701166	-3.021284322	-2.658692617	-2.147697496	-3.597314337	-3.052131959	-2.791800568	-1.733373957	-2.735359387	-1.177934266	-1.858722518
P2430	-1.477772393	-0.931398191	-2.138408995	-1.268998607	-1.887410262	-0.511284694	-2.744041434	-3.564142005	-1.72388112	-1.435054589	-1.68719542	-3.671005399	-3.804013844	-0.726939744	-1.997856601	-3.507983909	-2.361405269	-1.171889217
P2445	-1.49593508	-0.605480361	-1.80409825	-0.893475902	-0.651129194		-1.580958265	-2.078760357	-1.961957807		-2.0256366	-1.401851188	-2.566650969	-2.123526256	-2.123249022	-1.715126592		-0.653089991
P2446	-0.742675082	-1.892875159	-1.020302337	-0.321848088	-0.426998651	-0.530185771	-1.759097316	-1.805509591	-1.29645994	-1.189228567	-0.641815936	-1.351533031	-3.01374774	-2.372704429	-2.709161685	-1.51373662	-1.666200376	-1.536954457
P2447	-1.257658918	-1.069848439	-0.577550862	-1.583882012	-1.14792206	-0.832083685	-0.721944713	-2.791711194	-1.386717653	-1.899970793	-2.142588304	-2.114805837	-0.867690414	-0.903929812	-0.313475933	-1.413120796	-1.702593689	-0.629905652
P2451	-1.003758139	-0.880401554	-0.966250576	-0.907592155	-0.74957095	-0.972044697	-1.089913454	-1.138911222	-0.994076852	-1.032968331	-1.00729145	-1.167894645	-1.123960028	-1.007329133	-1.005279039	-0.915882445	-0.895607289	-0.933353397
P2468	-0.71312661	-1.019957418	-0.280542334	-0.632018084	-0.348669101	-1.230886793		-1.944317862	-1.529867036	-1.711443155	-2.396028603	-1.540818788	-3.539288699	-1.818279892	-0.67636406	-0.817993902		-1.448629755
P2477	-0.906303078	-0.893537178	-1.204945057	-1.058083769	-0.970925052	-0.552634338	-1.021250225	-1.527797446	-0.843108713	-1.452113033	-2.038291554	-1.686704644	-1.280212992	-1.601165295	-1.602750766	-0.963845173	-0.840747544	-1.349377205
P248	3.979941115	2.866958866	3.430110559	3.406199756	2.603871624	2.63216525	3.63150799	3.892984746	4.047072673	2.966932444	4.337039696	2.498761629	3.906292159	3.92207596	3.712987253	3.826953744	3.588726656	3.895476847
P249	3.939630947	2.844001	3.172795535	2.86868838	2.679833676	2.278992918	3.68045633	4.054519862	4.101510751	3.527348979	4.43585966	3.078873419	4.298939121	4.313322382	4.025618316	2.948074451	3.08523579	3.092095961
P2499	-0.407814887	-1.389963051	-0.686818842	-0.321637441	-0.502719233		-0.721304871	-3.426594284		-2.796618859	-0.924333574	-2.579221391	-2.873451797		-3.171626991	-0.537438384	-2.092956357	-3.467247046
P25	9.196279015	9.146910991	9.215770826	9.156432425	9.510403119	9.361742711	9.091048007	9.133688656	8.958329154	9.205914211	9.117082036	9.091346989	8.901302964	9.076668842	8.839795077	9.071912705	9.13349857	9.062156985
P2501	-1.538947425	-1.389097191	-1.554713213	-1.545976307	-1.372738501	-1.533667893	-1.557301713	-1.748973109	-1.579372278	-1.57928265	-1.670492451	-1.66609619	-1.666711531	-1.523688083	-1.511704365	-1.550803398	-1.42178149	-1.517343057
P2507	-0.431300194	-0.384589527	-0.967664033	-0.705732715	-0.50619262	-2.066372877	-3.346318737	-2.582525783	-2.00730674	-2.911835368	-0.68578494	-3.331961361	-1.281022835	-1.895501578	-0.382796024	-0.746817409	-0.472239215	-1.143641916
P2515	-1.166312373	-0.390490972	-0.339367453	-0.887070404	-1.499947804	-2.003508727	-0.971752422	-1.554563285	-3.002491221	-1.730009658	-2.097135903	-3.05062847	-1.968449423	-1.950598326	-1.974759256	-0.889300168	-2.211819813	-1.585831609
P253	3.829545686	2.69935493	3.014514901	2.726872683	2.339574279	1.896680629	3.556037234	3.965831847	3.863252134	3.269089786	4.045544544	2.523908232	4.346080922	4.402551997	3.915623787	3.017423934	2.96682865	3.105917624
P2531		-3.021752989	-2.339471645	-2.493615822	-2.811866767	-2.704139137	-2.009322277	-2.210794634	-1.969182147	-1.751283596	-2.221063401	-2.596295752	-2.928491945	-2.411019443		-2.224692307	-2.384751891	-1.894318416
P2533	-1.043225947	-0.899295645	-1.100185843	-0.763826348	-0.992144337	-0.904089683	-1.123770001	-1.016093476	-0.997856708	-1.083305557	-1.175803549	-1.190389665	-1.055718934	-1.021777602	-1.001094793	-1.125326629	-1.06115189	-0.968171959
P2536	-2.502041887		-2.808403894	-3.164943597	-3.12897311	-3.334725614		-1.785725869	-2.654868022	-2.097870873	-2.889418806	-0.857918518	-1.951422466	-2.222395668	-1.180864368	-2.576841345	-3.018304508	-2.382826776
P2542	-0.243817475	-1.250669574	-1.511856654	-3.173473554	-1.033027094	-1.139487732	-2.659719691	-3.161349156	-3.039121454	-3.6549374	-2.318926822	-3.208586702	-1.449352782	-2.118440889	-1.577197703	-3.234816691	-2.838455599	-1.797318985
P2543	-2.028573495		-2.468338503	-2.569043561	-2.599104358	-2.793398584		-1.962659129	-2.380190362	-1.611479182	-2.405541997	-1.278958829	-1.630399102	-1.606136375	-0.908877783	-2.221230152	-2.287224578	-2.070710127
P255	4.485589378	4.836010303	4.086681488	4.379577011	4.18721848	4.658304468	4.148413866	4.022136595	4.234224822	3.889921737	4.004098896	3.816634264	3.605285953	3.747615579	3.510606672	4.744054593	5.204110425	4.797963973
P2554	-1.129711588	-0.434036401	-1.976422793	-1.183513332	-1.49508283	-1.199645717		-2.051760652	-2.002832381	-3.396067103	-1.909805251	-2.063051958	-1.594001133	-0.80442129	-0.804079425	-0.966953553	-1.245067108	-0.767449793
P256	4.443272156	4.654756353	4.73975427	4.735547862	4.713699896	4.564369146	4.519274992	4.400917546	4.475550937	4.386332082	4.342593772	4.424929851	4.576777344	4.718442524	4.862362038	4.464145309	4.576208648	4.434206963
P2566	-2.311713157	-2.587322153	-1.58687098	-2.165148467	-2.554198432	-2.194291287	-1.515154564	-1.845005488	-1.648111963	-1.44834198	-1.623535959	-2.164406455	-2.632537882	-2.079717837		-1.660681378	-1.767901098	-1.432796834
P2575	-1.576736817	-2.706891935	-1.663312875	-1.957905236	-1.719694536	-2.495867242	-1.866252782	-1.682736514	-1.843485747	-1.003074696	-1.87053788	-1.336527069	-1.204227245	-1.550980544	-0.946940954	-1.654769505	-1.632734009	-1.743603285
P2576	-0.440482659	-1.73839616	-0.810474138	-0.413299436	-0.673311695	-1.980825654	-0.514426025	-2.721315977	-1.667403969	-3.031886391	-1.883660133	-2.613825267	-3.405513343	-2.356526734	-0.771469289	-1.240851864	-0.517745853	-2.224246871
P2577	-1.238492544	-0.56023637	-0.489764392	-0.41338775	-0.635610841	-1.642319609	-0.704514287	-2.302272781	-1.641349857	-1.598271662	-1.532286997	-2.018857838	-2.251732362	-2.114019486	-2.878773019	-0.771579789	-0.713173657	-1.095674918
P2582	-0.8756856	-0.97432737	-1.362817441	-0.874770773	-0.719984944	-0.675684266	-1.791577665	-1.846425076	-1.457949432	-3.092911402	-1.933843605	-2.576516906	-3.106930553	-1.983861278	-2.195571081	-0.718504754	-0.302520568	-1.666478377
P2608	-1.296874486	-1.352210134	-1.474962054	-1.481082369	-1.47951538	-1.343919527	-1.291502033	-0.99315642	-1.074742137	-1.180935331	-1.254154559	-0.952233466	-1.337029719	-1.787619076	-1.414955903	-1.255989	-1.095760934	-0.83990626
P261	3.267947733	4.358517685	3.789869777	3.39600163	2.534723931	3.733756673	4.63331601	4.531940906	4.521917641	4.374290279	4.031859747	3.372015836	4.5059234	4.438846277	3.905508874	2.787824036	2.98448796	3.221788347
P2628	-2.188358306	-0.619776353	-1.926937465	-0.579158897	-0.827331588	-1.969910026	-3.193452142	-2.466107268	-3.15717494	-2.590921558	-1.115469898	-1.880227503	-2.175514489	-2.209981647	-2.054587183	-1.409349019	-1.910079051	-1.726460192
P2649	-1.260844139	-1.415793464		-1.885485531	-1.342358582	-1.895552881	-1.070480265	-1.237985596	-1.201088369	-0.757750879	-1.425613071		-1.889559314	-1.822108701		-1.602517171	-1.378084729	-1.63653989
P2656	-0.706109898	-1.333905507	-0.596167181	-2.035834307	-0.463244435	-2.608024862	-1.836081911	-2.754281157	-2.325075186	-2.622536255		-2.461228425	-1.813500002	-3.276294102	-1.03622556	-1.49338826	-1.465842763	-1.765924602
P2665	-1.917286646	-1.23683557	-1.582215398	-1.201945866	-2.835167272	-1.739013793	-0.646832215	-1.246558554	-1.474495015	-1.378282415	-0.825514338	-1.031466885	-0.718027396	-0.986549001	-1.521613912	-1.809461146	-3.02257256	-1.64006241
P2668	-1.35069589	-1.837632649	-1.294768658	-1.243377532	-1.171772988	-0.929390225	-2.020343272	-1.817543029	-2.231733527	-1.813876354		-1.541592152	-2.783875608	-1.631522504	-2.049151089	-1.315813823	-0.810230973	-1.390943158
P2669	-0.760129689	-0.926457752	-0.945623613	-0.93629003	-1.06134656	-0.847744296	-1.157046751	-1.346712947	-1.296002603	-0.781086947	-1.424034274	-1.084364912	-2.046684601	-1.782967908	-1.419425493	-1.073174513	-0.695634154	-0.996406769
P2672	-1.101196635	-1.48571398	-1.526336037	-1.612731412	-2.181317591	-2.497045112	-1.17039063	-1.439284065	-0.897510943	-1.185215066	-1.123669953	-1.035340376	-1.228082672	-1.15449392	-0.980574981	-2.771438239	-2.344150642	-2.562608094
P2673	-0.826913277	-0.949149666	-0.646003977	-0.60652654	-0.643496642	-0.785012624	-1.788040979	-2.252692865	-1.489416087	-2.29836233	-1.782082537	-2.187968876	-1.822005833	-1.736868054	-1.960735041	-0.660280484	-0.468588478	-0.807981116
P2682	-0.426438162	-1.357079031	-0.914642793	-1.303349895	-1.252187202		-1.269923375	-2.643630381	-2.124905993	-2.093888157	-1.312230689		-2.131565882	-2.931446125	-1.108042904	-1.227767078	-0.613404448	-1.421532383
P2719	-2.43895523	-2.564809825	-2.132036166	-2.366617325	-2.129609993	-2.606146046	-1.996898052	-1.852067398	-1.807814542	-1.837120849	-1.796839769	-1.113167511	-1.199695733	-2.013438875	-0.78706151	-1.495686477	-2.147404241	-1.850367925
P272	1.479922135	1.214307058	1.184399189	0.561813356	0.706812136	1.723179355	2.158383546	3.579274431	2.983247656	3.497946581	2.46398728	4.205630678	4.227031815	4.539404134	4.672311004	1.399739908	1.722635966	1.653965436
P2737	-1.4275951	-1.266785052	-1.38313967	-1.14365411	-1.496481822	-1.45513792	-0.925246195	-1.065567512	-1.307170894	-1.268166851	-0.997400918	-1.246501824	-0.990210512	-1.109935573	-0.88174196	-2.069690684	-1.772285085	-1.785401643
P2749	-0.505753843	-1.599282622	-1.766833936	-1.500538916	-1.423544852	-2.050329724	-2.055900169	-1.958470015	-2.354404032	-1.759040899	-1.274423518	-1.768543956	-1.728404606	-1.831295171	-2.337425389		-2.222234284	-2.264342702
P275	2.316140159	1.352415517	2.190903505	1.45881234	0.912092316	1.711550143	2.456304119	3.570763142	2.990853173	3.551031427	2.629437557	3.800912665	4.193922966	4.475181145	4.28037142	0.9744643	1.379668046	0.243173323
P2779	-1.401814246	-1.170872449	-1.324357388	-0.675881795	-0.996415957	-1.236041535	-1.485863873	-1.689913731	-1.465382716	-1.415715972	-1.593045616	-1.650164671	-1.406661267	-1.340596296	-0.977672289	-1.094794678	-1.195572556	-1.186501378
P279	4.298118111	3.97190033	4.543410875	4.22587261	4.675119741	4.309154705	3.556952919	4.017608914	3.926468582	4.305639376	3.525545955	4.322705436	3.600549932	3.865243392	3.776567589	4.005995545	4.218157892	4.165178356
P2791	-1.556689035	-1.451142906	-1.20355341	-1.170486956	-1.318636846	-1.192193399	-1.653091831	-1.413775158	-1.458716197	-1.492494197	-1.713086315	-1.44756919	-1.376483651	-1.06695057	-1.144412031	-1.733117442	-1.48347067	-1.45840757
P280	4.714703021	3.351599054	4.905548054	3.933728665	3.886472117	4.185398166	3.062798317	3.729655094	3.436423427	3.167595417	3.30780837	4.092201371	3.405919014	3.669414839	3.483974177	3.733212785	3.864452806	3.547070361
P2803	-2.211204161	-1.734860255	-2.87020149	-1.697503476		-2.744776268	-2.004275351	-1.600172978	-1.566301906	-2.067924254		-2.059994909	-1.477652368	-1.709210349	-0.743286831	-1.340889628	-1.354427859	-2.281104371
P2819	-0.710921022	-1.121207302	-1.06669472	-2.355808603	-1.350282979	-0.983796745	-1.669309287	-1.725362207	-1.612140858	-2.586959845	-2.623533127	-1.79654979	-1.729047185	-1.919809485	-1.469778472	-3.089022337	-0.725706337	-2.417916492
P282	3.879125439	4.310590517	4.040240287	4.222270601	3.464855425	3.942985833	4.616028673	4.051355211	4.463206081	4.252265322	4.478989415	4.084527369	4.423712013	4.435031288	3.91319846	3.508213111	3.889334291	3.928633305
P283	3.636555573	4.247055612	3.703583891	4.118039784	4.079367278	4.244604757	2.611873945	3.257990488	3.328117638	3.30453451	2.4332755	3.092093104	2.504230393	3.220981169	1.545025486	4.019221787	4.539122045	4.660927369
P2833	-3.345897299	-2.394257109	-3.045160045	-2.339381575	-3.217153333	-1.377920128	-2.285657723	-1.207036774	-1.457419063	-1.85881004	-2.438504436	-1.511407102	-2.151000218	-2.291302582	-2.140416176		-3.180014534	-2.534527742
P2842	-0.642581121	-1.211619259	-0.944429138	-1.19489402	-1.15148378	-1.714761105	-1.250501728		-1.748950223	-1.604649286	-1.233509606	-3.136716651	-2.071626909	-1.82469593	-2.048421845	-2.229212495	-1.001344631	-1.509150737
P286	3.649947856	3.797680424	3.587101656	3.472392441	3.512061608	3.616961568	3.857094609	3.909611243	3.812205674	3.731500915	3.727516123	3.986489482	3.450713337	3.321957736	3.516842296	3.469504501	3.877455194	3.270228084
P288	3.561004573	3.730823481	3.513158729	3.384017985	3.462717571	3.589405374	3.794163624	3.883469956	3.796948818	3.690959538	3.680957438	3.908514531	3.382854621	3.21990311	3.40725147	3.370976803	3.857166049	3.157992993
P2880	-2.138265066	-2.387418648	-1.607563224	-1.924744378	-2.263586868	-2.258137539	-1.084805194	-2.025304105	-1.162943131	-1.077867765	-1.673108142	-1.753361411	-2.776123049	-1.70077195	-2.628998356	-1.236576946	-1.711967613	-1.427379539
P2885	-1.095263793	-1.706854172	-0.837748522	-1.545284803	-1.605877304	-1.226780711	-0.837281719	-2.312433598	-1.117958242	-1.740348593	-1.382751576	-3.642418915	-2.544196962	-2.082468277	-2.016169347	-1.858151883	-1.711469507	-2.732824267
P291	2.538153377	2.540935557	2.917841983	2.83437666	3.537707245	1.392154381	3.289196822	3.382043274	3.42059836	3.800936141	3.529620973	3.598446423	3.791259919	3.564716591	2.879806876	2.237062854	1.739935742	1.836632914
P2965	-0.841809577	-1.491169354	-1.095462865	-0.941779509	-1.579214613	-2.036607182	-0.904590082	-2.582291808	-2.016901818	-2.113797328	-1.552998388	-2.393070385	-1.659468197	-2.18284738	-2.619811072	-2.503618062	-1.145407411	-2.521319012
P30	8.643656494	8.939060259	8.821627217	9.014044817	8.847252109	8.843112625	8.627550596	8.588672262	8.612039214	8.572132749	8.40679908	8.465457736	8.408738642	8.597042391	8.51079407	8.69469553	8.966262733	8.703941353
P301	1.563444864	2.879319401	1.655456139	0.923273889	0.806833693	2.680687316	4.750091136	3.914276174	3.889308721	3.571939766	3.216377861	2.152510108	3.51904255	3.542383899	2.176856339	0.505498466	0.8791096	0.925657519
P3053	-2.100544229	-1.789982547	-2.580835958	-1.719444333	-1.983482687	-1.454604485	-2.895178657	-2.058517438	-2.089001842	-3.019241159	-2.81427587	-2.131799318	-2.302166146	-2.623883833	-2.629554879	-1.611501729	-1.62859687	-1.834303031
P3064	-1.894407917	-1.782270825	-1.865769037	-1.632433347	-1.650322315	-1.71903634	-2.21423684	-1.953485097	-1.817205631	-1.802618915	-2.274138576	-2.041114276	-2.099792056	-1.822392181	-1.853248866	-1.684984652	-1.906950786	-1.80927767
P3099	-1.77383902	-1.51453301	-1.806297779	-1.67991175	-1.404699278	-1.563593578	-1.949604104	-1.801734492	-1.635854017	-1.772414339	-1.947829394	-2.087237355	-1.774049698	-1.772629691	-1.665832269	-1.904420924	-1.762552838	-1.70499034
P31	8.788421261	8.796393812	8.929763816	8.965688974	8.838467998	8.840857284	8.65083892	8.547770963	8.48910517	8.730484727	8.561603577	8.488455283	8.28662592	8.42717575	8.473561506	8.694018159	8.844997298	8.794270391
P3104	-1.927152542	-1.677458407	-1.693613647	-1.554158131	-1.701748832	-1.45842029	-1.710505291	-2.011699278	-1.875100104	-1.511230446	-1.750842277	-2.136122046	-2.529383696	-1.96960555	-1.753165575	-2.072219746	-2.156159071	-1.895455194
P3143		-1.899325768	-2.065829655	-2.104623204	-1.464359096	-1.709877327	-2.000534627	-2.222999197	-2.344177989	-2.217298668	-2.046861938	-2.329339828	-2.021474778	-2.060146708	-2.157047439	-2.08002014	-1.926527926	-2.571106476
P3150	-1.338029386	-1.851161166	-1.738085216	-2.068683236	-1.262810771			-1.944912779	-2.149815309	-1.895196974	-2.154227014	-2.479921047	-1.782560813	-2.49515805		-1.525472888	-2.399272836	-1.398297395
P317	3.066217298	1.973477549	2.486612753	2.01496641	2.885276048	1.895682913	3.249682482	3.647517886	3.488600116	4.046864588	3.432192394	3.806641221	3.964648793	4.110794402	3.97407522	1.436871752	2.008293551	1.462734608
P322	3.748959009	2.53735047	3.09651075	2.952718512	2.151680422	2.341906715	3.068506541	3.2523014	3.477255153	2.739204129	3.240047405	1.934753031	3.428597262	3.241720095	3.163549876	3.77350062	3.697327617	3.683136731
P3241	-1.707898375	-2.618998814	-1.446142154	-1.840941043	-2.247786502	-1.970321536	-1.643182393	-2.295568839	-3.317428465	-2.470428472	-3.744383772		-2.289547138	-3.590765924	-2.635803641	-2.924928749	-2.585084585	-2.7866477
P3251	-1.757217363	-1.660635767	-2.042048038		-1.649987344	-1.947579168	-2.264607099		-2.203962135	-2.362926944	-3.262983489	-2.830188643	-3.392642049	-2.428139612	-1.702761342	-2.613202656	-1.944925818	-1.971277139
P328	1.530991174	0.123986518	1.145124265	0.803630229	0.978109569	0.889436892	0.814635582	2.959999631	2.28497282	2.961012424	1.739906921	3.8710295	2.978782216	3.988785897	4.452835794	0.456419623	0.797940313	-0.053755711
P3293	-2.977991323	-2.481041315	-2.865349265	-1.665507598	-2.747726249	-2.617254127	-2.599949238	-3.424151579	-2.870274079	-3.297510036	-3.15068997	-3.208911672	-2.848902434	-3.220207183	-2.947993384	-2.834862213	-2.458241768	-2.421129238
P3294		-2.387734098	-2.681217565	-2.418163183	-2.424202149	-2.422425796	-2.794402496	-2.522122941	-2.531073037	-2.692044821	-2.751408645	-2.710349067	-2.72585885	-2.5867159	-2.717665785	-2.697888806	-2.672052074	-2.352617696
P33	8.50516166	8.613005175	8.743844273	8.927557938	8.563003665	8.819922587	8.482676539	8.42753711	8.408891043	8.549895041	8.334462765	8.332375092	8.161448364	8.303047394	8.421297349	8.593369666	8.920299776	8.691580378
P331	2.743356354	2.223018928	3.56667079	2.947380115	2.535540514	2.89807666	3.597934563	3.353239592	3.657914379	3.770507881	3.554752917	2.91144817	2.309385566	3.033466039	2.449641557	3.468105695	3.401457239	3.863221266
P332	3.406875934	3.804717016	3.61782236	3.790659326	3.510478698	3.90810367	3.988782743	4.017509718	3.990443427	3.941302277	3.776009026	3.887158475	3.883691494	3.932212842	3.919473417	3.088501352	3.39794542	3.368911947
P3338	-2.249622507	-2.267564329	-2.061310237	-2.164730551	-1.931231173	-2.42030855	-2.244699914	-2.513235521	-2.616293528	-2.575835148	-2.37825864	-2.680735213	-2.401593199	-2.368128874	-2.159866708	-2.14209165	-2.16093725	-2.293943103
P3367		-2.421652684	-2.548032464	-2.261689319	-2.357453463	-2.388993057	-2.694268942	-2.540718848	-2.399258483	-2.555917223		-2.850227233	-2.65997413	-2.743365623	-2.481004135	-2.675106925	-2.599347429	-2.4139685
P3371	-2.452437063	-2.189668854	-2.492733214	-2.371190372	-2.21336553	-2.397834882	-2.586344338	-2.61513374	-2.37225694	-2.423690468	-2.685917365	-2.765708504	-2.561256828	-2.497975067	-2.275659728	-2.511085608	-2.496054276	-2.586731228
P339	4.142212086	4.12191122	3.957577046	4.049794375	4.138545112	4.00404809	4.044771617	3.582816671	3.786052794	3.972187788	3.812768246	3.659980226	3.851796458	3.683756106	3.995250052	4.043013633	4.189092246	3.917167543
P345	1.626906939	1.149685473	2.69905094	2.195950229	1.400310173	2.114650705	2.961056645	2.761324394	3.05884889	3.324715016	2.876546976	2.372598267	1.283532953	2.333938972	1.207598008	2.838020732	2.502536338	3.311428489
P352	1.352652867	2.227666113	2.238575589	2.254094582	2.552754002	2.609399601	2.821919006	3.181042248	3.029038264	3.138972238	2.423859807	3.839732403	3.19270191	3.263604514	3.552813648	1.308481306	1.006916031	0.762093705
P365	3.895391401	2.627580189	2.929364036	2.450842103	1.66966938	1.479660396	2.895013467	2.675674383	3.12981365	2.366506355	3.446048747	1.390348524	4.033085693	3.364762691	3.923398542	3.356934071	3.498454873	3.944979948
P367	2.399802442	2.01596408	2.281428371	2.243404207	2.838055973	2.069794813	2.565970521	2.677609108	2.81284736	3.056121686	2.791670135	2.738629446	2.785171219	2.79429468	2.342514474	2.039303848	1.849407875	2.083662155
P375	3.573959914	3.632229485	3.35685987	3.843567345	4.145362187	3.447524016	3.332161027	2.752117256	3.12260166	2.754459257	3.035664807	3.190911856	2.724668631	2.645445066	2.169984452	4.058281011	3.9732133	3.893734628
P381	2.832095435	2.042525249	2.474316061	2.207831719	2.650809379	1.850300298	2.606777932	2.714339907	2.765971617	3.024453154	2.822473999	2.564383101	2.912656989	2.715972224	2.958106748	2.091418274	2.244790442	2.405507976
P384	2.593577415	2.870553788	2.708268179	2.862484848	2.613694914	2.694568442	1.931457476	2.403074677	2.197349223	2.259356954	1.928776066	2.891022868	1.890580484	2.250473656	2.181953778	2.606346032	3.082480162	2.394723023
P385	2.379863378	3.14223919	2.930004731	3.495913647	3.546097184	3.643398459	1.905506586	2.953108722	2.66771499	2.715997423	1.856804719	3.013278026	2.06135502	2.681401226	0.712628287	3.492336683	3.667264462	3.695902651
P395	2.921830627	1.707354593	2.508119209	2.40655323	1.556567104	1.56012804	2.454322851	2.770346833	2.918623038	1.951558543	3.174179703	1.468560487	2.725631135	2.801888846	2.670681335	2.755389039	2.574215794	2.8043219
P396	0.729786949	-0.402823425	1.415379002	0.933961528	1.44438124	1.151452084	2.205192331	2.863512174	2.30887019	2.790441567	2.2593474	2.985154323	3.514586119	3.621573263	3.477451407	0.089033824	0.666580558	0.526993244
P398	3.370611294	3.587311243	3.613087527	3.537907573	3.916645555	3.651625221	3.251788224	3.244160326	3.089180597	3.337252709	3.282235611	3.236781526	3.157831777	3.219797898	3.030312713	3.443293921	3.465813652	2.961150557
P401	1.469620218	-0.12240712	0.54775818	0.439796613	0.653226074	0.619178239	0.978829239	2.292849527	1.529600321	2.310131424	0.802715529	3.453405055	2.606801252	3.507228979	3.577716368	0.350020541	0.391583617	0.835758448
P411	1.754990952	2.157832626	3.944573661	2.540992102	2.591970697	2.286348	2.094279215	1.235869698	1.819341933	1.308253983	2.090936471	1.553209404	2.184769393	1.412705176	1.928681044	2.172149578	3.724322765	2.017085338
P418	3.931697098	3.663785611	3.666943119	3.515260113	3.721831047	2.840545299	3.617005973	2.270128748	3.031294134	2.543683562	3.417667579	1.944760057	3.146710933	2.228218293	3.02419894	3.578932445	3.740646014	3.53370956
P42	8.515192235	8.520163035	8.384831589	8.432487882	8.487712291	8.405383457	8.417784351	7.987526983	8.181693833	8.364819464	8.203483356	8.054480376	8.221854481	8.081528763	8.365788715	8.414852279	8.611563145	8.322870397
P424	1.957804257	2.579980041	2.399099343	2.760668346	2.418434903	2.796884417	2.869585921	2.814100678	2.886119722	2.87609412	2.458064364	3.270318669	2.801579956	3.10017661	2.770704191	2.140805115	2.169930072	2.10213823
P432	2.977756293	2.854440438	3.231413265	3.32113501	3.785407948	3.191698195	2.473708078	2.649909798	2.493761938	2.84439337	2.417420654	2.984095815	2.770288655	3.020656277	2.992133573	3.425810841	3.563039453	2.94399283
P438	2.099138563	2.484293572	2.378947345	2.35786329	2.228132644	2.404992047	1.638533123	2.070896686	1.763952047	1.778022277	1.547663295	2.538576046	1.393227074	1.875206769	1.712560537	2.331052191	2.725743511	2.04306463
P44	7.707433938	6.500579611	7.218168558	6.658415743	7.346477637	6.445547112	7.320826993	7.632015691	7.464018098	7.985330464	7.492701388	7.60382049	7.973720445	7.886012214	8.125444206	6.609583338	6.799536761	7.008595614
P448		3.640823484	3.011946186	2.367701559	1.791881295	2.327961045	0.69409281	2.028516339	1.815769986	1.389278985		1.821344185	1.536201713	2.107816965	3.15759577	1.828891815	1.734553277	1.890586795
P449	2.759071368	2.050890012	2.785795455	2.854371894	3.737085511	2.297524846	1.923622562	2.385500438	1.546903328	1.796339016	1.848103586	2.823084297	1.930691627	2.169466865	2.62932731	3.00846093	3.443828359	2.672150929
P450	2.214611091	0.56760775	1.168935137	0.968490699	0.199617095	0.004755416	2.074760643	0.963916248	1.823703705	0.755625477	1.859927175	0.154358814	1.720833204	1.66372141	1.107234586	1.933954313	2.037078312	2.118301732
P460	3.157934716	3.229992726	3.331721257	3.534810082	3.141750249	3.387312789	3.129935594	3.046845121	3.041575183	3.176594006	2.969526963	2.928126226	2.76138011	2.894725016	3.019902372	3.205075081	3.549857521	3.293637232
P466	2.269028793	1.378820524	1.907995306	1.713258072	2.771663203	1.692874459	2.560403918	2.30802632	2.517006077	2.901302995	2.869054824	2.457178025	2.675324882	2.169204471	2.273569283	1.538058599	1.495799794	1.737499791
P47	7.774456512	8.006175091	7.891451178	7.98574487	7.779402506	8.069062276	8.368480004	8.266748504	8.317633001	8.286653775	8.259140348	8.011628439	8.086537145	8.069704606	8.082472568	7.285934954	7.558222595	7.624514387
P470	3.191559956	2.733145652	3.024881624	3.337168629	3.303243545	3.337588698	2.44736978	2.234997822	2.454170371	2.269456813	2.544951087	2.848458189	2.353109077	2.659808833	2.7031374	3.261342236	3.516934111	3.093863384
P478	2.166473835	1.270819277	1.654578729	1.449862258	1.76220676	1.445749172	1.868947385	2.183461165	2.186088235	2.588056635	1.911582273	2.5931659	2.375821159	2.162123028	3.094292555	1.845114605	2.00065348	1.917445664
P48	7.223471819	5.830983481	7.062508254	6.679664733	6.931633035	6.539981342	6.476549876	7.36048715	7.099240725	7.66785579	7.048141389	7.772519068	7.622603955	7.493366012	8.095785027	6.987518071	7.081438157	7.179324878
P480	3.293332735	3.322776259	3.198130566	3.26265368	3.342538794	3.212980621	3.197850033	2.744956895	2.955147105	3.169267711	3.028993338	2.767636399	3.061459538	2.777960268	3.216181572	3.198646503	3.363282302	3.140000449
P489	2.358092441	1.387269627	1.986249891	1.941677307	2.250048783	1.639292479	1.745237437	2.158391764	2.13270899	2.550484153	2.08501753	2.74517043	2.431243726	2.229284751	3.081678028	2.19206147	2.284225654	2.233950639
P49	7.48823851	7.915481664	7.355191038	7.454242237	6.534296217	7.665403914	8.384689342	8.090078733	7.997250159	7.921343298	8.303843784	7.473128296	7.758641535	7.896722739	-1.392987699	7.31922217	7.109687166	7.621295379
P494	0.917692368	-0.42487528	0.93115133	0.133391968	1.508510585	-0.06482203	0.245470915	1.056240407	1.410977693	2.018082032	1.18277267	1.603390356	1.829506472	1.965296501	1.121290728	1.697726442	0.640887409	1.616283246
P503	2.255141304	1.223963959	2.007443468	1.460682434	0.903739055	0.617722412	2.177902816	2.272807544	2.213274184	1.534634299	2.682486017	1.355655004	2.853948109	2.909383245	2.920471488	1.581222462	1.815962602	2.208352363
P506	3.538799529	3.279054004	3.364732396	3.011429542	3.0486908	2.55964715	3.126728407	2.364851186	2.188033267	2.009753096	3.176290049	1.657384523	2.22644376	2.050651559	3.351278742	3.22707074	2.495007751	2.774961372
P509	2.461905235	2.671161368	2.992909122	3.078241442	3.282306575	2.961665117	1.883561948	2.504443457	2.209425292	2.533845656	1.917685106	2.882012844	2.424278595	2.521791927	2.999971341	2.961227623	2.925331594	2.474276352
P51	7.192010642	5.739587383	6.713173744	6.205172433	6.543093042	5.820007782	6.809055681	7.306562603	7.161792705	7.548085857	6.892033983	7.359273572	7.636794534	7.571593436	8.092878552	6.129185472	6.486521121	6.144438523
P510	2.482128112	2.473258211	2.92040684	2.666823635	2.471651052	2.308761434	2.087511234	2.624175277	1.947951349	1.744803248	1.751142808	2.232984435	1.655030824	2.110725595	1.343758466	3.186966016	2.779349921	2.512579023
P514	0.631464496	0.025705222	0.99105765	0.309660309	0.691706523	0.651076181	1.321722512	1.981800642	1.542597184	2.008531042	1.305182483	2.181178535	2.452681934	2.318523567	3.299788033	0.671355623	0.642329319	0.84018026
P515	1.340628473	0.189300492	0.978486712	0.763365999	1.63561844	0.984864515	1.072136585	1.640790192	1.47109941	2.218243327	1.416775881	2.831269701	2.234236305	2.007005858	2.987518544	1.3818617	1.216663306	1.635816915
P518	2.830760634	2.549247583	2.455006873	2.592449249	2.812141902	2.978425273	1.836849298	2.419136032	2.359216983	2.540602516	2.067298608	2.476193937	1.875120017	2.415418517	2.12714	2.183319261	2.558941674	2.737178232
P519	2.652462487	2.639228817	2.843665927	2.90833203	2.841939161	2.286259514	2.489043498	1.727763329	1.989993002	1.929781409	2.235792692	1.900549686	2.522214732	2.215267084	2.921023923	3.225991691	3.259523477	2.861024678
P521	0.081511506	0.760595129	1.163192655	1.428585487	0.797976802	0.810212673	1.729110734	1.739237848	2.426747246	1.51116759	1.773613736	1.211602982	1.076079967	2.504066311	0.857753977	1.895575724	1.902356358	1.645910309
P524	1.688409426	-0.028328691	1.637826964	1.090187173	0.661967074	0.625479114	1.047835996	1.957604486	1.587616415	2.282028214	1.376073081	2.522299343	2.422281369	2.488353904	3.061988044	1.061680877	1.274415163	0.988568289
P527	2.962809528	2.968579481	3.048328745	3.140897096	2.988196889	3.034493815	2.861854886	2.799108979	2.71725537	2.907784961	2.741104823	1.995514216	2.450412641	2.67084485	2.660511053	2.837715573	3.016815778	2.808825627
P533		2.300098618	1.946798991	2.131655224	1.746576909	2.32816328	2.86428182	2.800896722	2.835755024	2.830174866	2.71993812	2.387347399	2.643292525	2.499374955	2.552431567	0.021630187	1.226281476	1.564775386
P537	1.37696486	0.766448274	1.191546855	1.134746463	1.975452166	1.133290471	1.522215247	1.756461821	1.835219961	2.177744018	1.742297667	1.832147798	1.74866821	1.805577629	1.405296628	0.043634795	0.735468206	1.035659551
P539	0.546252327	1.346289663	0.47435809	0.274218294	-0.25441006	0.56208415	3.092959609	1.674207956	2.95423958	2.804127032	1.603331682	0.119205326	1.492256472	1.151066273	0.676230272	-0.085875952	0.286654332	0.382820791
P544	2.691268382	3.057962416	2.843598019	2.998090704	2.853315162	2.939117926	2.729603683	2.607732784	2.68705735	2.642832583	2.513874005	2.463444306	2.478667435	2.757583289	2.569639815	2.746026888	2.956096367	2.749380498
P546	1.629392722	2.339235585	2.166936316	2.671335103	2.730153142	2.871809133	1.075840667	2.11982667	1.909375969	2.013378102	1.039721664	2.165960417	1.282443355	1.927258422	0.731448079	2.702694595	2.864443174	2.913242287
P547	1.98706413	0.818823169	1.619269196	1.571879949	0.654315129	1.355746875	1.500346054	1.868992589	1.7579259	1.363469314	1.961864779	1.504718895	2.489387684	2.355269805	2.86796967	2.149425708	1.856192534	2.013955619
P552		-1.492151647	-2.001000392	-2.240769658	-2.734632386	-1.748975937	-1.297901197	-0.921726583	-1.014640128	-1.436599854	-1.592312901	-1.840312065	-0.973713387	-0.86798614	-1.570231604		3.286885409	-2.209332947
P559	3.157133863	2.955173622	3.225142715	3.135085935	3.104969411	2.848282937	2.889331843	2.529334484	2.551366106	2.775346335	2.901682843	2.41287637	2.489176055	2.541555102	2.786731073	2.964136439	3.129356006	2.960748432
P562	1.713109216	0.766516869	1.301057418	1.062651532	1.925781645	1.045827859	1.816252872	1.715054989	1.986260098	2.325125777	2.123022528	2.049116239	2.190773453	1.799777923	1.625178433	0.868661137	0.68576824	1.162378776
P57	5.394369821	4.910359399	6.527040677	5.925528096	5.154634689	5.874873333	6.713103168	6.550675416	6.830306878	7.128591586	6.622370818	6.123819164	5.011089161	6.05033589	4.98909796	6.629021012	6.264859208	7.099648532
P571	2.924458672	2.703211117	3.016506172	3.041271342	2.907181828	2.694053947	2.662469734	2.304914636	2.377393643	2.546616875	2.632025959	2.304552035	2.289405152	2.325130957	2.592102105	2.848071153	3.206054264	2.877943722
P572	1.871965287	1.096006119	1.421907854	1.303882021	0.52746246	0.7446128	1.655442959	1.794028058	1.91661142	0.913966472	2.101498673	0.628367488	1.722252724	1.89322077	1.717587445	1.764624441	1.633743504	1.793580592
P575	1.56836279	-0.741928261	0.118285267	-0.080366258	1.482191532	0.068362755	1.423884545	1.918052718	1.790621901	2.433467312	1.697220083	1.019501067	2.359841187	2.487692235	2.580106667	0.196627258	1.113259933	-0.436097177
P58	7.439784844	7.757523755	7.707176165	7.621359171	7.83245601	7.673917705	7.471078424	7.506262399	7.475312429	7.399092967	7.22805817	7.71046282	7.510888278	7.628072345	7.419400544	7.677237308	7.628547178	7.67297407
P581	-1.235330873	1.882678807	-0.830573297	2.510247993	1.831619436	2.272800784	-2.237721462	-1.266415189	-0.72224096	-1.865224864	-2.734532753	-1.166281307	-2.874889137	-0.848627861		2.984942668	2.786639434	2.187037155
P582	1.356446978	1.792134981	1.589455362	2.021450821	2.194781508	2.087755583	0.558356697	0.52702213	1.647250184	1.828295214	0.931762792	0.730818632	0.141561772	-0.281124058	-0.450202354	0.779319089	1.545149395	2.138232752
P604	2.424823151	2.575766817	2.582073643	2.540178539	2.980587585	2.669999512	2.401714979	2.40899249	2.282644236	2.341469754	2.303901443	2.28969627	2.334492266	2.266571928	2.10621811	2.58491125	2.429158157	2.525939805
P605	1.500848894	0.163627133	1.343361512	0.336715886	-0.521014445	0.766466053	1.190243352	1.743850667	1.432854843	1.281502463	1.570305172	1.311242719	2.150103189	1.947128862	2.734403208	1.304255947	1.341133133	1.278593774
P606	1.309505974	2.520251116	2.862187098	2.950501026	3.017095535		1.104060856	0.713941844		2.304886073	1.084287436	0.312308498	1.973956226	0.595979358	1.887532184	2.904004615	2.937810858	2.657529879
P614	2.043422457	0.983684189	1.597567968	0.966319105	1.36073454	0.741686289	1.621525646	1.790520801	1.733605559	2.160006712	1.661680714	1.784082405	2.098991096	1.929287306	2.299044138	1.215112363	1.363301581	1.330062926
P615	2.990963053	2.511131828	2.905159288	2.469375486	2.964584312	2.549447998	2.265377609	2.303052031	2.238830526	1.792220275	2.864015006	2.253489189	2.241644834	1.677449374	2.937465471	2.50998022	2.43870307	2.460492835
P624	-1.396445214	1.111437445	-0.704894417	1.771827999	0.921773497	1.444391305	-2.205400642	-0.863287083	-0.710379146	-1.523085553	-3.051844085	-1.146700418	-2.81855501	-1.216043706		2.827945175	2.048094006	1.364893016
P627	0.115165581	1.394761301	0.874424444	1.409625187	1.233199938	1.475130561	1.406545087	2.201369816	2.06706017	1.680723015	1.176793235	2.082961733	1.629459876	2.438669554	2.051453559	1.898437003	1.717627909	1.101773568
P63	6.889561971	7.362403261	6.951723553	7.096411484	6.298034981	7.266773284	7.439604276	7.602015697	7.485226798	7.66054091	7.224601126	7.075942686	7.134200895	7.587516361	7.309841504	6.622939911	7.038304174	6.918727174
P634	0.821772198	-1.140976889	0.120622214	-0.27565131	-0.383434288	-0.889587369	-0.2604336	1.014249522	0.903870885	1.210678862	0.193499766	1.912260974	2.027071581	1.473718753	2.857173948	-0.051872894	-0.746774395	-0.003895527
P638	1.648186739	1.511198273	2.01116166	1.944165617	2.087613488	1.801366007	1.289666968	1.499026406	1.548686335	1.563952609	1.099347055	1.71887838	1.458759362	2.510624804	1.017125224	1.485857278	2.080056169	1.710978937
P643	0.661175927	-1.204473164	-0.443248749	-0.470107374		0.410274215	0.052109548	1.489257849	0.924624367	1.257174043	0.850572529	1.788829425	1.89873131	1.75484213	2.751946894	-0.535881922	-2.122847473	-0.434830584
P644	2.328291877	2.323675674	2.007499905	2.575566633	2.71503321	2.449813631	0.647992975	0.913432001	1.225970292	1.572476563	0.564368841	0.671824314	1.522989121	1.399912972	0.969991639	2.580632474	2.811076255	2.74635412
P649	0.857750814	-0.00363819	0.27702249	-1.413484525	-0.137310028	-0.188430628	0.926533678	1.624864257	1.37212426	1.695333143	0.93718988	1.475975487	2.372105978	2.429910335	2.134035165	-1.527788576	0.012907205	-0.12459577
P652	1.461752116	1.897967629	1.874784895	1.821731775	1.552985861	2.134142384	2.14679508	2.156851423	1.880604176	2.563137092	1.985740551	2.220186789	1.807288718	2.004265177	2.136516272	1.780443564	2.365561674	1.643105369
P66	6.964319604	5.972318928	6.4503121	6.235727875	5.369140993	5.516652939	6.560535613	6.846651348	6.965372954	5.917540983	7.198064761	5.507703879	6.980668168	6.966528226	6.813910399	6.744978258	6.585079768	6.806164456
P661	2.200064167	2.585730493	1.76214261	2.097788852	1.78594539	2.228384067	1.933481766	1.617043515	1.891001131	1.507403916	1.797153695	1.385346996	1.262623919	1.37710389	1.150059397	2.488742664	2.912441202	2.492436898
P664	1.831651446	0.474718178	1.302518786	1.64535339	2.840802626	0.938335945	-0.786616971	-0.659599727	-1.113698551	-0.147132135	0.000402215	0.302359248	-0.710420566	-0.152693328	0.179374367	2.084362326	2.338574125	1.879870199
P667	0.936939497	1.988962062	1.282061954	1.363202084	1.397046727	1.204034095	2.117142438	1.637189851	2.172542242	1.712353522	1.955337523	1.382927051	1.45706306	2.023516222	1.139922063	2.081628797	2.045148701	1.741569396
P668	0.849205479	-1.204818514	0.274824127	-1.235519629	0.587694061	-0.048426788	1.260154824	1.867477487	1.789377278	2.215549509	1.565915294	1.987142157	2.472990956	2.316124025	2.234522625	-1.697411386	0.08838834	-1.288508346
P674	2.08872185	2.073359501	2.057317773	2.048928333	2.458683764	1.916667149	1.946613125	0.544442317	1.161522665	0.889081559	1.753811471	1.109870248	1.703585301	0.720310572	1.425237999	2.560937072	2.632335728	2.631771392
P675	2.322070919	2.253156707	2.735071654	2.328219147	2.456035511	1.793343493	1.611806928	1.626965209	1.663385133	1.964501458	2.08076147	2.234937085	1.474953833	1.669703029	1.843789314	1.986062355	2.452463949	1.88218671
P676	2.830552696	2.498993024	2.757708893	2.543706863	2.785640303	2.159536437	2.698323663	2.11013317	2.287939812	1.330106506	2.051844213	0.981532673	2.492715737	1.324093366	2.60956689	2.547299297	2.540951838	2.426546135
P687	2.144432119	2.221545284	2.328046213	2.401469387	2.738335343	2.27650649	1.672176727	1.538586349	1.587505256	1.444324365	1.73729879	1.89426726	1.895928954	1.640044893	2.044508762	2.277959307	2.178385191	2.049054073
P689	1.312194809	2.628932063	1.575422628	2.584142797	2.329077356	2.191516989	0.805535821	0.393208384	0.655362329	0.495721707	0.272114509	-0.163299872	0.243983248	1.267585007	0.01062379	2.205723369	2.546372685	1.87801069
P690	2.529055993	2.609714101	2.626851385	2.675435979	2.623677497	2.3192188	2.378683782	2.133398215	2.263303552	2.182880571	2.171181541	1.868891585	2.080527613	2.088613482	2.312993212	2.406234802	2.603584263	2.363443106
P691	-1.645995706	1.4433542	-0.046646592	0.414846486	-1.445611992	1.72748961	1.170164019	2.218684015	2.049235115	2.046453757	0.922690738	1.450498347	1.655910137	2.057596914	0.074279133	-0.129912018	-0.347231656	0.681981837
P693	2.142133972	2.508841389	2.439870288	2.577446398	2.471298616	1.983884973	2.213386312	1.554484012	0.625241735	1.688963735	1.685304631	1.866608536	2.226823767	1.764891164	2.62441536	2.276509415	2.285336606	1.177927964
P70	7.604571086	7.615611276	7.468582749	7.515986984	7.567556302	7.462024601	7.505689012	7.085120811	7.275284494	7.432904806	7.283557575	7.130016909	7.309119669	7.186204008	7.420195659	7.506878916	7.687637396	7.418135303
P712	-1.110605076	-1.866329284	-1.578987839	-2.257431319	-1.436735941	-1.716888657	-0.688952865	0.374396932	1.063201195	1.419967356	-0.578656855	2.041225168	2.067547018	2.231373005	2.191803067	-2.903191587	-1.932917482	-1.910342255
P719	-0.400300176	0.442107475	-0.465099491	-0.049736235	0.559781364	0.183163996	2.647481888	-0.013935331	-0.055181585	0.225198073	1.758843335	1.199172491	-0.624363317	-0.769291622	-0.617206655	-0.625259698	-0.227375363	-0.286547158
P72	6.191761011	4.901223861	5.896039066	5.726461624	5.905654983	5.747846371	5.588033695	6.209072569	6.203066172	6.710247573	6.009973202	7.024926581	6.731504435	6.629279953	7.236626765	6.066129941	5.89754575	6.182706499
P721	2.009300683	2.445981688	1.885183684	2.04336105	2.408299759	2.295240752	1.032411756	0.933097974	1.982414625	0.651580814	1.996755381	1.561078262	1.189834013	0.657555031	0.622721702	2.109985811	2.465094423	2.466144147
P722		0.255272092	1.165202419	0.702607134	0.816623396	0.67088232		1.577510574	1.669433465	2.252183334	1.450869036	1.370811325	1.518097574		1.963046564	0.796352136	2.678681993	1.006947851
P739	0.160339818	-0.425414908	1.069927456	0.227184894	-0.157461059	0.399848356	1.31459093	1.35952184	1.471461422	1.46679378	1.086706311	0.936380228	-0.111823743	0.705800817	-0.008912123	1.21061747	0.747447185	1.528492966
P744	2.614288831	2.083216776	2.074461266	2.132477985	2.097108251	2.186251572	2.144921033	1.936376176	1.756359222	1.719273845	1.891802205	1.921480502	1.677292121	1.832963079	1.790054155	1.266265096	1.185906529	1.631888303
P745	1.670298603	1.249432406	0.864051504	0.970289633	-0.253186826	-0.167627234	-0.148908884	0.373836716	0.214405148	0.148355918	-0.746762563	-0.712883403	-0.102425015	-0.167094981	-0.641272184	1.96498599	2.601517496	2.057879159
P749	1.442167188	1.737358057	1.570417249	1.757944678	1.406372763	1.663610034	2.145084406	2.02024473	2.021525041	2.012503311	1.989551942	1.717631822	1.788671793	1.68309724	1.851678364	0.927633227	1.249961608	1.266435185
P750	1.443898373	0.248272537	0.779979778	0.499905713	-0.240970999	-1.220609251	1.304953904	1.23725603	0.937945857	0.942219773	1.521286174	0.442559878	1.555824839	2.092861676	1.588955389	0.767557322	0.931040352	0.881316013
P751	1.442638683	0.458753866	0.901160673	0.828925138	1.105165426	0.494103627	1.103433732	1.136647903	1.342169272	1.793564072	1.12088504	1.550399344	1.579495171	1.231624194	1.691160219	1.176158567	1.101322679	1.060556556
P756	1.208354491	0.256511454	0.940676181	0.961926929	-0.501628474	0.667746016	0.883181609	1.222080921	1.189705187	0.689176598	1.399397894	0.840292657	1.740960668	1.519432118	2.055837065	1.439287322	1.233731047	1.548381681
P758	1.870640041	1.625059334	1.497363072	1.755820422	1.886166748	2.041751946	1.233273059	1.526281907	1.450905187	1.791591487	1.219992038	1.573795414	0.957808043	1.482772175	1.20085201	1.304789685	1.68479139	1.825412115
P77	6.850357998	7.073285716	7.384032283	7.386246166	7.722037692	7.294499377	6.605523488	6.620340568	6.598561297	6.473687174	6.436475676	7.010418615	6.87764129	6.726576654	7.113361989	7.159918403	7.08944277	7.044269557
P774	2.049320563	1.770848214	1.977335209	1.901611598	2.118707854	1.877246891	1.593292633	1.560305541	1.707089935	1.672281445	1.566407419	1.629373621	1.439855246	1.731203011	1.429284717	1.992332406	2.517067484	1.819182193
P777	1.277847033	0.151898387	0.825543227	1.203473842	2.450931365	0.715529323	-0.95764981	-1.390566184	-0.752621615	-1.103323	-0.230419205	-0.095154198	-0.309458018	-0.578435606	-0.153428651	1.682662288	1.88666879	1.363708211
P783	-0.010779157	-0.016027383	0.318447034	-0.713551446	-0.267159606	0.344776247	1.003599605	1.93218941	0.41610281	0.149336698	0.670082792	0.753852493	1.127619886	1.2969104	-0.699848913		-1.478968947	-0.585041661
P788	2.467334993	1.995344803	2.29550341	2.131370812	2.171906575	1.632843094	1.960973636	0.591702467	1.43756584	1.456228093	2.169496183	0.310287611	1.69916988	1.536468909	2.000315921	1.20692721	2.479114921	1.809272684
P79	6.730957821	6.868905371	6.994732959	6.857434525	7.087849912	6.67855452	7.06131238	7.098498618	7.026339972	7.38742906	6.967280731	6.990093331	7.085615025	7.241002069	7.313439763	6.753869958	6.855842493	6.800370617
P801	-0.093163702	-0.917232547	-0.823553018	-1.070995133	-0.371214959	-1.343239921	0.244206896	0.36642429	1.478374056	1.934667379	0.305016619	0.801305634	1.982368591	1.947974478	0.687310913	-1.745546408	-1.582522458	-1.736056386
P802	-2.187976147	-2.861006284	0.433042787	-1.484626667	-2.357168467	-0.265779464	0.521582456	0.665278115	0.925141604	1.053549037	0.517737487	0.14753237	-2.600868193	-0.01421163	-2.519225463	0.488750205	0.149959713	1.11803206
P806	-0.68753442	-1.760898012	-0.374478416	-1.294883711	0.544908483	-1.413852877	-0.470414723	0.613648286	0.440164077	0.641420317	0.625118624	0.566269154	0.706681516	0.148236253	0.783089011	-0.427774381	-0.189620935	-0.642048957
P808	2.016743632	1.820746197	2.378297548	2.066864343	2.032856791	1.583952794	1.274582771	1.333087977	1.262330976	1.640749389	1.723638577	1.686865492	1.065101789	1.178445089	1.636447694	1.609495077	2.052322064	1.531364732
P81	7.03516658	7.243297572	7.199047453	7.104258959	7.442713622	7.260574203	6.702195282	6.482243066	6.60237163	6.932692999	6.588453518	7.105545774	6.485539181	6.412096726	6.548027525	7.011034533	7.301989333	7.083990836
P830	1.78977658	1.995109867	1.99733176	1.957870765	1.12538577	1.755830435	1.122665138	1.52416077	0.983918102	0.800869279	1.687497912	1.388319921	1.707064292	1.845809706	1.075008501	1.044869802	1.85461161	1.649748366
P844	1.011765737	1.45398967	2.064419583	1.405728565	1.581201596	1.256254019	1.171440863	0.55662304	0.918898649	1.2507769	0.731131634	0.618412622	1.144901361	1.250349172	2.157310534	1.81798276	1.859494859	0.736600004
P845	1.12521641	-0.419768751	0.031571525	-0.407520696	-0.968573005	-1.204310383	0.69327909	1.168200476	1.144437431	0.506656327	1.474196615	-0.379804911	1.358827306	1.417133387	1.256780951	-0.348199506	-0.387860607	-0.260484602
P849	-0.173914739	0.100768826	0.43695699	0.441988757	0.15785973	0.125363696	0.944504027	0.804620067	1.637727198	0.701852637	1.002595274	0.224183014	0.333785156	1.485307086	0.457233068	1.063294667	1.235769881	0.775472784
P850	1.404620087	1.399732913	1.401082342	1.894970279	2.219800796	1.698164464	0.753884149	0.850471293	1.167196669	0.833684359	0.782145911	0.454429682	0.829594543	0.888660569	0.183516993	1.913903194	2.102982043	1.945027196
P858	-0.717779611	1.04977073	-1.00872844	2.14796577	-0.946151016	0.99019501	1.65437558	-1.781342768	-0.319269558	-0.547005245	-1.705658091	-2.159478579	-2.228283995	-1.056750407	-0.4447095	-1.658446172	-1.611791141	-1.721355552
P86	7.073210306	7.103804449	7.149010563	7.116790885	6.97222035	7.176771775	7.135576612	6.542849998	6.734427105	6.395783746	7.020981271	6.370611139	7.097989142	6.639419393	7.256545576	6.907187656	7.278127433	6.87589479
P864	1.540148188	1.431516838	1.690668089	2.103773916	1.735190805	1.43221707	1.330314626	1.345875409	1.479232929	1.199077241	1.132731823	1.464025762	1.77860587	1.771760442	2.010586619	0.836456516	0.991436186	1.285074064
P868	1.345936092	0.647196983	1.563714732	1.514531661	1.146329034	0.558349557	-1.589896517	0.429428427	0.342328718	0.660124217	-0.070745216	0.18020365	0.912181856	0.154057299	1.316711105	0.671363854	0.680056151	0.975706496
P87	6.453870245	6.511768914	6.691697436	6.991035767	7.279127081	6.885684153	6.00794681	6.549781373	6.332561913	6.418825814	5.875999596	6.863487932	6.393707608	6.645175085	6.448658438	7.044709212	7.219449332	6.783807953
P88	6.430101213	5.514655286	5.666370048	5.675309344	5.856109337	5.225718279	6.004215951	5.999699433	6.22351369	6.539965878	6.028153906	6.152859795	6.293984434	5.972797134	6.566837487	6.11590297	6.199248455	5.984893799
P885	0.88423749	-0.288039253	0.502702263	0.383781134	-0.823338089	0.223581389	0.574995286	0.608602242	0.643191122	0.455799935	1.010295549	0.345760097	1.16413389	1.070950101	1.546874363	1.099719768	1.131954177	1.023022416
P888	-1.386151721	0.649454738	-1.574385546	-2.16338156	-2.355341815	0.451181863	1.271166468	1.63523556	1.573882871	1.300948668	0.845591169	0.027967273	1.223972368	1.241791775	-1.030211665	-2.725913595	-2.279585385	-2.234249112
P9	11.14593746	11.26992202	11.37451706	11.35937676	11.40589873	11.12553053	10.74712907	10.82330038	10.77500967	10.81958897	10.67682817	10.97287874	10.5735965	10.9168557	10.85054089	11.19718916	11.45968394	11.30148988
P906		1.349783207	0.875288253	1.104342084	1.050837724	1.295416585	1.917045958	1.592717826	1.60883905	1.662908577	1.555788832	1.325225613	1.461322114	1.599306531	1.445318773	0.384199019	0.497380724	0.881506137
P91	5.955292443	6.489150115	6.081132357	6.181987825	5.518395746	6.35434929	6.570074437	6.760121431	6.616968682	6.785956787	6.364838466	6.188377059	6.268041623	6.714674336	6.422334346	5.760952637	6.115437081	6.041174497
P921	1.290983321	1.412869805	1.337472794	1.672685581	1.906405853	1.212514405	0.741498349	-0.285106262	0.933362475	0.787961767	0.78781986	0.977369016	0.943533186	0.822182321	-0.25445961	1.749396971	1.771242752	1.898379277
P925	0.539619656	1.287017627	0.547720536		2.040389111	0.614512328	0.356878043	-0.623546356	-0.001372257	-0.370108857	0.164803758	-0.392719694	-0.152652797	-0.115780904	0.505375917	0.781311756	1.132749459	0.322220027
P93	5.760158546	5.04266513	5.118319954	4.617117864	5.245214786	4.574564657	5.597686056	5.936431823	5.764768509	6.356096746	5.7207706	6.139765738	6.689965199	6.712789268	6.651395583	4.335520696	4.980838897	4.648061614
P935	0.909083558	-0.235580412	0.032084687	-0.226428929	-1.634013886	-0.647825739	0.150980545	0.584839177	0.534888177	-0.093175797	0.42948886	-0.382181223	1.104498739	1.170224949	1.094790985	0.58205961	0.38072093	1.143742161
P936	1.119544847	1.032433556	0.960212116	1.435051135	1.319945366	1.361447344	0.58790178	0.067137223	0.824244866	-0.386918226	0.334730765	0.504162633	0.825986015	0.53512163	0.275811636	1.618473339	2.065740193	1.499633748
P94	5.790690157	3.92201998	5.135207823	4.920379276	5.396128211	4.582918683	5.672656209	6.140847519	5.965952944	6.341204004	5.630520973	6.239302075	6.533292527	6.586247045	6.663378679	4.487994344	4.080570869	4.453063969
P944	-0.87999433	-2.185616836	-1.243415574	-1.737820835	-1.307971845	-1.70604002	-0.229658378	-0.581715135	-0.761444326	-0.0780517	-0.379364533	0.215973368	0.736330474	-0.293457192	0.424927798	-0.135661712	-1.193877199	-0.47251257
P980	1.089207295	0.195977046	0.703498039	0.66481994	-0.073060918	-0.436190058	-0.017752137	0.712265546	0.641387382	0.576787477	0.616491336	0.462675423	0.945972859	0.887376073	1.198526813	0.933367881	0.945850766	1.057861824
P981	1.514263229	1.518860688	1.048766726	1.191135928	0.885468513	1.128384485	0.858721252	0.482507458	0.916469496	0.496115085	0.769585494	0.183222226	0.315080757	0.162164879	0.380990814	1.527022805	1.983312907	1.559041184
P984	0.997309973	1.177921428	1.374913425	1.519244793	1.374345929	1.328729986	0.486928737	0.597035907	0.563227965	0.290156279	0.191795803	1.070611215	0.26288556	0.321652079	0.8071565	1.145954729	1.711059797	1.755332408
P987	0.291942024	0.505366688	1.354188055	1.169618255	0.232495901	1.610228389	-0.687207184	-0.930329905	0.8433636	0.3001936	0.013098011	0.454415797	0.888959468	0.289210428	0.621221395	1.324199064	1.33601303	1.06935761
P993	1.043268404	0.970876874	0.850119468	1.29349677	1.198271647	1.165777015	0.478897872	0.467178624	0.697503321	0.203098178	0.304466669	0.412434782	0.559390009	0.432173545	0.21706978	1.69130284	1.968680745	1.34246341
P995	-1.035549742	-2.311457678	-1.000921539	-0.960188217	-1.391635711	-1.840171982	-1.169711218	-0.708044495	-0.862444161	0.497704316	-0.81785164	-0.502388808	0.729531506	-0.365403846	-0.057163216	-0.138921832	-1.197722018	-1.031268782
P996	0.263617488	0.137445514	0.01033174	0.592639345	0.509547523	0.316710113	0.124045515	-0.242201294	0.287772193	-0.054234409	0.017518154	-0.081396997	0.151616515	0.21626411	-0.604674657	0.777384587	-0.103811193	0.803089311
P997	0.084959481	-0.780442933	-1.036970889	-0.58558421	0.412258846	-0.565604121	-0.40241337	0.158756019	-0.043989781	0.646441354	-0.315700371	1.204626812	0.38999325	0.515604962	1.328834781	-0.003328441	-0.133686277	-0.047238571
N103	1.815418123		2.112843343	0.19866247	2.289092227	1.315518767	1.989648457	1.647424183	3.130795407	3.169264784	3.158869885	2.209646938	2.98290569	2.91573546	2.750424661		2.430304523	2.411059365
N1078	-1.426555577	-1.759666639	-2.106422926	-1.404121312	-1.884886662	-1.409486897	-2.239773941	-1.582183106	-2.148171714	-1.726914869	-2.547674305	-2.505354286	-1.746566459	-2.155450533	-1.817805425	-1.633303953	-1.850451597	-2.145949724
N1089	-1.769747801	-1.886525765	-2.284182867	-1.484391156	-2.046091174	-1.494622814	-2.541561313	-1.685498815	-2.318832985	-1.948278768	-2.906338696	-2.748869796	-2.142009258	-2.340478387	-2.100819975	-1.730469487	-2.061769558	-2.293469583
N1136	-1.951867953	-2.49220252		-2.22253557	-1.89999622	-2.06063852	-2.658919935	-2.434674578	-2.962712715	-2.213369538	-2.891988586	-2.875738374	-2.505608409	-3.092742259	-2.53885768	-2.090570926	-2.005396086	
N12	5.888319287	6.390485207	5.38594553	6.545146734	6.607512722	6.583117663	4.780057683	6.291323865	5.360826844	5.814802481	5.021602677	5.675911204	5.489354132	5.271199583	5.693251977	6.234672606	5.882265534	4.907907881
N122	2.47818977	3.095665244		3.025207161	2.168434492	3.424788891	1.526351472	2.846723634	1.782540433	2.345909113		1.918811715	2.384644423	2.013261091	2.160667422	3.356126463	3.273265158	2.309198762
N131	3.239473218	2.666491755	3.250016192	3.238683098	2.840734657	3.145372524	2.07444453	2.482100139	2.07063778	2.220331689	2.800477105	2.380726598	2.192686563	1.932786743	2.417261039	2.868054481	2.477323282	2.793744851
N14	6.216858086	5.438988792	5.67174026	6.157220904	6.461106944	6.110103668	4.993127644	5.369707187	2.852101431	5.190427222	4.834567941	5.131534096	5.67973283	5.512297074	5.747740488	6.501542407	6.453609956	5.737547299
N140	2.153958762	2.558334865	1.177470248	3.193305794	2.194562511	3.008889457	0.910546362	2.384293946	1.530699934	2.172963178	1.064258042	1.798559598	0.686886981	0.927507238	1.505094156	2.323212162	1.262566345	1.300533188
N16	6.552031061	6.309600752	5.615057904	6.556392214	6.25417382	6.57955241	5.391703978	6.318860801	5.605327583	6.173569324	5.016941255	5.714318302	6.194391574	5.630854474	6.117621074	6.502909843	5.901520403	5.693026397
N163	0.496593536	-2.545489286	0.52119262	0.441094187	1.146974652	0.238022895	1.082071292	0.451114287	2.394117566	1.59433695	1.185829187	2.3146598	1.844490342	2.252685382	2.1531477	-0.932257038	0.855177674	0.34010804
N184	2.071776898	2.352926117	1.606958848	2.423031002	2.576267352	2.535839498	0.744571711	2.223035237	1.350117605	1.776541198	0.97883012	1.578212666	1.366973939	1.214091072	1.734497327	2.119022032	1.926249722	0.893166457
N193	2.80784982	2.426262387	1.871478381	2.614268045	2.41062283	2.673859919	1.645172106	2.381395996	1.649904941	2.272346069	1.115217717	1.83226512	2.391665971	1.782874005	2.296119872	2.578484131	2.035552974	1.875160752
N204	2.677314849	2.121861893	2.30775558	2.410558201	2.461405152	2.387850182	2.081846296	2.036094639	1.737853278	2.196388117	1.977698171	1.711166704	2.222449971	1.881938883	2.005603718	2.396675067	2.425362685	2.272766733
N212	2.596737199	1.392125296	2.508334152	2.469236473	1.872013826	2.317603117	1.29498133	1.278482652	0.186820578	1.15004406	0.241309038	1.607912619	1.248359583	0.209491772	1.107457748	2.289845269	1.251856465	1.183085072
N219	2.437503325	2.076335756	1.576688222	2.361237987	1.875691218	2.265883221	1.512862768	2.091710785	1.465724853	1.883070013	1.221415693	1.566223491	2.061371114	1.600615318	2.027654389	2.409241908	2.002998292	1.626297587
N226	0.585365402	2.03065816		2.375043438	1.147484586	1.998079683		1.234941903	0.351885695	0.981995914	-0.957993075	0.077929113	-0.215122588	-0.583613434	-0.314399837	1.946944499	1.391259336	-0.168582122
N234	-0.242653931	-3.056783574	-2.946546741		-2.126512567	-2.861007951	0.573627418	-0.427285518	-2.378738368		-0.396649838	-3.37479143	1.775575037	0.348392899	2.274325032		-1.716543689	0.79466608
N245	1.529635624	1.120857073	1.011578831	1.500673607	1.370234245	1.443192071	0.773593968	1.363294986	0.10507803	1.168222933	0.151785616	0.637310022	2.144115815	1.166718654	2.203904928	2.075948777	1.338138558	1.00921476
N259	1.675089446	0.644493142	1.28184955	1.288692309	1.903808207	1.160034531	0.651376272	-0.828268025	-0.974084672	0.294178073	0.300048325	0.412667901	1.033673967	0.841190933	0.210212033	1.802634196	2.009363581	1.273694576
N27	6.154721272	5.970679654	5.363852188	6.197080984	5.344622775	5.941336835	5.01546107	5.70606842	4.998872459	5.644154517	4.864155362	4.950345035	5.187790624	4.847991811	5.336557513	5.936534358	5.406493438	5.344112985
N310	1.231620443	0.26477436	0.963884988	1.204450496	1.372761271	1.014382654	0.543772976	0.413613473	0.001245442	0.091919796	1.030774428	0.819349372	0.860229746	0.595427728	0.858957027	1.522752599	1.672615249	0.728738931
N32	5.178847238	4.379682141	4.833942889	5.385648337	5.307331585	5.168974693	4.533017221	4.585585422	4.194176393	4.27869986	4.922796709	4.844806254	4.930543245	4.665469595	5.029598414	5.5384273	5.564385587	4.632939725
N322	-0.906049932		-0.516270071	-0.091948275	-0.339695662	-0.432806046	0.410821823	-0.690437982	0.227762017	0.22346532	-0.039023589	1.216776388	-0.731972942		0.008809708	-1.479927733	-0.497536537	-0.622884835
N347		-2.311671192	-2.113864378	-2.033459104	-0.347102381	-0.954433109	-0.798483595	-1.939661712	1.110067712	0.043471117	-0.115869767	1.088032924	0.318874652	1.044655503	0.398555691		-1.317189889	-1.582489212
N413	-0.125784747		-1.176896976	-0.824862327	-0.336300397	-0.562478831	0.75228195	-0.885604379	0.855428772	0.088295568	-0.29574251	0.595615607	0.154269956	-0.458955898	0.151437102	-1.871852602	-1.067898312	-1.133503381
N435	0.009070399	0.827099636		-0.210139413	-0.916509765	-0.449826158	-1.805750565	-0.863473605	-1.701343491	-1.132838536		-1.696453427	-0.473024023	-2.125381673	-1.663934386	1.166790301	-0.871755712	-2.216790472
N438	0.851522199	-0.110808309	-0.923582782	0.184110305		0.475721295	-0.525342827	-0.64252801	-1.566910188	-0.900624647	-1.73652068	-1.997959847	-0.131910066	-0.078855633	-0.489793806	0.890881627	1.09092969	0.235677332
N445	0.408997201	-1.295749292	-0.171525155	-1.162076662	-0.249428055	-0.81502168	-1.184288079	-1.577943713	-3.471770863	-1.932805115	-0.4211489	-2.180477297	-0.668773347	-3.149131404		0.665129827	1.071770604	0.865332114
N474	0.520514407	0.19761254	0.001755273	1.053042528	0.128416353	0.387804762	-0.89440637	0.154161086	-0.618622082	0.224263381	-0.245438221	-0.13616116	-0.857386142	-0.705127238	-0.572078242	0.073809874	0.653711631	-0.432781748
N496	-0.915808969		-0.101652826	-1.157959459	-0.217084964	-1.722501479	0.762161965	-1.825753088	0.407913931	0.02746312	0.206155546	0.26508654	-0.114957917	0.60908613	0.071376682	-0.367878968	0.347411568	-0.378191834
N500	-1.383263482		-1.731951329	-2.027707217	-0.623711441	-1.504269449	-0.964510262	-0.531300271	0.479695463	0.431092284	-0.809762144	0.42486824	0.117526224	-0.337534848	0.111669203		-1.794949538	-2.09822117
N51	3.878533049	3.064806007	2.852657073	3.525084308	4.753245368	3.036953409	2.5404075	2.988906963	2.155849085	2.536470106	2.110018978	3.596887531	2.690747444	2.498738104	2.613657215	3.917985669	3.667487221	3.152575371
N526	-0.553427826	-1.377895102	0.161237031	-0.980375619	0.021208872	-1.000005044	-1.517683998	-1.266967286	-2.672322788	-0.254739489	-0.313499277	-1.929593353	0.342609059	0.053309347	0.249137628	0.750421074	0.731835656	0.282603792
N534	0.838444061	0.43706394	-0.022824105	0.660702958	0.461488169	0.719945797	-0.300042907	0.504856433	-0.220874439	0.364727307	-0.821660967	-0.143935546	0.416247572	-0.198178376	0.284094539	0.762737982	0.10423045	-0.040365157
N553	1.286426702	0.328428539	-0.116550362	0.704496569		0.77732442	0.697896204	-0.338830267	-1.422225233	-0.36825201	-1.18069821	-0.955389423	0.140693986	-1.963598151	-1.010077397	0.232500058	-1.765981863	-0.641828645
N569	0.676190897	0.249590053	-0.196141859	0.564197361	0.109400401	0.533888357	-0.320702754	0.30322163	-0.304552907	0.155854765	-0.67766613	-0.30190374	0.277547447	-0.192331124	0.194271286	0.606893148	0.201865366	-0.153315718
N591	0.034005698	-1.437206063	-0.793281891	-0.0010785	0.446553663	-0.438751471	-1.835315683	-0.614788793	-2.159064078	-1.254648471	-1.875640448	-0.566615975	-0.330820726	-0.854988203	-0.593137376	0.100889125	0.161211691	-0.559393068
N592	-0.842262109		-0.42865517	-1.533518777	-0.918625343	-1.410094825	-0.769401065	-1.164822257	0.080662118	-0.074972591	0.164772516	0.053637566	-0.755735432	-0.401532572	-0.346416464	-1.959758354	-1.314553164	-0.929345278
N610	-0.781191013	-0.097559092		0.267358268	-1.202840843	-0.170642975	-2.692717065	-1.447812919	-2.212507841	-1.609330519		-2.322355404	-1.568754478	-2.727912028	-2.264077708	0.451636105	-1.175112723	
N613	0.005010005	-0.440021638	-1.184240819	-0.220373171	-0.123540418	-0.158143924	-1.780389106	-0.517587071	-1.451280665	-0.95043506	-1.593542682	-1.071551732	-1.197160307	-1.444323154	-1.12141201	0.447749348	-0.814785368	-1.642191776
N638	-0.008863844	-0.355443459	0.173278748	-0.139925529	0.223481704	-0.164061123	-0.325707678	-0.463296007	-0.611353453	-0.53794263	-0.030698686	-1.196995327	-0.203509644	-0.267375243	-0.616094046	0.269581335	0.045336505	0.264718575
N664	-1.537982981	-0.220614206	-2.536592186	-1.798214664		-1.604278248	-0.016820108	-1.069458075	-2.640245073	-1.968012632	-0.389754024		0.366504416	0.00463326	-0.237398372	-1.931466763	-0.288009106	-0.219858467
N688	-0.521992126	-0.383798542	-0.334263138	-0.394393935	0.129359942	-0.248878447	-0.764879769	-0.139771138	-1.334453689	-1.040967522	-2.50683897	-0.979023652	-0.022340242	-0.847587526	-0.12620587	-0.458152836	-0.725538778	-0.969347838
N712	-1.656690545	-1.779388797	-2.176975334	-1.735336754	-2.432989369	-2.021178145	-2.090038835	-1.529388639	-2.773429832	-1.541392177	-2.006372832	-2.730672035	-0.034602	-0.197245026	-0.013578229	-2.106325826	-0.399276256	-1.807303887
N737	-1.427477787	-1.917968932	-2.377666324	-1.020321169	-1.487919367	-1.449334135	-1.258731645	-1.294036721	-2.221642072	-1.199779376	-1.774322787	-0.438276811	-0.919071969	-0.38253512	0	-1.78669152	-1.444587766	-0.415356373
N761	-1.724794355	-0.373275959		-0.373973451	-0.12655975	-0.404772429		-1.00943462	-1.042694429	-0.233344399	-1.985583651	-0.678542429	-1.856054861	-2.143531463	-1.5311448	-1.49129777	-0.674671537	
N769	-0.538355804	-0.276325261	-1.182700162	-0.036066381	-0.946084722	-0.053844992	-2.313724432	-1.035680895	-2.025783696	-1.509400026		-0.895491079		-2.134301629	-1.71392081	-0.394436054	-1.420406138	-2.665614535
N779	0.195943441	-0.402962479		-0.261607567	-0.340416223	-0.344547475	-1.537271399	-0.280415496	-1.67597124	-0.67387984	-2.411008428	-1.781574934	0.117257108	-1.535163568	-1.015255296	-0.715997611	-1.554913572	-2.277325841
N815	-0.492761659	-0.80096383		-0.732301607	-1.350748608	-0.320046705	-1.866150958	-1.713867373	-2.158835102	-1.954593341	-2.829411973	-1.535912886		-3.138181483	-0.239273656	-0.363356389	-2.529525227	-2.768882779
N849	-1.231949753	-1.874843243	-2.088869754	-0.382664989	-1.284135685	-0.990380343	-2.34419672	-2.141261455	-2.718476795	-1.976476856	-2.386852595	-1.509213	-1.70855891	-1.903370593	-0.984899726	-0.333758098	-1.669454787	-2.068597787
N854	0.157486374	-0.494355777	-0.475519372	-0.396509359	-1.576928989	-0.600565919	-1.60898184	-0.77833582	-2.089192924	-0.897627118	-1.083829141	-2.216075386	-1.772300529	-2.128857215	-1.712362046	-0.585712253	-1.585984102	-0.567831904
N877	-1.952916523		-2.341890061	-2.733850626	-1.987301006	-2.886566174	-0.9476055		-1.455873828	-2.091762	-2.374238536	-1.355081854	-1.69799848	-0.697657843	-1.223584211		-1.958836617	-1.431722769
N879	-1.46353366	-1.108521856	-2.234593551	-1.128182348	-2.211802012	-1.928758642	-1.616437386	-1.003790119	-0.931914157	-0.965318376	-0.751205794	-1.169831416	-0.809372213	-2.421434951	-1.408718224	-1.607907262	-1.045340842	-1.625747702
N904	-1.551896027		-1.678085079	-2.332846355	-1.70667232	-2.230990852	-0.864293939	-2.25610627	-0.924497658	-0.871135004	-1.071680669	-1.203892391	-1.578765787	-1.813114006	-1.715550994		-1.859764155	-1.753171115
N912	-0.507154401	-2.060065014	-1.231533384	-1.079967032	-1.502735691	-0.457749885	-1.837129349	-1.638539218	-2.468582392	-2.169253018	-2.570166026	-2.038833038	-1.562726455	-1.497601761	-0.973001941	-0.58778787	-1.279546762	-1.300312233
N933	-1.015316612	-0.827972953	-1.811172356	-0.598130188	-0.832947854	-0.562607364	-2.216383695	-0.87417903	-2.182190126	-0.953310248	-2.65230441	-2.087154889	-1.45667237	-2.006547272	-1.654077579	-0.658441589	-1.693141993	-1.812075213
N938	-2.136138616		-2.104241319	-2.305214108	-2.093808447	-2.397614067	-1.57633871		-1.120230676	-1.892744429	-1.086477838	-2.161520698	-1.772102391	-0.964104398	-1.714782903		-2.064712429	-2.045035003
N943	-1.255501756	-1.062974499	-2.00673056	-1.336171447	-1.745844184	-1.357035972	-2.271549892	-1.650110313	-2.20048227	-1.807107277	-2.589692624	-2.138893161	-1.64569587	-1.981417092	-1.67634656	-0.702499277	-1.050846718	-2.036791918
N997	-2.174061817	-1.629712001		-0.832871104	-2.413441851	-1.27792347	-2.988911242	-1.896933459	-2.654213166	-2.294591006	-3.155797116	-2.400798562	-2.4199507	-2.714546583	-2.695095631	-1.226239343	-2.50431271	-2.439356158
