fid	Experimental mass	rt	Platform	Mode	_quant_LD2169	_quant_LD2170	_quant_LD2171	_quant_LD2243	_quant_LD2244	_quant_LD2245	_quant_LD2162	_quant_LD2163	_quant_LD2164	_quant_LD2213	_quant_LD2214	_quant_LD2215	_quant_LD2166	_quant_LD2157	_quant_LD2158	_quant_LD2223	_quant_LD2224	_quant_LD2225
N1	885.54802	16.302	C18	NEG	-0.0637525478	0.9769253749	-1.8057113534	1.10119615	-0.1277175385	1.3776992152	-1.029221404	1.1813898724	-0.3522623346	0.6529073856000001	-1.9680603585	-0.3219308443	0.417323016	0.1190277932	0.5896320616	0.9425200737	-0.2049134507	-1.4850511107
N2	804.5751	19.724	C18	NEG	2.4048714319	-1.1670144808	-0.326092619	0.7197533329	-0.4599257721	-0.0116349746	0.7057881591	1.2497956106	-1.179062891	-0.2743994967	0.2489124056	-1.0625584093	1.272903418	-1.1014919193	-0.1046387715	-1.2676186403	0.804121049	-0.4517074324
N3	883.53182	15.792	C18	NEG	-0.0708930191	0.4189783266	-1.7526375518	0.8786932918	-0.0009017901	1.1414658812	-1.0803038669	1.2623464203	-1.0720811606	0.6997725521	-1.81395067	0.6748591985	0.5231502239	0.0943827665	1.0791006615	0.8263792886	-0.2868715332	-1.5214890192
N4	802.55911	18.807	C18	NEG	2.4343098593	-0.3288012017	0.1259980325	0.6144122748	0.4488466409	0.6830222665	-0.1064293607	1.5410189018	-1.5733759332	-0.4762734898	-0.6233551567	0.0305499005	-0.4386083246	-0.9644238145	1.001991189	-1.7629120321	-0.2366164771	-0.369353275
N5	762.50662	17.058	C18	NEG	0.6006455312	0.8787326688	-1.7833793037	0.8716183647	-0.6243581852	0.9543651797	-0.3383470226	1.4009320297	0.1435971094	0.7999743086000001	-1.6158290428000002	-0.1047055013	0.9375323424	-0.1679946877	0.7283810441	0.2721080773	-1.0327664533	-1.9205064594
N6	826.55882	18.392	C18	NEG	0.7599387266000001	0.3958557735	-2.4548869618	0.4172385431	-0.8139595787	0.1476979047	0.1288151245	1.3327054424	0.1119455195	0.9534606984	-0.7957466614	-0.5126095563	1.0960644172	0.2211770254	1.0957493631	0.2728120903	-0.3210274913	-2.0352303791
N7	747.5652	16.792	C18	NEG	-0.3908528205	0.8315494611	-1.0028094452	1.3062944727	-2.3466139132	0.5473624601	0.6655801935	1.2623326125	-0.2087044384	0.5099772572	1.5962526351	-1.1405916973	0.1018791405	0.1979395907	-1.3339618572	0.2317694487	-0.7479241217	-0.0794789785
N8	540.33037	10.662	C18	NEG	-0.2378981474	0.6745619428	-2.1539606861	1.190488577	-1.534382278	1.2191794103	-0.6877134643	1.2286552616	-0.0429376378	0.0344916769	-0.9998697979	-0.6217692732	0.9340402912	0.5880468062	0.2861596002	1.432748019	-0.5909095346000001	-0.7189307659
N9	850.55826	18.167	C18	NEG	0.8932704208000001	0.8891365982	-2.0060100289	0.8718898302	-0.7240331950000001	0.7022344938	-0.1152723366	1.1975263217	-0.3194470667	0.5064919389	-1.755280476	-0.4387930692	1.0423654873	-0.1055671622	0.6043979298000001	0.9233321733	-0.4241137647	-1.7421280948
N10	500.27797	9.825	C18	NEG	-0.6748380168	1.2777710233	-1.4472618732	1.377943982	-0.4884867963	1.6012561611	-1.4891858758	0.730002683	0.32487181	0.8830113695	-1.2871563445	0.2885864444	-0.2659995413	-0.4795759997	-0.2966836057	1.474391694	-0.6968962081000001	-0.8317509061
N11	819.51703	16.348	C18	NEG	-0.2313304314	1.5006613253	-1.963010189	0.5494401428	-0.8948862379	1.2107924295	0.0977632632	1.5335139696	0.2490848183	0.963452613	-1.3392331613	-0.8153921818000001	0.9254174271	0.0501473693	-0.0104026448	0.3411012257	-0.8200475901000001	-1.3470721474
N12	828.57385	19.224	C18	NEG	0.2118959212	1.0961460918	-0.6727202239	1.3684853251	1.4783038798	1.4353472907	-1.7396114858	0.9215356093	-0.7169510279	0.0824421975	-1.3142815427	-0.1621276358	-0.4906308579	-0.8747732091	-0.1315927451	0.8217799640000001	0.2012360339	-1.514483585
N13	568.36144	11.98	C18	NEG	0.2690449651	0.9123970087	-1.9800868152	1.9138579837	-0.7806996302	1.1836960358	-0.802559561	0.6097389396	-0.1670471581	0.0913086344	-1.0034258476	-1.2842672752	0.3838472096	0.0836640574	-0.6716625714000001	1.7194585134	0.0029185378	-0.480183027
N14	887.56249	17.004	C18	NEG	0.7980722185	-0.1454270771	0.1368836502	0.7257366222	1.0943284497	0.6685868165000001	-0.6862244608	-0.2294606622	-3.2831346863	-0.4469143167	-0.8785459334	-0.5183474267	0.1465780605	-0.0565094235	0.2290664399	1.1433737471	1.0852351445	0.2167028375
N15	773.53171	17.523	C18	NEG	0.5496808211	1.071364695	0.5069684201	-0.30193824	-0.1936874288	-0.496081833	1.4042361854	0.5824787755	-0.0106474314	-0.0759969209	1.034249865	-2.4881829996	0.4806729096	0.2728673809	-1.9478413101	-0.6819488003	-0.78386338	1.0776692915
N16	764.52207	17.408	C18	NEG	1.2343235968	0.6851916158	-0.8880262362	1.2442021	0.5596433661	1.296662555	-1.3939480591	0.7061666708000001	-0.9100665103	0.3770650955	-2.2428278767	-0.6631902444000001	0.4242298392	-0.8522452243	0.2503360018	1.1230585002	-0.2391563808	-0.7114188096
N17	465.30387	13.098	C18	NEG	-1.2243997821	0.5143855013	-1.3203278535	2.209462037	-1.4686357039	0.6980073065	0.4572757184	0.4462790249	-1.4169199709	-0.2052633441	-0.1515468222	-0.2321863923	0.9456949216	0.1013206941	-0.5541340754	1.7372398517	-0.439541773	-0.0967093381
N18	738.50735	17.228	C18	NEG	1.1925036445	0.5329191870000001	-1.1181443673	1.4467159714	-0.0316472956	1.342109545	-1.1826546539	0.6292250396	-0.9045666498	0.1752947528	-2.054679896	-0.8118166913	0.3335128221	-0.7325295658000001	0.2740305082	1.4843373936	0.2288583064	-0.8034680507
N19	566.34622	10.886	C18	NEG	-0.4850437623	1.0595732545	-1.6620596368	1.6081354295	-0.0745561931	1.7839652511	-1.3222958262	0.6549298801	-0.201681279	0.0344380867	-0.9636282349	-0.4937115005	-0.1937052501	-0.4427419373	-0.7929391142000001	1.9278266435	-0.3592044445	-0.0773013664
N20	854.58935	20.033	C18	NEG	0.9465827094	0.9724412615	-1.4212254592	0.3707411051	-0.5601381737000001	0.4905440067	0.0384199946	1.137611717	0.2146302747	1.0691847881	-1.3845819454	-0.4442410187	0.9308439933	0.1946890952	0.7410920536000001	-0.3149535914	-0.2971986838	-2.684442127
N21	857.51657	15.592	C18	NEG	0.2675655987	-0.20906605	-2.215092614	1.2334066097	-0.0487523671	0.7405307476	-0.6032146697	1.1016782713	-0.0604013561	0.4892842871	-1.9305313059	0.4769088455	0.9011798276	-0.0406211444	1.4503649362	-0.2794945979	0.1768666135	-1.4506116321
N22	856.60557	21.713	C18	NEG	0.3760127058	1.367124936	-1.5140141299	1.7959347688	0.3730729083	1.2911162332	-1.2932324324	0.4375804358	-0.437551402	0.259673835	-1.3970334853	-0.7587754302	-0.5473904272	-0.8770865351	-0.5951381676	1.3422141035	0.7113015494	-0.5338094659
N23	480.3093	10.665	C18	NEG	-0.3412447042	0.3452200949	-1.7442401394	0.7631137263000001	-1.1682973013	1.9763591477	-0.6618947562	0.8868340602	-0.0889893785	-0.1564105789	-0.8973619157	-0.6349110135	0.4570398988	0.2792657111	-0.0352145559	2.3011633613	-0.6499997103	-0.6304319466
N24	480.30913	11.502	C18	NEG	0.1960360454	1.1706310943	-1.7923135783	1.695115018	-0.2529977766	1.3949821629	-1.3480087443	1.0891274749	0.1638940503	0.5433401802	-0.9701140806	-0.5048333553000001	-0.0095939581	-0.2909915839	-0.349445552	1.1659924273	-0.4022101572	-1.498609667
N25	524.2777	9.895	C18	NEG	-0.4850150152	1.2589829021	-1.7741947218	1.1717943258	-0.5585112703	1.3931753741	-1.1683754721	1.1165975276	0.4215156991	0.9563778196	-1.6178035452	0.2984349825	0.1911279616	-0.2848182686	0.0695165045	0.9728042231	-0.9446300061	-1.0169790208
N26	311.1685	9.113	C18	NEG	1.7635280999999998	0.2934762797	-1.0806741333	-0.6478360765	-0.3580183602	0.8478313670000001	-0.0939716463	1.9747151382	-0.7899963241	0.0337834575	-1.8613462643	-0.8390762157	-0.3776886962	-1.0654430335	-0.0962652087	1.1434113264	1.0280255663	0.1255447237
N27	766.53811	18.281	C18	NEG	1.6150699367	1.189568345	-0.2134080875	1.7130049857	-0.2578662156	1.1217281666	-1.0188833753	0.5777909521	-1.0572360069	0.4346468929	-1.3687000107	-1.169430718	-0.6204599083	-1.4060699097	-0.2765129861	1.1106249084	-0.1148221266	-0.2590448428
N28	514.28391	6.249	C18	NEG	0.5827322835000001	-0.6945520655	-0.6071924238	-1.2043662613	-0.152754154	-0.5727662732000001	0.9449993881	0.4558616971	-0.2744873688	-1.539031867	0.507848697	-0.7937929237	1.490413607	0.8434638961	1.7636783244	-1.853045043	0.0569065887	1.0460838983
N29	325.18407	9.794	C18	NEG	1.5760137401	-0.0960346975	-1.0528847491	-0.1272634207	0.0300832895	0.6183540832000001	-0.3016976121	1.89408159	-0.779194755	0.1879600883	-1.7097316924	-0.5119339275	-0.6705445516	-1.4901496518	-0.3453315151	1.0873096538	1.1568258101	0.4381036201
N30	452.27793	10.317	C18	NEG	-0.5191359763	0.5696325919	-1.805287089	1.4437488074	-0.6618712662	1.5412478042000002	-1.1686422702	1.4483574319	0.5484172381	0.9748266812	-0.3719711973	-0.1101120524	0.3156556773	-0.139120754	0.1238617315	0.5530925924	-1.0692088019	-1.6734911486
N31	852.57342	18.599	C18	NEG	1.3525826724	0.5047050107000001	-2.2549878795	0.4517738371	0.3497672539	0.5419259228000001	-0.5326911067	1.4243803266	-0.2915686207	1.8140535905	-0.8346938823000001	-0.373503154	0.258865104	-1.0491127357	0.2718438706	0.1886424586	-0.2989791913	-1.523003477
N32	776.54354	18.335	C18	NEG	0.7210981169	-1.2568250379	-0.1325356324	1.2329281302	1.0390951941	0.6966636973	-0.8773227219	-0.7472171125	-1.7159493362	-1.5067548617000002	0.0873764091	-0.1056489462	0.1065489843	-0.5495048299	0.351709231	1.6110540639000002	1.6753004844	-0.6300158324
N33	788.52134	17.266	C18	NEG	0.5928417757000001	0.7526521703	-2.00668041	0.6835733528	-0.3318842503	0.9247635298	-0.302357737	1.3568851375	0.0930929629	0.7889239863	-1.591217375	-0.1513972008	1.2076593108	-0.0708632054	0.7689056157	0.178388721	-1.1059768731	-1.7873095116000002
N34	859.53205	16.114	C18	NEG	0.1569231162	0.3583909713	-1.2696360631	1.179005269	1.029002454	1.1940341525	-1.6668602007	0.3212003381	-1.2818977814	-0.0525912529	-2.0437155639	0.3867313684	-0.0341032556	-0.4035604869	0.3541388335	1.4430965144	0.8997744454000001	-0.5699328581
N35	771.51653	16.826	C18	NEG	-0.9098426439	1.5017333242	-1.4168838249	1.0514492405	-1.4863657706	1.2360470089	-0.1485036677	1.8986032667	0.2292237441	0.4565251028	-0.601837803	-1.4485320343	0.4229634243	0.5461288207	-0.2609389799	0.2592018282	-0.3304862602	-0.998484776
N36	953.53476	16.285	C18	NEG	0.4575775912	1.0555431459	-1.6824254085	-0.0783073272	0.0051296571	1.4108874927	-0.9074769158	1.2220227433	-0.4658083092	0.7145515345	-2.2382045303	-0.4685243299	0.5888682	0.118414017	0.7449595448	0.9314420802	-0.0718052107	-1.3368439751
N37	339.1997	10.45	C18	NEG	1.338818133	0.2298701362	-0.9987656063	-0.4358281615	0.0529556486	0.9168051921	-0.3786835502	1.6729428829	-0.7092970813	0.2978968471	-1.3618455098	-0.4202144651	-0.7799967823	-1.8222102102	-0.8099425821	1.37860002	1.3621665955	0.4667284933
N38	747.51686	17.74	C18	NEG	0.8507886029	0.4650197383	-0.5998275679	0.6956885198	-0.1191563406	0.2698699594	0.0235714633	0.0848695684	-0.3604586677	-0.1089156908	0.7944202148	-1.5059582223	-2.2460895467	-0.9242029109	-1.0969956484	0.3626107341	1.7976008948	1.6171648996
N39	810.52722	17.947	C18	NEG	1.7192117451	0.1570165024	-0.9633162881	-1.0537046919	0.8498120923	0.0319592344	0.2093557238	0.196740335	-0.1397897702	0.7332305335	-0.6392230447	-2.7356472281	0.2628270933	-0.1786896661	-0.5492438308	-0.1586260095	1.7409211535	0.5171661162
N40	865.50078	15.758	C18	NEG	-0.2514075552	1.104758145	-1.8970629174	0.205469756	-0.9771829916	0.9528258196	0.074742824	1.5031565589	0.5203226899	1.1227914529	-1.396490522	-0.1958344152	1.1206171193	0.3320279899	0.3934560491	0.090334166	-1.0000759147	-1.7024482545
N41	599.3192	10.812	C18	NEG	-1.0735891931	0.2325420783	-1.5148553174	0.7701299296	-0.6709576299000001	1.7466866905	-1.198091449	0.6371376229	-1.1393058631	0.1724511536	-0.8575591853000001	-0.6809588094	1.1885614525	1.1240667037	0.3666836388	1.6163014619	0.0613063404	-0.7805496251
N42	800.54367	18.044	C18	NEG	0.6789586116	-0.766753301	-1.3425528627	0.0938810281	1.3016221293	-0.1358702838	-0.2748487296	0.6791422491	0.0709947106	-0.4525103648	-1.4461823173	1.3681439247	1.1935165431	0.4396299101	1.6326286799	-0.2714125439	-0.8701717446	-1.8982156391
N43	782.49663	16.731	C18	NEG	-0.7510501224	1.0387258327	-1.7936427785	0.8198278775000001	-0.238712742	1.4563880289	-0.9167899167	1.7989727314	-0.2099217081	0.5593068791	-1.8339538819	-0.710380345	0.1523377605	-0.5802633523	0.0414403011	0.6798485977000001	0.4572823279	-0.7204656122
N44	588.33005	10.104	C18	NEG	0.0832789572	1.0441154316	-1.6648873034	1.0485443081	-0.6983451718	1.3977452732	-1.1438375316	1.3317124818	0.3277716612	0.973750517	-1.9617034657	-0.1691888543	0.1859831178	-0.0409472677	-0.0765181169	0.9957012958	-1.1396119759	-0.4935633565
N45	795.51673	16.512	C18	NEG	-0.0898509306	1.5783976483000002	-2.1163246503	0.9859007881	-1.2207930182	0.9402943195	0.0825494844	1.3802445165	0.147641894	0.8860343253	-1.2550241074	-1.0752586137	0.841921389	-0.0405872784	-0.2994604005	0.6213622125	-0.4548303633	-0.9122172152
N46	745.50158	16.495	C18	NEG	-0.5279263701	1.5076777695	-0.6942371189000001	1.6914368013	-1.6205446322	1.2185577958	0.3290488226	1.0788349122	-0.5962269851	0.1094410218	-0.1827111715	-2.0240700118	0.0238438003	-0.2430361458	-1.1305426481	0.9262626422	-0.0319932935	0.1661848113
N47	740.52112	17.584	C18	NEG	-0.5825003175	0.2531303228	-1.9830816876	1.2859539957	1.2041208039	1.4354625633	-2.0202800886	0.6868345772000001	-0.2906521649	0.0589722912	-1.1987486767	0.7162134311	0.3886092746	-0.1225379114	0.7794602782000001	0.5684457918	-0.3483907923	-0.8310116909
N48	619.28792	9.223	C18	NEG	-0.2090114173	0.8434328737000001	-0.980059397	0.9025773669	-1.2206705648	1.7505456697	-0.8762750763	0.9898196574	-0.240852347	0.678221688	-2.1080095082	-0.2275071244	0.4983499947	0.4116780159	0.2517108034	1.2854639863	-1.3699011186	-0.3795135023
N49	478.29404	10.637	C18	NEG	-0.1212761559	0.9151910524	-1.3393280168	1.6016579672	0.3551759693	1.576238877	-1.8654477458	0.8336339376	-0.2402529394	0.6045600459	-1.2407869159	0.2272082944	0.0928876043	-0.4655446906	-0.0236175668	1.2178360321	-0.976957293	-1.1511784561
N50	265.14805	8.045	C18	NEG	1.5456574543	-0.4414149502	-1.0120384958	-1.0519052693	0.2989831063	0.9887226907	0.4545224034	1.5228224344	-0.920931391	-0.0889972092	2.2603782335	0.046757373	-0.3071839847	-1.4719892622	-0.9116510315	-0.2668709092	0.0982419791	-0.7431031715
N51	861.54689	16.201	C18	NEG	1.1783679743	-0.0343181667	-0.3504807848	0.6516282107	2.481939629	-0.0758265077	-0.8158219990000001	-0.1474294608	-1.3889240789	-0.8216898427	-1.4572240527	0.7586355595000001	-0.5917724626	-0.8779213228	-0.7066589632	1.2371636675	0.8638492997	0.096483301
N52	872.5609	19.757	C18	NEG	2.0808157206	-1.1996199477	-0.2633170253	-0.9437392037	-0.6197548671	-0.3101005195	0.7411627158	1.2750886271	-0.3445170239	0.1530944571	0.5006128881	-1.1696837172	1.2973000205	-1.0342275733	0.9058821918	-1.6296447457	0.7644014571000001	-0.2037534546
N53	612.3297	10.164	C18	NEG	0.2743078003	0.9645665721	-1.6474504569	1.0540313538	-0.241999825	1.2369420469	-1.0564778285	1.3038105773	0.166919046	0.6979401299	-2.4449142228	0.0096253521	0.329899185	-0.1840894548	0.0103428055	0.9778554269	-0.9703735733	-0.4809349346
N54	566.34542	11.731	C18	NEG	-0.9406343822	-0.6198937272	-0.5771235754	-0.4855983738	-0.5243798962	-0.5151439424	-0.756651406	2.3974124235	-0.8589388653000001	-0.7402259423	-0.5931797116	1.1948490958	1.0018131939	1.1830284655	1.2832196146	-0.518015024	-0.5364132258000001	-0.5320334725
N56	564.33018	10.071	C18	NEG	0.070116199	0.8672102209	-1.1103804822	1.4577980276	-0.1271203733	1.708584228	-1.6298258849	1.0367066429	-0.1858099477	-0.1198479296	-1.9220171427	0.0223805915	0.1122425694	0.1588825778	-0.0345817998	1.3720394528	-1.1104087872	-0.5659681626
N57	817.50131	16.074	C18	NEG	-0.2495796267	1.0835074037	-2.2121477614	0.3727671862	-1.0232386005	0.7871249646	-0.0855059952	1.5157693599000002	0.4317889058	0.9443510155	-1.3297517027	-0.2086371963	1.2190297037	0.3088438079	0.5712246458	0.149133853	-0.7174190395000001	-1.5572609238
N58	714.50712	17.386	C18	NEG	-0.0951180926	-1.3237650582	0.5577914276	0.5946917728000001	0.7009667469	1.3362927441	-1.1131184775	0.4239909502	-0.5095291928	-1.1394999227	-0.9139485642	0.7717306971	1.5572695127	0.1922950809	1.719455041	-0.1591814377	-1.1209209592	-1.4794022685
N59	790.53785	18.096	C18	NEG	1.8771099515	1.0330482754	-1.8647906955	1.106932741	-0.6472428207	0.6989929022	0.7483420606000001	1.0099119216	-0.2556057442	0.2981374465	-0.6475357997	-1.4189578879	0.7919859937	-0.3409775634	0.2636605974	-0.5150488959	-0.7026706666	-1.4352918158
N60	834.54945	16.412	C18	NEG	0.4232863629	-2.3954766545	1.0600650533	-1.1043112345	0.278275713	-0.7176322304	0.2998322044	-0.645287048	0.7593223332	-0.3478036793	0.8735076101	0.70410658	0.6755286819	0.7258075076	0.8053550614	-2.1640753389	0.1934216912	0.5760773865000001
N63	890.53855	14.881	C18	NEG	0.123983601	-2.9512811042	0.2284288115	-0.5579852956	-0.0622798936	-0.2805236344	0.3253504787	0.1162698958	1.1526527974	0.8403100097	0.8485915123000001	0.3670564921	0.4976377346	0.7451452801	0.6297634936000001	-2.1337631431	0.229930087	-0.1192871229
N64	836.56405	16.68	C18	NEG	0.4670968373	-2.6135075083	0.8919455756	-1.0133552163	0.5979675758	-0.5776803393000001	0.431231808	-0.5559080142	0.6112155	-0.0496526171	1.1647715804	0.3217914252	0.1617200749	0.4302492505	0.2116909363	-2.1198651812	0.7453293281000001	0.8949589843
N65	528.30945	10.756	C18	NEG	-0.7604535128000001	1.5065857406	-1.5040604564	1.2963387181	-0.6151704248000001	1.5900643711	-1.1938743907	0.6506471367000001	0.4780522154	0.9893477373	-0.8316081652	0.1028081709	-0.4650314673	-0.7566763629000001	-0.6785896022	1.4847646946	-0.2899339811	-1.0032104213
N66	824.54279	17.941	C18	NEG	0.7256850183	-0.3095547719	-1.2878887559	0.7566384183	-0.2211931895	0.3428058824	1.2006223504	0.2666711757	-1.0717036736	-0.364435607	-0.8489342780000001	-0.3782421991	1.2820240626	-0.6707330399	0.6414168477000001	1.4958052689	0.8582959588	-2.4172794684
N67	716.52249	18.123	C18	NEG	1.4117321123	-0.9470282393	0.9068091733	0.3304776067	0.4584502682	0.3273721401	0.638802254	-0.7573715965000001	-0.7986036199000001	-0.8780536631	1.9918959907	-0.8666568761000001	-0.4861787274	-1.7433939279	-1.3643527716	0.0645952081	0.5855067328	1.1259979357
N68	508.34047	11.982	C18	NEG	0.2136005032	0.8966456433000001	-1.9612691431	1.9063015573	-0.7406285658	1.2536128047	-0.7372214197	0.7269015794	-0.1791519936	0.1007210884	-0.9591379055	-1.335426461	0.3260140633	0.024664093	-0.7822270552	1.6591971818	0.0899340898	-0.5025300604
N69	806.49639	16.606	C18	NEG	0.2276018716	0.7974457411	-1.7033112563	0.8418833097	0.0901527052	1.3897056893	-0.987275252	1.0372676731	-0.4931734548	0.5837145849	-2.393044745	0.1089578554	0.5255328948	-0.4258759766	0.4881633148	1.1279845706	-0.0236943211	-1.1920352046
N70	638.36648	11.496	C18	NEG	0.2135799003	-2.9710993934000003	0.9311047392	-0.8577265275	0.2320035995	-0.9945756127	1.0763232592	-1.1168164289	0.4576783259	-0.1647099029	1.440112569	-0.0488279755	0.0166091768	0.6753604555	0.1101797007	-0.4066940225	0.4408952272	0.96660291
N71	876.57306	18.305	C18	NEG	1.1873132936	0.6522813239	-2.1691712361	0.8186622624000001	0.5252126547	0.8065471604000001	-0.5025476052	0.7554994293	-0.6095763556	0.2069457062	-1.7031660617000002	-0.5327537713	1.1112187987	-0.4530588569	0.5585872451	1.1499225312	-0.29156077	-1.5103557487
N72	514.28391	5.244	C18	NEG	0.7722981222	-0.5541127144	-0.4660406505	-1.2654543797	0.3819233609	-0.2047373618	0.7692283243	0.4359948497	-0.4594306647	-1.9620627129	0.174525144	-1.5478602086	1.4156507456	0.7893905821	1.4392574544	-1.2546500011	0.3386926601	1.1973874503
N73	760.49102	16.23	C18	NEG	0.1196695967	0.7510842583	-1.6131186101	0.8511067055	-0.0698458039	0.9825617929	-0.8867676669000001	1.2520784361	0.0999080661	0.9877177048	-1.7118205608	0.6908190324	0.6846199399	-0.3283971013	0.7726323392000001	0.4422156472	-1.0459860398	-1.9784777365
N74	858.55083	16.363	C18	NEG	0.2779705049	-0.7713278241	0.5218095247	-1.8000383379	0.1226959225	-1.3879923081	0.5696409109	-0.9250640039	0.8740471738000001	-0.055200159	0.8702079688000001	0.5026430396	0.5875107197	1.1669601135	0.529043582	-2.5113397214	0.2968663048	0.360238765
N75	736.4915	16.342	C18	NEG	0.3348321409	0.8664868250000001	-1.0755745862	1.4257786893	0.1597021359	1.3096131299	-1.6093603899	0.8909775076	-0.6660224337	0.6839464528	-1.9275991665	0.3942319351	-0.0720977888	-0.7670321749	0.4828243436	1.2417504934	-0.4665483754	-1.2059087381
N76	526.29353	10.275	C18	NEG	-0.7773989433	1.2809027675	-1.5779548521	1.2502103613	-0.4903015144	1.5729660834	-1.2838513047	0.8352020157000001	0.5900051916	0.9789535167	-1.0005744099	0.2156610994	-0.5888858467	-0.6736521875	-0.5880399991	1.4826188761	-0.3035026542	-0.9223582
N77	981.51665	12.711	C18	NEG	-0.9216130439	-1.1635089196	1.0096253813	-1.974707898	0.2033849746	-1.3302013556	-0.5344439314	-1.4694704057	-0.1856175052	-0.6810988928	1.2279488315	0.7426120939	0.5744529656	1.3017387628	0.7398915079	-0.225736461	0.6969610216000001	0.6005374934000001
N78	821.53169	16.916	C18	NEG	-0.8744855829	1.5579657069	-2.0061008138	1.0951089354	-0.4780130908	1.4027125372	-0.8040120426	1.2894337507	0.1903877806	0.9969705195	-1.0948882639	-1.4386623284	0.4292049265	0.0975266735	0.1021481527	0.3700436563	-0.2050427268	-0.63029779
N79	871.53153	16.031	C18	NEG	-0.4086262332	0.407206076	-1.7593253667000002	0.7954320954	-0.206551762	0.9862150401	-1.1583277639	1.1688013011	-0.4374127687	0.6273273856	-1.8245338386	0.6819078605000001	0.6627957661	0.4439584243	1.2435535252	0.8360406711	-0.3823304969	-1.6761299153
N80	506.32504	10.912	C18	NEG	-0.5662184432	1.0906966837	-1.7355238898	1.5542165730000002	-0.0134672801	1.7582031888	-1.3940589579	0.6895567922	-0.1214006383	0.0627047492	-0.8978008603000001	-0.4586790178	-0.2439381945	-0.4442187834	-0.8654283609000001	1.8577803214	-0.2421269283	-0.0302969539
N82	873.5485	16.597	C18	NEG	0.0149578916	-0.198625052	-0.8768671002	1.1944960277	1.2765945927	1.2171234536	-1.8252266468	0.4652054093	-1.0392113505	0.1921384469	-2.2938559978	0.3315974374	0.0375605244	-0.3842619155	0.6305385999	1.1404011437	0.6763697928	-0.5589352573
N84	697.35547	11.394	C18	NEG	0.0749129311	-3.1379049938	1.1033242307	-0.5676790261	0.7646872057	-0.6537220989	0.5851978892	-1.1763191543	-0.0126491401	-0.3239597729	1.232072909	0.0572506968	-0.0472264641	0.7240747030000001	0.1599740821	-0.461250554	0.6539467678	1.0252697889
N85	588.46572	15.306	C18	NEG	-0.6370737355	0.4115176344	-0.3010324281	2.0288195172	-1.0669598108	0.143760336	1.0367420808	1.1325936386	-0.0811964354	-0.6123094093	-1.0169156551	0.8318831515	1.1162900107	-0.1771567603	0.3544368447	0.3217789784	-1.8257691416	-1.659408816
N86	878.58922	19.408	C18	NEG	2.2043233043	0.6039889422	-0.2214482039	0.9930198053	-0.5007196857	0.6534603505000001	0.772718392	-0.0012379612	-1.3605972091	-0.1042507476	-1.8197455895	-1.1758442342	1.246060144	-0.6064080852	0.3628292751	0.5708082516	-1.1438047796	-0.4731519688
N87	778.56007	19.583	C18	NEG	2.0240677062	-0.7540585689	1.1013506889	-0.8697878408	-0.9168328669	-1.0510758416	0.9475637605	0.3825643442	-0.6409971918	-0.1862389271	0.7903170664	-0.5830271228	1.3880974014	-0.4430833352	0.3704666212	-1.8576654652	-0.6285110178000001	0.9268505893
N88	509.28798	10.355	C18	NEG	-0.4588584607	1.2068156488	-0.3638938996	0.9474075513	-2.0078601307	1.4750567825	0.5763723749	0.8293969643	-0.0881271234	0.2524598768	0.1460004612	-1.3530867795	-0.0084522612	-0.1830535249	-1.57336374	0.9686786081	-1.3311797586	0.9656874107
N89	624.35095	11.27	C18	NEG	0.2924478876	-3.2277723141	1.0189526554	-0.6584672759	0.4472474481	-0.82613138	1.032838052	-1.1136461165	0.3472763744	-0.2725216733	1.0486076997	0.0188660747	0.1168469617	0.6335827923	0.0984151394	-0.2804021632	0.378968518	0.9448913198
N90	834.52598	17.909	C18	NEG	1.3901093834	0.6687240697	-1.5740026257	1.0008548388	0.163267434	1.2190953034	-0.4819504366	0.5250084071000001	-0.1103837825	0.0332930956	-2.3965693436	-0.4873149109	0.7176554176000001	-0.604645364	0.8046437802	0.7615819301000001	-0.2270470031	-1.4023201936
N91	797.53167	17.057	C18	NEG	-0.234140194	1.6270682029	-1.090222375	1.3998281125	-1.2229276993	1.225947357	0.9558513882	1.1625420888	-0.7527410885	0.6056487013	-0.4660446687	-1.6777133192	-0.3478519051	-0.6470443005000001	-1.279861091	0.8073747558000001	0.1780871336	-0.243801099
N93	536.29912	10.883	C18	NEG	-0.1656008165	-3.1505058033	0.913215489	-0.554345669	0.4888607168	-0.6572272076	0.7470853471000001	-1.1388046877	0.5328783043	0.0324111099	1.3304501813	0.4809295811	0.5144932160000001	0.7480871968	0.4651632966	-0.7380555351	-0.4227373448	0.5737026251
N94	914.53851	15.131	C18	NEG	0.6869959115000001	-1.0166598521	-1.53549968	0.2002785592	-1.5977700897	0.3519855769	0.4242502941	0.5393531185	1.1677963558	0.8931980514000001	-1.5409432392	0.9639376036	0.8971294089	0.6905826685	0.8553829955000001	-0.7338123192	0.4149874975	-1.6611928612
N95	524.29884	11.244	C18	NEG	-0.3037905665	1.0275431438	-1.8113934105	1.4791331680000002	-0.2797017535	1.5635377183	-0.7078100352000001	0.6420063619	-0.2938765284	0.7395333474	-0.8327914936	-1.2573355667	-0.0305951342	-0.5501900767	-1.2075992781	1.7176410754	0.4536626447	-0.3479736162
N96	498.28921	7.167	C18	NEG	0.8312501436	-0.1719815877	-0.5678627771	-1.2745518318	-0.3985194326	-0.3547796468	0.9542749135	0.6408493551000001	-0.0652994255	-1.5770694532	0.2016331043	-0.9706552681	1.6941455233	0.7577671787	1.4783032195	-1.9936613099	0.0113556914	0.8048016033000001
N97	793.50131	16.16	C18	NEG	-0.4180831903	1.4933027553	-2.3539338808	0.8241284103000001	-1.2650232536	0.8619832128	-0.1109217081	1.4463096426	0.123808185	0.7718642811	-1.1492760753	-0.5210901812000001	0.8795942187	0.2590900557	0.1675231831	0.6076952708000001	-0.5095667675000001	-1.1074041588
N98	574.44997	14.716	C18	NEG	-0.7396468637	0.5336288049	-1.1972523294	0.7601608325	-1.0377719328	0.2808820712	1.1739655814	1.8618723253	0.5316816455	-0.6693833071	-0.8655165238	-0.0753851729	1.5160206788	0.1735317527	0.165098945	0.6951393591	-1.6035215888	-1.5035042781
N99	909.5458	16.191	C18	NEG	0.1515514888	1.1604011143	-1.9384447359	0.9796716539	0.0278044007	1.1525410745	-0.7294522792	1.1271748893	-0.332311453	0.6485482111	-2.1183007366	-0.4943945321	0.4673875297	-0.2153342177	0.1467458576	1.2076111108	0.087846683	-1.3290460592
N100	719.48601	16.522	C18	NEG	0.4639684991	0.9606648346	-0.5895221156	0.9039083427	-0.8738912869000001	0.9126989481	-0.1145158179	0.350878497	-0.0896406413	0.2598185797	0.0138956055	-1.6805986074	-1.0007434135	-1.2757485735	-1.9307508337	1.4943832588	1.2775237276	0.9176709967
N101	791.48559	15.7	C18	NEG	-0.3840516367	1.1460142273	-2.3062455048	0.6633455499	-1.0299042534	1.1051841772	-0.0649428676	1.4545690856	0.2898760111	0.9172911753	-1.2883683771	-0.4808348781	0.9733460418	0.2421635355	0.3447724598	0.3544019367	-0.5014392885	-1.435177394
N102	578.34563	12.204	C18	NEG	0.21156352	-3.0949422074	1.3067215984	-0.1220445356	1.0306912365	-0.4288307414	0.2234796381	-1.3633459904	0.2277980473	-0.1155942567	1.1176740353	0.0069343366	-0.4862476309	0.2540530698	-0.1913099994	-0.334038763	0.5694233485	1.1880152943
N103	908.54916	13.253	C18	NEG	-0.6086543835	-0.9563484593	-0.2214740699	-2.7133042881	0.0079620828	-1.2594101919	-0.381845926	-0.8273444677	1.1036691021	1.1537475233	1.1402157177	-0.0954577009	0.9111501657	0.8237097303	0.6085124884	-0.7849266902	0.1917885286	0.166735689
N105	815.55185	16.788	C18	NEG	0.0636075874	0.7915752094	-0.8537280313000001	1.1069510837	-2.341710673	0.3515419695	0.9365237026	1.3338946881	-0.23246675	0.4887702907	1.7025332156	-1.1307300839	0.3619285251	-0.9410970702	-1.1091294083	0.0665055674	-0.6533497732	0.0583799504
N106	951.51885	15.806	C18	NEG	0.0255900263	0.4843567104	-1.7154318817	0.9204572633	-0.0822300991	1.2116499148	-1.1485496664	1.1529388053	-0.514815533	0.7209169837	-2.0193873013	0.5797471907	0.4728584229	0.0778000474	0.9215408919	0.8882408046	-0.3423965715	-1.6332860084
N107	592.3249	10.888	C18	NEG	-0.5990321545	-2.6934914022000003	1.1870181885	-0.3385133924	0.1526526111	-0.3981238453	0.1076609234	-0.6058829377	1.5505862096	0.7569815520000001	1.0569376165	1.4364911191	0.0417728139	0.2018644799	0.0279499031	-1.1924773665	-0.8148257168	0.1224313984
N108	281.24834	12.466	C18	NEG	-0.8202797579000001	0.8659658665000001	-1.489746903	1.8995595736	0.5592126871	1.6141682226	-1.2836723804	0.7288643673	0.2722659844	0.4475149319	-0.8782505381	-1.1521107736	0.0244017379	-0.1883885987	-0.2045797962	1.2065480522	-0.3195294647	-1.2819432108
N109	621.30343	9.827	C18	NEG	-0.330904138	0.5351826685000001	-0.7303867350000001	1.3505375935	0.1910472722	1.6646363766	-1.556292706	0.3291346919	-1.0604047792	0.3534464777	-2.1129769373	0.1890607216	-0.1981794394	-0.3499032736	-0.0851400707	1.9297154466	-0.4192792944	0.3007061249
N110	664.38208	11.865	C18	NEG	-0.058540017	-0.73481146	1.2174013575	-1.3486903713	0.3537917283	-1.4310763195	0.9015844362	-1.6270174897	0.5753323107	0.0072060454	1.7223309708	0.3240578592	-0.1615681026	0.4642160672	-0.1578083221	-1.849491853	0.0857333575	0.9825383425
N111	790.56026	19.176	C18	NEG	-1.2741668788	0.0604588888	-1.7613615841	1.044849041	1.0320941558	1.0410142069	-1.9223466991	1.0765994361	-0.0124868105	0.5471806526	-0.7346167424000001	0.7041030568000001	-0.3914785549	-0.1709445278	0.4013542799	0.6258538078	1.1058337148	-1.3719394428
N112	870.54506	18.795	C18	NEG	2.4485558221	-0.4368629583	0.4797678488	0.1481757582	0.3647769201	0.3633489471	0.207347407	1.2763332008	-1.4851643672	-0.5580986485	-0.3264019252	-0.1364500131	-0.3219704584	-0.7662051403	0.9873933614	-2.3053382988	0.026507277	0.0342852674
N113	917.53666	14.994	C18	NEG	-0.6342054394000001	-0.5053945413	0.1115880037	-0.6339514406	-0.3676105781	-1.0333707248	-0.0391034966	-1.914589878	0.1511385415	-0.4524030903	0.6138210172	1.2785308178	0.928428067	1.9483978085	1.2774195606	-1.2436433077	0.7914169546	-0.7818628154
N114	830.49343	17.067	C18	NEG	0.6981580062	0.7505626363	-1.5148320841	0.6941891907000001	-0.6929441322000001	0.9839524323	-0.0989536769	1.4925912256	0.2314079816	0.8784083794	-1.6047409456	-0.2560557496	1.1149752788	-0.2911515086	0.6596205008	0.0413099492	-1.0468745073	-2.0396229767
N115	608.35584	11.028	C18	NEG	0.119397771	-2.5113680572	1.1113895285	-0.8932973117	0.1284033831	-1.0054291063	1.1684141792	-1.2377858684	0.062709843	-0.5718167171	1.4603555686	-0.2458071079	-0.0265912307	0.8430130751	0.3284760894	-0.6362557033	0.6737381031	1.2324535614
N116	544.26725	9.544	C18	NEG	0.2309430822	1.1371803618	-0.9819840361	0.9714130299	-0.6532770571000001	1.3286089133	-1.1187805054	1.1229533194	-0.176618114	0.7633822736	-2.4505136776	-0.2961781326	0.3367995956	0.0487981739	-0.1622926433	1.2318083569	-1.2935196097	-0.0387233309
N117	860.5656	16.651	C18	NEG	0.5831978802000001	-2.566622852	1.3597647218	-1.4097745599	0.7531523724	-0.8959747036	0.3423836146	-0.8460469653	0.6069801960000001	-0.3123255826	0.9312319893	0.3609668177	0.1311592212	0.4498326655	0.2828606516	-1.3793637849	0.6126637062	0.9959146116
N118	610.33516	10.456	C18	NEG	-0.5240188531000001	-0.6834343123000001	0.9470009179	-1.3503253704	0.79630645	-1.5725621933	0.8797464316	-1.4265486247	0.8725846267	-0.4025300329	1.8166035808	0.443897526	0.1964109023	0.8873807171	-0.2479441203	-1.5560241422	-0.2868806973	0.5269028818
N119	1015.5059	16.285	C18	NEG	0.5076549639	-0.1262992877	-1.6773135871	1.0023395542	0.0091061588	1.4238175597	-0.9049613562	1.3280006954	-0.4573212351	0.7044941557000001	-2.1626160411	-0.4777917203	0.6011053983	0.0440458871	0.7521859654	0.9453645794	-0.1549946776	-1.3568170128
N120	733.54941	16.24	C18	NEG	-0.7040731767	0.7919843455000001	-0.3641201699	1.2871363404	-2.3351718308	0.1375779624	0.8008900778	0.4017420356	-0.7297548855	0.4026009254	1.6123601258	-0.4184620984	0.2048157371	0.1396663024	-1.752990915	0.9378119755	-0.9949025286	0.5828897769
N121	568.26593	9.757	C18	NEG	-0.5410747562	1.1839475864	-1.4734598438	1.4151783324	-0.4989273379	1.4950700719	-1.5893027333	0.7788089745	0.2682011704	0.8258804512	-1.5073265921	0.3061017663	-0.0152831262	-0.4047610299	-0.0286771347	1.3893946904	-0.7181716939	-0.8855987955
N122	835.53252	16.144	C18	NEG	-0.0499457596	1.0256851125	-0.2390981959	0.9029484331	-0.5895337333	1.5990124273	-1.708030496	0.5920334254	-1.2617540573	-0.2803762211	-1.104703176	-1.0243720007	-0.2129000265	-0.8598429320000001	-0.6030638258000001	1.4794037458	1.3350608827	-0.3443249746
N123	594.34025	11.008	C18	NEG	0.1532715522	-2.5305281206	1.196659886	-0.8878413723	0.310391809	-1.0463577351	1.1034983907	-1.2351127622	0.014646698	-0.7052874756	1.3786159587	-0.1169633734	0.0256059954	0.8807675878000001	0.2595453452	-0.6256562151	0.6818407943	1.1429030369
N124	862.57969	17.631	C18	NEG	0.3456485331	-1.0944171249	1.3958550838	-2.1823309234	0.751135836	-1.453452636	-0.1040162648	-1.6166572278	0.3525321846	-0.9789598983	0.8429192222	0.2230375313	-0.157444924	0.6466272028000001	0.2325226726	-0.1599157719	0.6523697764	1.0502138314
N125	769.50127	16.323	C18	NEG	-0.1694689499	1.5906899592	-1.5604699851	1.1289714285	-1.4294273378	0.7785997263000001	-0.1192863181	1.7442879751	-0.3713418322	0.474047113	-1.2717576062	-0.9365167044	0.8960863964	0.2980725797	-0.0566556062	0.7854692727	-0.7041808688	-1.077119242
N126	590.34563	10.667	C18	NEG	0.7309861591	1.3059234761	-1.383201392	1.2004183658	-0.2088530445	1.5232427865	-1.6577054199	0.7865474216	-0.0380618106	0.3346376068	-1.9310524134	-0.3097731096	-0.0422875624	-0.2046215009	-0.5415924996	1.393306489	-0.4803453513	-0.4775682007
N127	407.28015	7.557	C18	NEG	-0.3444082115	0.4292356888	-1.29807124	0.3139654169	0.652841081	1.0679163508	-0.6840461447	1.5096486508	-0.1381512247	-0.8754097318	-1.2679269783	1.0633624348	0.8420569508	-0.7887392867	1.685124264	0.4969460589	-1.5656582462	-1.0986858328
N128	894.54504	18.379	C18	NEG	1.05623912	0.2774349981	-2.4113571852	0.1406453343	-0.9300902505	-0.079654519	0.3826752922	1.3085794506	0.0843604914	0.8711842706	-0.6350655921	-0.6515439092	1.266478278	0.294914184	1.1676454609	0.0034312037	-0.2691684976	-1.8767081303
N129	295.2278	9.254	C18	NEG	0.5240014917	-0.8211388859000001	-0.6559686865000001	-0.4468023309	-0.1363653547	-0.44004286	0.210278669	-0.6471674105	-0.8044226406	-0.0399409401	3.7005014926	-0.2352087558	-0.2504769296	0.007596202	0.9580338843	-0.5301365356000001	-0.1276969794	-0.2650434301
N131	742.53835	18.497	C18	NEG	1.4861445041	0.1199475177	1.511282803	1.4842605695	0.5354062070000001	1.2617740962	-1.2917092057	-0.3197094108	-1.3007858874	-0.9438609595	0.4394175062	-0.5614209410000001	-1.0097770323	-1.629473085	-0.474309496	0.6005466411	-0.3310991818	0.4233653549
N132	502.2936	10.389	C18	NEG	-0.7664520693	1.1730484866	-1.2989459737	1.5227999374	0.0944619303	1.6779296778	-1.4773052303	0.4206061834	0.2221199532	0.6778764092	-1.0490613755	0.2025475292	-0.7017949933000001	-0.8534898384	-0.5463343191	1.7437044086	-0.3044300035	-0.7372807127000001
N133	632.35573	11.286	C18	NEG	-0.4821166713	-3.0595397815	1.2670399932	0.0002115371	0.3687432833	-0.0452782086	-0.4527989558	-0.342880537	1.4517124278	0.8720089525	0.8052118965	1.3497578214	-0.3441054442	-0.2184385111	-0.1800317623	-0.7399200848	-0.4605941883	0.2110182332
N134	736.51747	14.061	C18	NEG	-1.1508254015	0.5223471833000001	-0.5951608463	0.3516238417	-0.1148582587	1.2657869141	0.1441708324	1.3392130013	-0.6645802652	0.5415276575	-0.9045792483	-1.5145707208	1.5973664877	0.5836145151000001	1.4763966703	-0.7821567087	-1.6678312009	-0.4274844531
N136	327.23265	11.673	C18	NEG	-0.22002675	1.3021177544	-2.2508999057	0.9014568159	-0.1367221519	0.921045487	-0.9295357414	0.6802788160000001	-0.0111789102	0.8642425407000001	-1.9369803629	0.3218114245	0.3538358435	0.0281483987	0.6199302752	1.2046580911	-0.5792481723	-1.1329334525
N137	967.53687	12.906	C18	NEG	-0.4484991363	-0.9714685978	-0.1137530311	-2.5253704703	0.7177567218	-1.1463005422	-0.6437030642	-1.5100010535	0.7572652192	0.4408376993	1.1424163516	0.9247109817	0.139077997	1.0745730634	0.8042142498	-0.7128651522	0.3682793541	0.0184956595
N138	782.49397	17.37	C18	NEG	3.4891956462	-0.7237124127	0.3642502513	-0.5208662199	0.1120262866	0.2469821699	0.3656687602	-0.0031089177	-0.7279830417	-0.432613082	-1.6291710327	-0.0170745479	0.4965118187	-0.1328547117	0.3301965638	-0.9537083693	-0.1578954678	-0.1058436933
N139	889.57676	17.812	C18	NEG	1.3901384875	-1.3632154183	0.7545723452	-0.0044205459	2.321502066	-0.5888167172000001	-0.4651943426	-0.9080031787	-1.0930811653	-0.4990259393	-0.5815119707	-0.8170544213000001	-0.231552607	-0.660206529	-0.2561566374	0.3354699065	1.6417520133	1.0248046542
N140	768.55414	18.897	C18	NEG	0.5079989446000001	1.066751219	-0.8412775682	1.9441310842	0.5641037365	1.6893112594000002	-1.2101033402	0.8262677715000001	-0.353197563	0.5342585593	-0.9977101	0.0169212332	-1.519147784	-1.1866674152	-0.388578701	0.7418671715	-0.7236948590000001	-0.6712336484
N141	778.50145	15.93	C18	NEG	0.4751970704	-3.0220826973	-0.9972860308	0.2028195599	0.4244363306	-0.0928599883	0.1142617961	0.0458402911	1.1202135314	1.1889254515	-0.3466340416	1.0118437729	0.7759908975	0.5781754926	0.8825224033	-0.7478506850000001	-0.7265386844	-0.8869744699000001
N142	848.52731	13.649	C18	NEG	-0.1779945826	-0.3815070557	0.5832899300000001	-1.4932715014	1.035500654	-1.0516792421	-1.1173575707	-1.777725679	1.4004295764	-0.0505113021	1.0548399444	1.2777049346	-0.3481617911	0.5613182311	-0.8414034833	-0.1827498732	0.9781710333	-0.0331491515
N143	582.50956	17.101	C18	NEG	1.8782148378	0.3546002674	0.9582153441	0.0106946324	-1.40068842	-0.0019510283	0.7030296259000001	0.0417028463	-0.0791350287	-0.4121255277	1.6403951295	-1.5476958738	-0.5103284495	-1.0585330727	-1.6921034968000002	-0.3986225591	0.4757883397	1.0385424337
N144	794.54687	19.754	C18	NEG	2.8436894614	-1.0430731944	0.3633561196	-0.6509866541	-0.0082758624	-0.1394541563	1.3097939981	-0.6327109285	-1.1378557662	0.3156333481	0.7777837331	-0.6746376918	-0.7692243981	-0.7253328090000001	0.2726691311	-1.2844545947	0.8541889426	0.3288913216
N145	918.5452	18.156	C18	NEG	1.1673627843	0.8600175736000001	-1.9072482983	0.7590991348	-0.8027243683	0.5578064681	-0.0247155521	1.150976724	-0.3950624304	0.4210630137	-1.816369875	-0.6043701703000001	1.2512989811	-0.0513625588	0.6003895932000001	0.8401851185	-0.3876960112	-1.6186501267
N146	874.5578	17.79	C18	NEG	1.0645870875	0.7692201573	-2.1117528554	0.6517844499000001	0.2150448138	0.6584830698	-0.5109819608	0.9273045352	0.007716141	0.7315185867	-2.2347089179	-0.2129426861	0.9091513111	-0.35395965	0.4599351199	0.7472162647	-0.145181032	-1.5724344346
N147	562.31447	11.253	C18	NEG	-0.2369556772	-3.4957729159	0.7377266285	-0.2008954932	0.5210792277	-0.2628293522	0.4154250532	-0.7649361255	0.8999809354	0.5117086439	1.2233599921	0.7071315276	0.2018690489	0.3986152616	0.153731322	-0.6035950127	-0.5290315438000001	0.3233884794
N148	548.29641	11.503	C18	NEG	0.3529996385	1.2461682371	-1.6691060386	1.581449938	-0.2962635311	1.3621011019	-1.2042196157	1.199110714	-0.1026594148	0.5349859983	-1.3428577713	-0.6567136536	0.0767341031	-0.4781872233	-0.1142215652	1.1958216001	-0.3060427059	-1.3790998115
N150	608.31796	10.703	C18	NEG	0.1987842205	0.1613734213	-1.9747242238	0.9173415438	-1.671021105	0.9308086114	0.0047861982	1.2303363837	-0.4737522025	-0.2946655552	-0.5493046551	-1.0517195166	1.628707522	0.8268452301	0.7589830279	0.9731985841	-1.0693155562	-0.5466619288
N152	407.28007	6.809	C18	NEG	0.1164456784	-0.0495538263	-0.9502153669	-0.5685931439	1.8286282551	1.8722136985	-1.3236661238	0.8491932914	-0.0398582185	-0.9204971295	-0.7431626892000001	0.957342493	0.5211473859	-0.9599860358	1.3929668523	-0.4109674894	-1.3245438471	-0.2468937843
N153	833.51606	15.621	C18	NEG	0.0083628329	-0.2387959671	-3.1568997951	0.7300859561	0.3052323409	0.2627496339	-1.6126190457	0.7608874706000001	-0.0995238369	0.0800200384	-1.5814335049	0.7625827966000001	0.6100608586	0.0882200574	1.0333442852	0.0421656155	0.3929412179	-0.9544941381
N154	848.54243	17.471	C18	NEG	1.1270693187	0.376544344	-1.7445585116	0.3650488863	0.2361744985	0.3639303388	-0.360970466	1.0305233357	-0.1733097992	0.325572812	-2.2620969035	0.0921811815	1.3698188032	-0.0964642154	0.7874395916	0.792926148	-0.3571227515	-1.8727066112
N155	680.3769	11.097	C18	NEG	-0.1502361722	-3.0186662668	1.492289416	-0.4785152997	0.4625950929	-0.6136131659	0.4227587765	-0.7318380932	1.1375501512	0.1960349491	0.8501641190000001	0.9291808276	0.0183360746	0.2190297793	-0.4106431548	-0.785640255	-0.5584490217	1.0196622431
N156	1035.66291	10.672	C18	NEG	-0.6655069406	0.7440149512	-2.8425787502	1.0785238715	-1.2332204226	1.0581431751	-0.5993594308	1.0980691183	0.3504592418	0.110621125	-0.6757905482000001	-0.1728922431	0.5685353942	0.6937428853000001	0.2736111785	1.2328445681	-0.4251637971	-0.5940533763
N157	841.5011	15.857	C18	NEG	-0.6897263517000001	1.4578341429	-1.1267836951	0.4985500463	-1.403220719	0.990951741	-0.5283324612	1.8512031929	0.0233732149	0.8125822539	-1.7633094997	-0.8784426558	0.7904895243000001	-0.274488049	-0.050754734	0.2519994788	-1.0887091245	-0.5312227903
N158	538.31465	9.64	C18	NEG	-0.2663771246	0.2528185973	-1.3273467637	1.4721221877	-0.1928867245	1.6834871174	-1.7233346925	0.375379717	-0.4871540647	-0.2992957897	-1.4334622091	0.3639887406	-0.1353668362	-0.0153067965	0.0834102556	2.2754782213	-0.4553026226	-0.1708512128
N159	843.51764	16.143	C18	NEG	-0.3070587571	1.531754591	-2.1212873619	0.5257803121	-0.9521959224	0.8857657239000001	-0.442556484	1.6794495796	0.2790698031	1.0310974406	-1.1670743836	-0.5620677377000001	0.99678694	0.0431846743	0.1744425213	0.354143777	-0.6541544921	-1.2950802242
N160	594.34045	11.842	C18	NEG	0.0713754699	-2.7620668813	1.2147144419	-0.5938244751	0.5636195663	-0.9180031011	0.7628606028	-1.3681046107	0.0919442232	-0.5316235396	1.3410568511	0.0868418662	-0.2678115807	0.6081989611	0.0103036637	-0.3910575623	0.8598500627000001	1.2217260418
N161	867.51638	16.142	C18	NEG	-0.3668329488	1.2360111854	-1.0283149877	0.3179010173	-1.3666494983	0.8567755416	-0.3270599809	1.6176641604	0.1526626187	1.2352469081	-1.6520037107	-0.4880262358	1.0701411816	0.0810566313	0.3113738517	0.0796242607	-0.9687043555	-1.7891806266
N163	794.49637	15.169	C18	NEG	-0.3194870761	-2.8566645033	-0.2989707902	-0.3657749991	0.2229479539	-0.5351418205	0.1688168373	-0.357417971	1.2630980863	0.5960599271	0.2553536624	1.1968282106	0.8046944636000001	1.145139909	1.062122853	-1.5111861965	-0.0204184333	-0.4500001131
N164	911.56119	16.709	C18	NEG	0.7519606741	0.7880018581	-0.6191890133	1.039576275	0.108862199	1.3126555157	-0.6272153897	1.3264705482	-0.3945639685	-0.2448815512	-1.8354570865	-0.1650978622	-0.5901708723	-1.6665512332	0.2906025848	1.0180714513	0.8682935522	-1.15684383
N165	309.17429	8.749	C18	NEG	1.4837346449	-0.0313851002	-1.0220029988	-1.0410287446	0.8597432087	1.6255757677	0.7072089516000001	2.0746800666	-0.9576240389	-0.177551432	-0.9818618869	0.5409782526	0.087897288	-1.3036215329	-0.9690552243	0.1303312197	-0.3028022922	-0.7232161490000001
N166	552.29283	10.658	C18	NEG	-0.0409552573	-0.9582645196	1.0637832764	-1.417531403	0.0660114949	-1.5814281303	1.2329658723	-1.7401678781	0.1241659744	-0.5951610922	1.7928886866	0.0416818504	0.1347939208	0.806021108	0.5003302274	-1.3002564116	0.146333158	0.7665246033
N167	712.49153	16.473	C18	NEG	-0.7406331032	-0.3511185459	-0.7478020384	0.6782082813	0.5019007992	1.0148139524	-1.2816949587	1.3715781569	-0.0230265312	0.2274418424	-1.8054470849	1.05869253	0.8272375488	-0.5164677611	1.5933612884	0.6004981832	-0.8025451524	-1.6049974068
N168	918.57054	15.865	C18	NEG	-0.2022238677	-0.6636695322	0.4695417642	-2.0805549492	0.0685979996	-1.7545723527	0.5855640342	-0.8664257035	1.8441187054	0.3214580805	1.7839746696	0.1634695781	-0.2590025207	0.267331557	-0.5866505797	-0.6117271214000001	0.0639071693	0.1814664156
N169	303.23272	11.671	C18	NEG	-0.0932569502	1.2666558965	-2.114126548	0.9673331272	-0.187867518	0.9250249749	-1.033145988	0.6649901482	0.128353392	1.0938037672	-1.5327119547	0.6312790734	0.1673312865	0.0615118719	0.5524118501	1.0107771722	-1.0134575462	-1.4949060547
N170	922.52928	13.222	C18	NEG	-0.3053245313	-1.0587485946	0.4369544497	-2.6137380583	-0.373457516	-1.5547680325000002	0.3721819097	-1.0939948466	0.9922603068	0.0799857239	1.3670496	0.4848492204	0.361532419	0.8820529122	0.993231481	-0.8808510322	-0.0424635951	0.013648557
N171	818.55351	17.205	C18	NEG	0.1996930681	-0.7874692304	1.4801047707	-0.750617689	0.0181986799	-1.0486430791	1.507442293	-1.5843974148000002	-0.5631469232	-1.1911927165	1.3955338773	-0.4520848173	-0.5775016545	0.2612537689	-0.4997384912	-0.6409271165	0.7862443349	1.6597791095
N172	862.50711	13.502	C18	NEG	-0.6192087841	-0.5269018724	1.5809157214	-1.4563879204	0.655670533	-1.2503413698	-0.8363796045	-1.9270672944	1.1260236729	0.1149303735	1.3064351298	0.8048961093	-0.5384780767	0.6406546556	-0.2187107192	-0.2797801157	0.3964713347	0.2205762387
N173	576.3298	11.38	C18	NEG	0.0553185815	-3.3197004647	1.3188256342	-0.122488999	0.9916672187	-0.3574898386	0.1363562491	-1.034178081	0.2584719355	0.1921137106	1.240728654	0.007232357	-0.4407057175	0.1357600932	-0.1542034549	-0.2083486142	0.2939110387	1.0067296971
N174	446.3761	15.372	C18	NEG	0.2777151705	0.1837910878	0.5484192286	0.4268334885	-0.9089546326	1.5821567834	0.6979262936	0.8517755074000001	-0.0596660263	-0.1283412755	-1.1692498402	-2.3671831894	1.3048680445	-0.76876448	-0.8555430610000001	1.1867318726	-1.1487163145	0.3462013426
N175	453.28563	6.921	C18	NEG	0.1357362594	-0.0045384662	-0.9361953752	-0.5174964877	1.8317827819	1.830031657	-1.3551561529	0.8557840265000001	-0.0233365194	-0.9464220317	-0.8216768553	0.9550312258	0.4880175466	-0.9571730655	1.4324331677	-0.4235189265	-1.2736818655	-0.2696209188
N176	753.38124	11.273	C18	NEG	-0.2172352757	-3.1055759346	1.5391321608	-0.3982541542	0.5801675196	-0.4513866567	0.2183354204	-0.8638412478	0.7927903369	0.2220534052	1.0942916638	0.7776445430000001	-0.2961173637	0.3426193995	-0.3524599813	-0.7274147392	-0.1900525229	1.0353034268
N177	745.54836	15.997	C18	NEG	-1.3535832835	0.4083506133	-1.328931097	1.6878787507	-2.1635735744	-0.6557289248	0.6027234703000001	0.4549970119	-0.7505919775000001	0.7683909705	0.8771271046	-0.1009279468	0.5547793588000001	0.8232998104	-0.4463641113	1.4037899689	-0.7847988999000001	0.0031627557
N178	743.48564	16.165	C18	NEG	-0.6822278587	1.4910342128	-1.1676449707	1.1511161375	-2.1151319358	0.8299860311	-0.2106746461	1.6269826843	-0.1647672413	-0.0907012213	-0.7014551975000001	-1.0471148221	1.1882071852	0.3008173846	-0.0346959611	0.8376624599	-0.2847649708	-0.92662727
N179	642.36104	11.236	C18	NEG	0.3261835649	-3.2918314708	0.9220674373	-0.8697810591	0.3141634043	-0.7430153389	0.8145140507	-0.8082685106	0.5268521298000001	-0.0288706118	1.0464673731	0.1776813653	0.2851062078	0.6867086737	0.2399605232	-0.7869764973000001	0.3285536562	0.8604851021000001
N180	592.2649	9.9	C18	NEG	-0.4726218234	1.2107284813	-1.9782892135	1.1580738985	-0.5256177051	1.3458859923	-1.1049848956	1.1188336938	0.4648169673	0.9432886647	-1.6330273909000002	0.2878759227	0.2691351914	-0.2270430529	0.1581134947	0.8560042633	-0.8736579800000001	-0.9975145085
N182	666.39779	12.736	C18	NEG	0.4393623797	-3.1464149717	0.8972237055000001	-0.5623415134	0.4936492157	-0.7870506661000001	0.8922969084	-1.0914222505	0.2674597166	-0.1493950169	1.2154729632	-0.4619857108	-0.1560734441	0.5365538052000001	-0.0237599359	-0.1825011958	0.6353867082	1.1835393027
N183	533.29103	13.097	C18	NEG	-0.8108376339000001	1.0017824924	-1.2335388833	2.1573525691	-1.2841648712	0.7500924151	0.3987350158	0.7079431815	-1.4914664461	-0.1337770109	-0.7339694664	-0.6020035727	0.8524430516	-0.2504969954	-0.4663185666	1.717873749	-0.3943690678	-0.1852799602
N184	896.56107	19.229	C18	NEG	0.5798943164	1.0841427465	-0.2537689347	1.2098776794	1.484711055	1.4122026483	-1.8004826744	0.8511800779	-0.7144203782	0.0503814166	-1.3803341306	-0.3053259591	-0.6841881051	-0.9583874998	-0.0250253585	0.6646296919	0.3188875447	-1.5339741362
N185	650.3664	10.791	C18	NEG	-0.5169028114	-0.5983351133	1.1267169969	-1.1907113392	1.0609857644	-1.2744626256	0.6213150649	-2.273320365	0.6701686251	-0.4043145779	1.5278852305	0.6292554045000001	0.0258658501	0.7176175840000001	-0.1689105578	-1.1589200447	-0.1002576997	0.707989501
N186	713.35048	11.11	C18	NEG	0.073161245	-2.6426470638	1.2010504533	-0.6865378702	0.495753028	-0.8588126442	0.8739331286	-1.5356321481	-0.0909747646	-0.5783507228	1.2865024799	-0.0765571151	-0.0614449858	0.8296117249	0.3214356971	-0.4506156604	0.6462599866000001	1.2538652317
N187	636.3491	11.988	C18	NEG	0.4375108113	0.9581030598	-1.8575505494	1.8931393054	-0.7507714801	1.2280715418	-0.5746211989000001	0.5998208166	-0.5366927223	-0.1573992274	-1.0451496673	-1.6122653796000002	0.3307877357	0.0178307662	-0.6789845556	1.5826466746	0.0657163347	0.0998077344
N188	842.55345	16.87	C18	NEG	0.192475901	-2.2404552265	2.0291278085	-0.2672320255	0.8953410523	-1.2581937754	1.0850541692	-1.5870710062	-0.0599335228	0.1305041333	0.6572073860000001	0.0354058411	-0.0383460108	0.8141367121	-0.2437471686	0.4644194474	0.9267315311	0.2866473372
N189	528.30908	10.103	C18	NEG	-0.0002539239	1.072538052	-1.6010574988	1.0359627921	-0.6689553524	1.3257966397	-1.1859668603	1.3565224028	0.3509598729	0.9742521875	-1.9868687709	-0.1357831386	0.2161248695	-0.0358674209	-0.1037386918	1.0467408725	-1.1382827122	-0.5221233191
N190	820.56892	17.902	C18	NEG	0.2774941482	-2.9613495627	0.8328059964000001	-0.6735124372	0.4952654434	-0.6942489005	0.8539036520000001	-0.9296641974	0.4345872417	-0.2313660758	1.5023759449	0.0782353917	-0.2608796692	0.2756247119	-0.1027341323	-0.9500619452	0.9425197198	1.1110046702
N191	901.54118	15.663	C18	NEG	0.6658582785	-3.4591774984	0.3710233359	-0.1691827528	0.7472752585	-0.8403889048000001	0.8682270799	-0.6485307102	0.2857353816	0.1607873769	0.1964724352	0.4013149096	0.2815720209	0.5045496624	0.6535396836	-1.1364946366	0.5842643390000001	0.5331547407
N192	694.39244	11.214	C18	NEG	-0.5353140637	-0.3008919634	1.7318892614	-1.1680751179	-0.1487992267	-1.0640962776	0.5305043516	-1.0345556811	1.3294955054	0.3040335061	1.4917357532	0.6218494144000001	-0.417846566	-0.1962088891	-0.5541358338	-1.4679852567	-0.8358676661000001	1.4133767865
N193	832.50901	17.332	C18	NEG	1.5239839087	0.6429321525	-0.6380152282	1.0770206492	0.6068217936	1.2146130348	-1.1605364744	0.5393396094	-1.1496087754	0.2875529378	-2.3841544574	-0.7285551922	0.5630520767	-0.8425949243	0.3424445539	0.9943987451	-0.2591814517	-0.6295129580000001
N194	353.20011	9.077	C18	NEG	1.3797544297	-0.3309549567	-1.1249758338	-1.0767876041	0.9244182333	1.4588667912	0.9851132072	2.1713991179	-0.7058218197	-0.064405917	-0.5835381203000001	0.5664947087000001	-0.0446377769	-1.2923762705	-1.1116986431	0.0014043053	-0.2953013673	-0.856952484
N195	564.33065	12.016	C18	NEG	0.0571123686	-3.433905142	0.7852693954000001	-0.1382340362	0.4251229315	-0.219590704	0.6799109688	-1.0781780182	0.6910353129	-0.1068838781	1.4449285304	-0.0443069984	0.1850495924	0.6390636278	0.1889076143	-0.4589298312	-0.2408008373	0.6244291033
N196	520.26506	10.318	C18	NEG	-0.3051587926	0.547417332	-1.8212120319	1.551172942	-0.6105487988	1.4681578342	-1.0829436706	1.415351684	0.5459486513	1.0233287583	-0.4893411386	-0.2515631068	0.382285433	-0.2309886072	0.1880460527	0.4154489159	-0.9508328833	-1.7945685736
N197	580.32472	11.297	C18	NEG	0.1200345446	-2.9147626502	0.0430259684	-0.8789087339	0.000596847	-0.1584509087	-0.4324405816	-0.1401613987	1.1537346488	0.8969486757	0.7586544145	1.090710511	0.6774743269	0.7663817373	0.8501213594	-1.6608744537	0.0562704705	-0.2283547772
N198	652.38168	11.629	C18	NEG	0.0091423141	-3.0479977935	0.9575144183	-0.6953692384	0.8448164304	-0.925856062	0.7088604735	-1.2211909567	0.4308890692	-0.226600873	1.1401982541	0.3211328112	0.0019540168	0.7258512945000001	-0.0120155114	-0.5783679479	0.6968498453	0.8701894556
N199	692.61904	19.913	C18	NEG	1.0191301475	0.5611994666	-1.4925060788	1.2557656571	-1.9947600479	0.6409095033000001	-0.0833901124	1.4552528571	0.6216585809	0.966384925	0.6421477359000001	-0.3363380267	-0.8543818199000001	-1.3434964312	-1.0878971211	-0.1477709512	0.6912741407	-0.5131824251
N201	872.52764	14.163	C18	NEG	0.1422721235	-0.7810215511	0.2919725968	-1.5309187262	0.1361964138	-1.3148020682	0.7864014569000001	-1.9094217312	0.5026561412	-0.452232028	1.1037683185	0.3334457804	0.4990045122	1.1817821471	0.8882219525	-1.8595225441	0.8639981671	0.3371774876
N202	892.55301	14.834	C18	NEG	0.2890305145	-0.1011786393	0.8303085784	-0.6315681444	0.7451246208000001	-0.6614694241	-0.3573396805	-0.9153665058	0.9895016506	0.2711629933	0.8642165444000001	0.5418774629	-0.2771531268	0.6229240159	-0.0355849009	-3.219271093	0.9726370338	-0.029030539
N203	690.39752	12.335	C18	NEG	0.0702611739	-0.8801127204	0.6439662653	-1.4712843901	0.3117463943	-1.5763508584	1.0899178305	-1.8065901718	0.4072970873	-0.2519849383	1.1563392456	-0.002097882	0.1406992834	0.9358509734	0.3139162383	-1.7784905426000002	0.8457529309	0.9710513603
N204	613.51467	17.622	C18	NEG	1.9381876017	-0.2442798138	0.4861275236	0.8900561878000001	1.0898423489	0.8008325893	-0.4015077763	-0.5812736764	-1.7531137851	0.048546165	-0.8107231504	-1.8579697906	0.1509475412	-1.1869773832	-0.7010775965	0.8355070361	0.9482254776	0.3486505012
N205	882.55019	16.231	C18	NEG	0.5237826597	-2.4692165489	0.0870718143	-1.4499079113	0.360129444	-1.0448208876	0.4739230068	-0.5570916696	0.9604709516	0.0913819156	0.7823200573	0.8092121565	0.9939419139	0.9955415676	0.7886442935	-1.6886264265	0.3351059179	0.0081377449
N207	295.22774	10.059	C18	NEG	0.1360626131	-0.3123683912	1.1886941711	-0.9559458164	0.8366076616	-0.8255234864000001	0.4669735468	-1.1390065516	0.8443641291	-0.2650393078	-2.5290601338	0.6309813635	-0.1648768157	0.7267818530000001	0.8276734001	-1.3016502376	0.5541922236	0.9687713874
N208	526.31435	10.007	C18	NEG	-1.2230081911	1.1924891706	-0.9382800347	1.1738309843	-0.6407476722000001	1.6752251837	-1.5588351049	0.332078878	0.3066876951	1.2417260439	-0.5582223071	0.1403079273	-0.463873288	-0.4959361286	-0.3842478282	1.7873668732	-0.6563418871000001	-0.9302203141
N209	744.56205	15.87	C18	NEG	0.7309639830000001	0.0401378774	-1.955932352	1.5214498211	-0.6779380765	0.9615663071	-1.9983722317	1.262117631	0.0585752898	0.6852477392	0.1632760139	-0.4255658907	-0.2195934761	-1.3503824094	-0.5234436152	0.2388909273	1.1692460219	0.3197564399
N210	605.40501	14.41	C18	NEG	-0.5147031892	1.2120953958	-1.295295907	1.7576714016	-0.8581341259	1.6570194166	-0.7032647919	1.2023848876	-0.1914469592	0.9607537001	-1.4797054642	-0.0669028069	0.1761657763	-0.6154002144	-0.7957179622	0.7095682038000001	0.0178820694	-1.1729694303
N211	780.51635	16.149	C18	NEG	-0.2527065311	-3.1992382422	0.0031827615	0.7041749526000001	-0.1775943823	-0.1855532347	-0.3536465921	-1.5812464394	0.6248179832	0.6114030143	0.1958040864	1.7083040296	0.1776269235	0.470855738	0.5180166691	0.2874614211	0.4341419539	0.0141958887
N212	816.57435	19.46	C18	NEG	1.5196463647	-0.084911407	1.4018924261	1.34981384	0.5543059779	1.1478363573	-0.2143083565	-0.2362847971	-1.6903920167000002	-0.4073665708	-1.6178127223	0.2025199436	-0.2764090931	-1.6601937093	-0.4640920587	1.1108625646	-0.2717512035	-0.3633555392
N213	411.20601	12.466	C18	NEG	0.2868972492	0.8513470674	-1.131763491	1.508591967	0.3536466696	1.5528222308	-0.9172806919	1.2794959955	-0.4178849308	0.5194031615	-1.6556690832	-1.6888470567	0.4545089935	-0.7496532138	-0.1529726761	0.9366417671	-0.0761778375	-0.9531061207
N214	841.51892	17.552	C18	NEG	0.1518330459	0.0061545652	1.0784356862	-0.3464535901	-1.0317748812	-0.4478406129	1.8125643749	0.3228762759	0.0099351139	-0.9835397266	1.2126925782	-2.1135267823	0.8854954292	0.3375887781	-1.4556989018	-0.4296802378	-0.3534402645	1.3443791497
N215	698.38763	10.748	C18	NEG	-0.1912120422	-0.9374585466	0.9449097853	-1.6259544362	0.8922542938	-1.5476960443	1.1575703239	-1.4930542067	0.3612748407	-0.5073833567	1.3632132044	0.0098074835	0.0448443311	1.0939479311	-0.3348525826	-1.4797303897	0.4848902828	0.8271705818
N216	650.36646	11.791	C18	NEG	0.2763103429	-3.3260004909	0.9254886879	-0.5436934025	0.6171981137	-0.6459616932000001	0.6913768244	-0.810716956	0.5448605506	0.1716699138	1.0593648419	0.558884171	0.1589890419	0.3782014584	0.0898816769	-1.1056017523	0.2010176921	0.7587309795
N217	550.31489	11.09	C18	NEG	-0.0867976215	-3.2927078265	1.2949692074	-0.0227673154	0.8627145795000001	-0.2543484209	0.0867710095	-1.2598763039	0.0818038842	-0.1940159048	1.143892012	0.2614791984	-0.261036983	0.3429346391	-0.0437366761	-0.1205818745	0.2957995289	1.1655048676
N218	840.5732	19.144	C18	NEG	-0.010909814	0.2083253524	-2.1904864606	0.4808807658	0.4114490261	0.6110158647	-1.0043473334	1.9258922315	0.0728163584	1.5071858452	-1.3766041037	-0.1435004846	0.3811256683	0.0669588239	0.9824902947	-0.3474468613	-0.0809379528	-1.4939072207
N219	806.49324	17.237	C18	NEG	1.5611258622	0.5268461666	-0.9040001878	1.3427239421	-0.0477418904	1.0696554087	-1.0867778699	0.5708758129	-1.2217672559	-0.0266111508	-1.92139819	-0.9339681576	0.4839917502	-0.8354798895000001	0.3874367794	1.4801933193	0.3168288326	-0.7619332822
N220	965.52081	12.918	C18	NEG	-0.7520040005	-1.4880230684	1.0642782409	-2.143460151	0.4522424791	-2.1662568469	0.6814484367	-0.9881181073	-0.1543522074	-0.6437452676000001	1.0409810673	0.5613695183	-0.1865403921	0.86042695	0.2641316227	-0.3406598668	0.6931220314000001	0.4283585192
N221	818.51847	15.726	C18	NEG	-0.1320699087	-1.1384606677	0.5246622216	-1.9602568211	0.0183289717	-2.3733750976	0.5938750616	-1.6562189018	0.9182499156	0.6426501896	0.6326357505	0.4650041334	0.7039509913	0.3629037721	0.6495518865000001	-0.4500496619	0.1872240658	0.4228837696
N222	504.3093	10.069	C18	NEG	0.0367923126	0.9404920208	-1.0761924303	1.383613149	-0.1375356362	1.6982655165	-1.6244104625	1.0383064732	-0.1777302518	-0.1445163754	-1.9436867185	-0.0342893614	0.1482948366	0.2219914997	-0.065960019	1.4025326031	-1.1155821922	-0.5503849642
N223	602.34539	11.782	C18	NEG	-0.0001335289	-3.5118470599	0.6342790388	-0.2857179458	0.6039754966	-0.5188491335000001	0.3207997044	-1.1004130508	0.6031539167000001	0.3257751425	0.8173134822	0.8341588508000001	0.2121607898	0.5591728518	0.3755241232	-0.7186050989	0.3112374296	0.5380149914
N224	476.27801	9.806	C18	NEG	-0.718849415	1.0673702703	-0.9384695049	1.4923848432	-0.1595310456	1.5905733139	-1.7032031881	0.6222082983	0.2556852206	0.4151945969	-1.4038532635	0.7577768589	-0.1156550157	-0.1645977544	0.0484883349	1.3253306531	-1.1896780602	-1.1811751428
N225	554.30975	10.887	C18	NEG	-0.0237096497	-3.3069858205	1.0379803549	-0.5434626706	0.4759047536	-0.4670870157	0.5490731295	-0.9799318513	0.5275133401000001	0.0833428911	1.2006910871	0.4946848359	0.4297359502	0.6479194477	0.4632609436	-0.8952631907	-0.2621863005	0.5685197651
N226	924.59356	21.685	C18	NEG	-0.1554655424	1.2734090003	-0.6469555244	1.6138821355	0.4002680884	1.2412006078	-1.0048149764	0.4867319091	-0.38629297	0.2366593322	-1.6812917985	-0.6571374641000001	-0.9468601607	-1.3111650298	-1.0450096415	1.1906463085	0.6412736096	-0.9008483844
N227	752.52191	17.764	C18	NEG	0.3491993603	0.0590368281	-1.2431851039	1.2356895188	0.4894122286	1.2651327646	-1.4113065233	0.961553593	-0.3716476826	0.8326834897000001	-2.2093444437	0.1188496262	0.3668297295	-0.2582711015	0.8814096914	0.9079194556	-0.4539997327	-1.519961698
N228	832.53358	15.68	C18	NEG	0.0228086468	-2.7677137817	1.3691566493	-0.7681440825	0.1960846388	-1.016358182	1.3559093435	-1.0408303768	0.1903580887	-0.5593640265000001	0.7952629181	0.5247136069	0.075144828	0.503505101	0.4058015581	-0.8450839383000001	0.4108593509	1.1478896577
N229	634.37147	12.0	C18	NEG	-0.1633837825	-3.0529532165	1.5607272968	0.1191180079	0.6483850914	-0.0833612249	-0.3284031827	-0.9339549627	1.1386846946	0.4957406158	0.9286476047	1.0712516332	-0.5738165934	-0.2581444452	-0.3813134254	-0.5942133507	-0.1609975883	0.567986828
N230	720.408	11.614	C18	NEG	-0.7296626451	-0.2838789901	1.6898126764	-1.4758363076	-0.0139870749	-0.8254304984	0.1853648066	-0.6139181862	1.4496298357	-0.1875611709	1.1304040312	1.0883163659	0.3783713231	-0.3468460614	-0.1174055662	-2.0642710646	-0.5155531693000001	0.9685727055
N231	814.52138	13.959	C18	NEG	-0.7394571961	-1.0457954005	0.3513950198	-1.3129066964	0.3337001213	-1.5858321037	0.1515245065	-0.73743444	-0.2386474013	-0.3878238149	1.74986756	0.0991419331	-0.9197053477	1.6392413056	-0.3151921702	-0.8120673384	1.8336831011	0.1530785212
N233	812.50656	14.413	C18	NEG	-0.052366395	-0.5376376534	0.6093730096000001	-0.2821588574	0.8499135788000001	-1.5181556641	0.4453638879	-2.9425352103	0.1874015613	-0.5198428708	1.0845829014	0.2876849705	-0.1048463011	0.9143851015	0.3903541474	-0.8844038316	1.0300390123	0.5052109598
N234	582.27119	6.25	C18	NEG	0.3775485206	-1.1970855244	-1.1354029823	-0.910595251	-0.6765564143	-1.0875401231	0.8342952117	0.2742387163	-0.8176882681000001	0.054938887	0.2913807783	-1.375025442	1.5068397925	0.7082662127	1.7859131906	-0.2287563977	-0.4471601055	0.957976437
N235	796.51178	15.655	C18	NEG	0.0467841162	-0.6640511651000001	0.498669378	-1.8215698726	0.8960336159000001	-1.3822288866	0.5306109641	-0.8048253693	1.211645264	-0.6306083741	0.8093752581	1.4463241093	0.4713099192	0.4808561544	-0.3319173217	-2.0802368659	0.5129762739	0.1468016375
N236	508.35533	13.17	C18	NEG	-1.2683775272	1.0327152587	-1.1165897498	1.1597759261	-0.364799152	0.3008471785	0.4052027761	1.753036425	0.3387438374	-0.4244506344	-0.960781311	0.0626709808	1.5619224482	0.2043602435	0.3448474722	0.2469816657	-1.5324642639	-1.7436415739000002
N238	303.23285	9.833	C18	NEG	-0.5851429734	1.271507829	-1.6293725756000002	1.2769354892	-0.4878797909	1.53406614	-1.6896629969	0.6966464742	0.3491730294	0.8507690990000001	-1.2110397859	0.3297733306	-0.2009172767	-0.4032392905	-0.2474216051	1.4928047778	-0.6358296411000001	-0.711170233
N239	636.38697	12.193	C18	NEG	0.2278118303	-0.953387025	1.1465117863	-1.3192728354	0.2157817121	-1.5490965412	1.1760670247	-1.746592241	0.0082083017	-0.5049813109	1.5513254878	-0.4652007907	-0.2894495725	0.6491510869	-0.1045305577	-1.1087496029	0.7761454857000001	1.3368707369
N240	925.50344	15.589	C18	NEG	0.4357276209	0.0351892079	-2.116688353	1.3427862222	0.0831006948	-0.0522758803	-0.4758956118	1.1289831698	-0.1005522426	0.5228245637	-2.0348703789	0.3376466265	1.0593319712	-0.087064932	1.4692340298	-0.5180093497	0.3189129075	-1.3483802659
N241	922.57729	20.096	C18	NEG	1.0528514205	0.9382736037	-1.2008353636	0.331304713	-0.5031448684000001	0.5161650709	0.1848043946	1.1007966401	0.2783793678	1.0581310822	-1.8938844261	-0.4201535105	1.0587447627	-0.495336006	0.7462122693000001	-0.1258463441	-0.2303404275	-2.3961223786
N242	816.53868	16.604	C18	NEG	0.3663167725	-2.986358422	1.2970171162	-0.7085056179	0.493604405	-0.7317964306	1.0661834724	-1.0664395731	0.0743780236	-0.7319676259	0.6773866085	0.1895523069	-0.0492253262	0.7582733168	0.4919718152	-0.7470224582	0.7493456269000001	0.8572859898
N243	869.55384	16.109	C18	NEG	0.31277621	1.3154378173	-2.0385715664	0.9509563243	-1.3565399592	1.4831440546	-0.3182027634	0.934553914	0.0002970334	0.8239246090000001	-1.4938408173	-0.7540834445	0.5274132777	0.1849098358	-0.0253017889	0.7524453367	0.0192217754	-1.3185398483
N244	554.34563	11.317	C18	NEG	-0.6821779281	-0.094307637	-1.8404644502	1.5094843959	-0.54483546	1.3560494985	-1.0836706831	1.3618672029	-0.1633008525	0.5365083835000001	-1.3747205876	-0.0947727321	0.6332758903	0.5281678737000001	0.2969706344	1.4503741762	-0.8981456576	-0.8963020671
N245	808.50798	17.224	C18	NEG	0.527678626	-0.1886881079	-0.3801935015	0.4769239436	0.2483346022	0.3761900374	-0.7972516828	0.2361738509	-1.9687969556	-0.1056814865	-1.8869439309	-1.0360834048	1.6045285888	-0.1083176704	1.7093064239	1.4850688025	0.1920882987	-0.3843364337
N246	530.32453	11.409	C18	NEG	-1.005028374	1.4238928889	-1.6519223211	1.4019085018	-0.3498480498	1.5224581764	-0.9250549266	0.6958974760000001	0.5485051012000001	0.7737737153	-0.6097546394000001	-0.1221482709	-0.7000231274000001	-0.9155586741	-0.8134179419	1.6150433702	-0.1215092378	-0.7672136668
N247	620.35588	11.898	C18	NEG	-0.2178215529	-2.8836835669000003	0.7670479446	-0.2245495044	0.024588619	-0.2506664873	0.1279071251	-0.4614311648	1.6444948933	0.7065002575	1.0679308746	1.1393809398	0.2547400572	0.3308254595	0.2056701963	-1.5904861976	-0.5567381454	-0.0837097475
N248	852.55895	13.202	C18	NEG	-0.6917677986	-0.5104684336	1.7587620438	-0.5323231391000001	0.4588262743	-0.9809685069	1.0528605522	-2.3102218248	-0.0181136548	-1.1603087882	0.8538842125	0.5558940914	-0.6327858145	0.9614677956	0.1846352239	-0.8918245896	0.5997778611	0.7922060617000001
N249	969.55124	13.462	C18	NEG	-0.5819226762	-0.9076695179	0.7721555991	-1.5878755698	1.5151072221000002	-1.2192476685	-1.2111323297	-1.8832289828	0.0841146847	0.070266723	0.8581313817	0.8788222080000001	-0.1603949646	0.3435336064	0.1764389604	0.1191187454	1.25609306	0.6891387461
N250	1021.52292	16.312	C18	NEG	0.2574072589	0.447337044	-1.5029264397	0.4274661943	0.6719412858	1.7333875885	-1.0096472299	0.7140485233	-0.7880534126000001	0.9820498363	-2.0309366002	-0.7751755678000001	0.2009613101	0.6950785746	1.2257091035	0.4213767352	-0.3890617437	-1.2809624608
N251	820.49645	12.745	C18	NEG	-0.9097736422	-0.4435906806	0.8563917506000001	-1.453556067	0.2779901643	-1.0048709106	-1.3891955214	-1.7500993662000002	1.1276549359	1.038594508	0.7512435919	1.3617297446	-0.7733711251000001	0.3936235635	0.4892132747	-0.1563769893	0.5071511218	0.4772739771
N253	213.1134	0.87	C18	NEG	0.4033534977	-1.709558233	1.8029795238	0.6202148209	0.7175642772	-0.1415041638	0.4958209278	-1.6157661775	-1.1512864585	-0.3383551862	0.9250074575	0.9032511094	-0.7906285521	-0.5695881772	-0.1078843495	1.5748405105	0.1297105717	-1.1481713988
N254	805.52162	15.42	C18	NEG	0.5055616134	-2.4270668074	0.7921298305000001	-0.4385373841	-0.2111286083	-0.261636396	0.3950333969	-0.7180278688	0.6425939794000001	0.0655377002	1.9537957598	0.0614522985	0.1588293977	1.0635449387	-0.2116221613	-1.8707009117	0.3295216127	0.6762812232000001
N255	723.37069	11.764	C18	NEG	-0.0033668638	-3.4312263499	1.0304649932	-0.4413249144	0.6272708881	-0.5420820474	0.2763701846	-0.9386763341	0.5363859851	0.1135110128	1.0228955713	0.7211149862	0.071440508	0.6401316911	0.1173982491	-0.7280702877	0.2778659657	0.649896762
N258	668.37705	11.622	C18	NEG	0.4228229054	-0.9144162142	0.5663755297	-1.8917501034	0.5024820214	-1.5808397854	0.3454547369	-0.7833490989	0.7293412463000001	0.1910898679	1.106649246	0.4923811853	0.5869870865	0.6520567983000001	0.3932423765	-2.4842743162	0.267501018	0.4838292856
N259	955.55039	16.997	C18	NEG	1.025305212	-0.2284169735	0.5469281987	0.5552524269	1.3035419802	0.3987400175	-0.220043634	-2.0200334794	-2.1974196825	-0.6545758606000001	-0.6474346889	-0.51043278	0.2450221729	0.0108662293	-0.7567206934	1.1804636209	1.4319502752	0.5370076587
N261	688.49155	16.998	C18	NEG	0.3853799867	-1.6616310751	0.8417010769000001	1.0574464863	0.9758329268	1.5083698909	-1.3100184582	-0.6788844593000001	-1.0227368014	-0.8556938378000001	0.1211056367	0.9149698944	-0.2572193453	-1.5350111152	-0.4264135646	1.5248365514	0.5350089802	-0.1170427734
N262	604.36109	12.612	C18	NEG	0.1445943202	-3.4273431897	1.0508865879	0.0559876849	0.9043351586	-0.1544757758	-0.0378818072	-0.9360083669	0.8797025232000001	0.5078864438	0.9067605585	0.5909183959000001	-0.4247154125	-0.0666168652	-0.3575177543	-0.6204427537	0.3899616511	0.593968601
N263	842.51577	15.796	C18	NEG	0.282877415	-1.1161108677	0.5128675448	-1.726552892	0.3057420597	-2.3809835482	0.7096263579000001	-1.9876610481	0.7592038372000001	0.6082537414	0.6449648147	0.3210262019	0.6977679535	0.4341140376	0.2427646257	-0.383521331	0.0717959434	0.5041929556
N264	634.33357	10.882	C18	NEG	-0.3309608613	1.1479657609	-1.3877647289	1.6456070819000002	-0.054999304	1.8997029069	-1.3689708931	0.6278774407000001	-0.4896917151	-0.0863974258	-0.7996011687	-0.6558734065	-0.1509629565	-0.5465030789	-0.8458849656	1.8726712685	-0.4436059673	-0.0326079872
N265	764.54862	15.043	C18	NEG	-0.9481023406	0.9307623997	-1.0081381905	1.1271246478	-0.4355224859	0.7509019394	-0.3580783267	1.362397979	-0.946479391	-0.0842393327	-1.9368128268	-0.4101827276	1.4983499893	0.4837079114	1.3870547266	0.4669602479	-0.9330393214	-0.9466648979
N266	687.54522	16.789	C18	NEG	-0.4265698199	0.8313367548	-0.9511911769	1.2366268926	-2.3963527105	0.5496970486	0.5525208367000001	1.1182370251	-0.3764220384	0.3606221	1.7727058566	-1.0677445814	0.2990520075	0.2851320287	-1.2155886914	0.3256615826	-0.8852081423	-0.0125149722
N267	832.60786	24.739	C18	NEG	0.4972573954	0.6812924889	-2.0613218204	1.5244697775	-0.2089377719	1.1048007625	-2.0602152921	1.108640021	0.0043331324	0.4043194938	-0.0246477853	-0.437642895	-0.6656964862	-0.8382832599000001	-0.0085934468	0.2003178187	1.605878343	0.2788302871
N268	901.54194	14.928	C18	NEG	-0.7356832029	-1.3498146882	-0.4795422501	0.9710802109	0.0188933971	0.1583204699	0.2041228407	-0.694492706	-0.0553257382	0.3268989485	-2.8310986288	0.2161900418	0.126397226	1.7205235177	0.5599198169	1.4658592215	0.5300824168	-0.1523308936
N270	756.48055	14.698	C18	NEG	-0.4528841365	-0.1124536185	-0.3949671354	-0.2412266067	0.2753930205	-0.9038982681	-1.5149985058	-1.59893953	0.8077640193000001	0.7280912916000001	-0.5820005748	2.1598211428	0.3906504664	0.9654136006	1.383456167	-0.4209671859	-0.2565134172	-0.7651615338000001
N271	772.51086	15.445	C18	NEG	-1.059376094	-0.5013190867	1.277061906	-1.1992145378	1.0604447867	-0.9868562211	-1.3406166156	-1.6712271941	0.6821134988	-0.6967296707	0.8850371938	1.4242172911	-0.4491167461	0.7342713775	0.5239810552	-0.1277348559	0.3398554961	0.4761544741
N272	798.52743	16.172	C18	NEG	0.2760769326	-1.1975935264	0.7163419790000001	-1.8689966009	0.5411495663	-2.6285221048	0.246219929	-0.419744057	0.9047381265	0.1029593584	0.5950446408	0.8196155414	0.1382274738	0.7678276604000001	0.3945487108	-1.5454242856	0.5517202029	0.4082169264
N274	802.48636	14.326	C18	NEG	-1.3114269584	0.3496366528	-0.059319191	-0.5940793172000001	0.2740080743	0.2262596092	-2.0988155847	-1.0335690553	1.4167296662	1.3624127948	0.8223123278000001	1.3892996207	-0.6672472509	0.5745050666	0.5135104003000001	-0.4695531732	0.0845247645	-0.8991049670000001
N276	722.51153	17.541	C18	NEG	2.0570891521	-0.0088497443	-1.6710493692	0.3086185062	-0.3193655785	-0.1083869049	0.4606000011	1.4831421088	-0.1552844159	-0.6387211844	-1.7469543529	-1.2869600845	1.5138679586	-0.0611857426	0.327602015	-0.7267983636	0.5310637433000001	0.0415722557
N277	866.55359	16.532	C18	NEG	0.3789697947	-2.7482629918	0.1291120169	-0.1699867712	0.23843474	-1.4603356896	1.4491639401	-1.3934718976	1.2044615947	-0.6847830490000001	0.1165365256	0.1288258579	1.0041233764	0.8272968877	0.0097570605	0.4974090586	0.1249697761	0.3477797698
N278	582.33982	12.003	C18	NEG	0.2464724303	-3.2229597524	0.8314738953	-0.5157901919	0.7005574336	-0.3793308576	0.1625375135	-0.9591771304	0.945481194	0.1580666038	1.2707822465	0.3357225064	0.1554204951	0.4237469318	0.2038744483	-1.276529982	0.2739847094	0.6456675063
N280	771.3918	10.966	C18	NEG	-0.2671082046	-0.9875008744	1.1118388303	-1.6505423143	0.9501547913	-1.5378229705000002	0.6975518833000001	-1.8538619787	0.2258626615	-0.7946631312	1.3382323324	0.2932309892	-0.0048681097	1.0909227159	-0.1529318169	-0.9241804548	0.5693886095	0.9087961673
N281	634.37122	11.317	C18	NEG	0.0328123162	-0.9813779452	1.2445064107	-1.473591491	0.3416345766	-1.5719535059	1.0741930797	-1.6495418441	0.1014111614	-0.3497981435	1.6436261712	-0.0541575689	-0.3682832839	0.4214521746	-0.1265618837	-1.2266249504	0.6468659680000001	1.3140108129
N283	845.53245	16.551	C18	NEG	-0.5306452666	1.5649132528	-0.7497408501	0.9168069595	-0.8951913016	1.3422328064	-0.8765195776	1.6151705964	-0.2527735412	0.5405419113000001	-0.5533127951	-1.0762134379	-1.5073856656	-0.590570813	-0.1675635031	0.7592552863	-0.8420577062	-0.6571169417
N284	618.47599	14.768	C18	NEG	-1.0408537917	0.7534605436	-1.0141590329	0.6667171819000001	-0.9429900627	0.4662967388	0.3603659872	1.8518600688	0.3379847725	-0.7279188404	-1.1313349891	0.0909195585	1.3689995796	0.3747397635	0.4904938459	1.1322687361	-1.7726470089	-1.2642030506
N286	812.54092	18.608	C18	NEG	-0.0604645346	0.0258466814	-0.0405720615	0.2234969775	-0.7948392349000001	0.2785317429	1.4315595954	-0.5017863366	-1.1198388703	-0.6996627945	-1.2346911456	-1.0688224952	1.7711785743	1.4170458398	1.7615656502	0.1241561301	-0.6110194881000001	-0.9422562919
N287	931.51613	14.384	C18	NEG	-0.0320275639	-0.6881353945	0.9146692176	-0.6283650161000001	0.3328576381	-1.0857248237	1.1349193941	-2.5888076036000003	-0.3503163439	-0.6148770292	0.7776790909	1.5156626206	-0.2421873174	0.8221754944	0.0419618351	-1.2414111157	0.4912418192	0.7525497035000001
N288	834.54873	15.187	C18	NEG	-1.7766183369	-0.5743856384	1.4863346537	-0.6848548965	0.2951039177	-1.0836302971	0.9046595256	-1.6805011686	0.0453282783	-1.2049266828	1.0711348418	0.6877334381	-0.473709218	1.3319388573	0.3793145466	-0.5317069431	0.6023354257	0.6320640581
N290	618.3403	11.131	C18	NEG	-0.8860481408	-3.0338827793	1.0755589252	-0.2256836679	0.1663527589	-0.2284563108	0.0009235327	-0.6047480153	1.4610731671	0.7505985996000001	1.0266640208	1.2320153788	-0.0754658153	0.1331364264	-0.0540518678	-1.0112510645	0.1168107999	0.1564540524
N291	293.17935	9.537	C18	NEG	1.3704210945	-0.1001884398	-1.3917001451	-1.3285871612	0.5710428882	1.7682654006	0.4110220414	1.6433549654	-0.7762694253	0.3080838953	-0.6398344638	1.0714232678	-0.3517082446	-1.4124245295	-1.217945024	0.4141852711	-0.1977879251	-0.1413534658
N293	552.30942	10.166	C18	NEG	0.2812278662	0.9964317998	-1.7790328735	1.035052045	-0.2069193214	1.1761594187	-0.9996304822	1.2451842825	0.1502332637	0.696425508	-2.4920714914	-0.0045410381	0.3807361136	-0.1597810804	0.0240737147	0.9471739302	-0.8651603225000001	-0.425561333
N297	715.36611	11.393	C18	NEG	-0.2524928996	-0.8302705823000001	1.4025064236	-1.0843592688	0.8382695048000001	-1.2994244321	0.6532180701	-1.9890858377	-0.1070280458	-0.7041959815000001	1.5898633072	-0.257800531	-0.4030687548	0.7950457062	-0.1331253568	-1.0120497896	0.7053536914	1.2583741946
N299	652.38217	12.531	C18	NEG	0.7017674715000001	-3.2107127582	0.8931084854	-0.5034128707000001	0.6960409026000001	-0.6614659142	0.9013635178	-0.9544589518	0.2150058491	-0.1967911518	1.0626587574	-0.397123069	-0.0700214282	0.3167185508	-0.1709307717	-0.4581768015	0.6948084647	1.1416217178
N301	844.56813	17.837	C18	NEG	0.8011795511	-0.6742594068000001	1.2261589048	-0.584122213	0.7593937501	-1.3694831673	0.947094207	-2.1226760191	-0.0691728401	-1.1890344873	0.8490152571	-0.1772527938	-0.6887918219	0.3895155263	-0.0797346484	-1.0403496239	1.0855168587	1.2627435598
N302	868.55413	13.413	C18	NEG	-0.0712330688	-1.1104730462	1.2659848213	-2.3685855825	0.6811923932	-1.1311090071	0.0546578957	-1.8915624636	0.1682754512	-0.7390807864000001	0.8867633821	0.6357098027	0.1134585755	1.0187232521	0.533589439	-0.5084565623	0.450387348	0.3928285476
N303	712.40343	10.697	C18	NEG	-0.1626270703	-1.1870946693	0.7476016112	-1.8646367114	0.5021426290000001	-1.9889902179	1.1072050728	-0.7660833078	0.2923429212	-0.6016026268	1.4176780369	-0.0040521151	0.0137987221	0.9725141412	-0.0787663481	-1.538269578	0.4808574349	0.7048040983
N305	798.53032	17.335	C18	NEG	1.603855994	-1.3744174055	1.3080212767	-1.2986241557	0.5486997811000001	-1.1684327102	-0.9939371961	-0.2229119474	0.454045071	-1.1328875422	0.7948108851	-0.3979499846	1.5092854066	0.6456359476	0.8304650833	-0.5116177342	-1.1140381375	0.5199973681
N307	775.59575	18.135	C18	NEG	-0.2494806508	0.9327256172	-0.8661323148000001	1.7327805199	-1.6229110315000002	0.0917311263	0.556245352	0.2200050851	-0.4620581964	0.2673123658	2.4542449993	-0.9448014274	-0.1500261131	0.3983980689	-1.3339095547	0.1849554206	-1.0452166889	-0.1638625775
N308	940.54887	19.762	C18	NEG	2.0380298445	-1.1427287716	0.0472812977	-0.8511889863000001	-0.5612875893	-0.3049014242	0.8317517879	-0.5151283819	-0.1175560181	-1.1229277034	0.6654243753	-1.543423087	1.4069844371	0.2119564437	0.938796816	-1.4375799306	0.78588527	0.1554832384
N310	844.52746	18.337	C18	NEG	0.8495199817	-1.2692259975	0.2628046516	0.7899797746	1.1588159152	0.3734652093	-0.6578285825	-0.9430600464	-1.8467231247	-1.6480193948	0.4093861339	-0.0539306185	0.0356546108	-0.5446323871000001	0.032865575	1.4875068296	1.8159157591	-0.2524942895
N311	588.32981	11.634	C18	NEG	-0.1330655061	-3.4537148804	0.3466326565	-0.2034788056	0.2618084288	-0.2828058912	0.4799920071	-0.4897878151	0.8392921231	0.9476479813	0.7210176174	0.91658502	0.3974860468	0.6042453974	0.5840041684	-1.110120975	-0.4620436278	0.0363060542
N312	796.51085	15.14	C18	NEG	-1.3899341104	-0.1303381537	0.2122022584	0.8083102135	0.4483836086	-0.6012031926	-0.0854282246	-3.0812938973	-0.5981214821	0.8187524242	0.2595606939	1.1767761045	-0.2304718814	0.9879193222	0.6980205476	0.1237316426	0.5355015270000001	-0.0827055541
N313	754.5008	15.95	C18	NEG	-0.8683898508000001	0.0956388018	0.2830189363	0.5479872326	1.1273619419	-0.8179964160000001	-0.8976614309000001	-2.2558581775	0.5569255888	1.0524920769	0.4742609108	0.6388619217	-1.4852736392	0.7656768306	0.8474606744000001	-0.5532249471	1.2903016304	-0.7059432830000001
N314	738.41887	11.049	C18	NEG	-0.1468677555	-1.1765543197	0.9065121925	-1.8245243554	0.9728219847	-1.961051495	0.8766097434000001	-0.8399369758	0.2559128913	-0.8146723237	1.1532731132	0.0746045031	0.003989313	0.9907181268	-0.1897753636	-1.5231834657	0.3743733901	0.8512595009
N315	834.47594	12.568	C18	NEG	-0.9087788318	-0.5862008913	1.0052355068	-1.4392481669	0.4991434679	-1.3687462247	-0.7826752199	-1.7965553263	1.0493917178	0.497307666	1.4505124913	0.9692010083	-0.8986577888	0.5468230766000001	0.115023896	-0.125741813	0.3671021677	0.6949205601
N316	656.37704	11.497	C18	NEG	0.1911463439	-1.0582286762	1.0520911301	-1.5983672546	0.0077789832	-1.8062230525	1.1878072658	-1.8619643592	0.2299042787	-0.2898348084	1.6356938512	-0.2789392945	-0.1773645106	0.6144713928000001	0.0072647806	-0.5453532878	0.4744023311	1.1574862102
N317	622.33557	11.925	C18	NEG	0.2711317589	-2.9282874609	0.8937731027	-0.4217407723	0.4761132201	-0.5319398242	0.7802006352	-1.5552095278	0.0899504653	-0.2391404642	1.4084974644	-0.3735992198	-0.2117893282	0.4202267376	-0.2767317957	0.1413385273	0.700640809	1.3565656727
N318	597.30343	10.076	C18	NEG	-0.5956695434	-0.0856113783	-0.683407043	0.7765219457	-0.025899778	2.2033977444	-1.7221904328000002	0.4274179205	-1.5829088401	0.2224672137	-1.241100475	0.7500606687	-0.1010350522	0.012532149	0.3715155098	1.8626260525	-0.5336142141	-0.0551024476
N319	498.26223	9.226	C18	NEG	-0.7667630009	1.1009892288	-1.3016309935	1.2798102005	-0.0260145228	1.6843649578000002	-1.4669060133	0.6340798628000001	0.2866363655	0.6919881039	-1.5488519625	0.5471236641	-0.5532738214	-0.4180195524	-0.5103910582	1.6344493148	-0.6517333512	-0.6158574219
N320	571.28806	9.705	C18	NEG	-0.5977128874000001	-0.0392994776	-1.4725187236	0.1966616939	-1.6521679417	1.8494519404	-1.0180564665	0.6227913007	-1.1342403426	-0.0415952719	-1.0096993632	0.4639958117	0.8502257402000001	1.1888637044	0.8983943811	1.4869034346	-0.3561921972	-0.2358053353
N322	808.47564	14.697	C18	NEG	-1.0575655314	0.2765819673	-0.4132160891	0.2882350119	-0.1213189611	-0.275240777	1.1193698772	-0.7011350083	0.816751667	0.8096487492000001	0.3757254015	2.4517023716	-0.7697969147	0.2855345005	0.4547991591	-2.0062493348	-0.3822474747	-0.5894621464
N323	564.33066	11.14	C18	NEG	0.0114827023	-3.3474640898	0.7107780776	-0.6856915171	0.2447043017	-0.5413276965	0.8208940495	-0.9683629991	0.2453130507	-0.0123645704	0.8699487308	0.0720354625	0.2047442155	0.7124555516000001	1.4025050239	-0.4516994534	0.185642586	0.5264065743
N325	397.22621	9.31	C18	NEG	1.2772752672	-0.2724031411	-1.2877801952	-1.3161200502	0.8193530293	1.3188868534	1.1508462476	2.0490009756	-0.8283675065	-0.0877403367	-0.2078597702	0.623268766	0.2172928787	-1.221723237	-1.1155601844	0.0633841664	-0.1677853131	-1.0139684498
N326	877.50592	14.574	C18	NEG	-0.0300422611	-0.8122379255000001	0.3505025688	-2.3867320592	0.4480112945	-1.3653937305	-0.9951569162	-1.2222799087	1.3154120131	0.792069711	0.2466149377	1.1126475597	0.470953781	1.146230814	0.5307119866000001	-0.9334272833	-0.0181752057	-0.395374585
N327	255.23258	12.149	C18	NEG	-0.8957997033	0.8751427131	-1.0978765945	1.9196802894	-0.1680033592	1.5740987683	-1.5057654372	0.7526411854	0.1498853456	0.5805275663	-1.3357558234	-0.7979992014	-0.3658776209	-0.2990116814	0.0465956608	1.4928436584	0.0563199969	-0.9816457627
N328	892.46338	17.062	C18	NEG	0.6545295221	0.8370454449	-1.6047206759	0.8631080535000001	-0.8435573784	0.9524264219	-0.1134495535	1.4023026524	0.1703210396	0.8244000681	-1.652798586	-0.0248438554	1.0232883341	-0.3294901464	0.8026215611	0.0479055353	-1.2025983682	-1.806490069
N329	682.35633	10.357	C18	NEG	-0.7751581776	-0.5738089143	0.6152696715	-1.8824350968	0.3055942634	-1.4532137618	0.0960006499	-1.2705224183	1.6142221158	0.4105688495	1.4518227408	1.191670938	0.2368007283	0.4743047285	0.0343381477	-0.9772328252	-1.0313394473	-0.0179239316
N330	815.50356	17.785	C18	NEG	0.3497298787	-0.3840414069	0.2192016286	-0.2752441477	-0.5045514089	-0.4963443767	-0.0428930231	0.6873607438	0.4055748563	0.5312163651	1.0851160994	-1.723254891	-1.0377022638	-0.9865337862	-1.3392683364	-0.4763654326	2.0796831043	1.9083163971
N331	788.54401	18.114	C18	NEG	0.0522046606	-1.5128500639	-0.1084871881	0.7137129364	0.76734943	0.43798931	-1.3408142369	0.2232641955	-1.3561675807	-0.8411368009	-0.9668134546	1.7270971297000002	0.5904033160000001	0.2521727262	1.7088649184	0.9142793952	0.1215891301	-1.382657823
N332	516.33167	10.337	C18	NEG	-0.7477394115	1.2147120534	-0.574278806	1.0997143266	-0.6081953401	1.6164827437	-1.270166225	0.2573325687	0.4348728338	1.3785972174	-0.4331130872	0.3646711216	-1.0233546642	-1.0985975853	-0.9725641864	1.771071933	-0.5963274564000001	-0.8131180361
N334	877.5226	16.781	C18	NEG	-0.1361737824	0.8318870738	-0.8348767703000001	1.0524550529	-2.2831011178	0.4545788385	0.7258450727	1.2471404373	-0.3993331398	0.7879082528	1.7046374872	-1.3649447534	0.1914636049	0.0050796399	-1.3231211714	0.1393110699	-0.7920995009	-0.0066562937
N335	590.34549	12.325	C18	NEG	-0.302307309	0.5502616161	-0.4069900751	-0.2802661023	0.4585795997	0.2862637002	0.6277459031	-0.8349091	1.6447872505	1.0246099563	1.3776956519	0.6672656307	-0.2330726971	0.4243618692	0.1765001005	-2.4645412256	-0.5839123782	-1.5818107749
N337	920.56132	18.598	C18	NEG	1.5579423182	0.2788933168	-2.0753467683	0.2140192968	0.3523687763	0.3143043183	-0.3363237514	1.6308413315	-0.3797291403	2.0337197062	-0.7597036627	-0.518907541	0.2379472869	-1.0516906033	0.1328462615	-0.0885371032	-0.2048422555	-1.3378017869
N339	578.30891	11.109	C18	NEG	-0.2509660123	-0.6780569347000001	1.0683436396	-0.9147295011	0.0675031229	-1.5510202378	0.969066469	-2.2904096951	0.4315789347	0.2071185427	1.9058939515	0.3570059202	-0.4513417275	0.7500507536000001	0.1463494513	-0.9869065787	-0.2113533779	0.7538163449
N340	694.42888	12.93	C18	NEG	-0.1146394907	-3.2155039819	1.4928616139	0.0264626797	0.0301062005	0.0678163694	0.5258255061	-0.5361356928000001	-0.424939198	-0.8769361619	1.4726443983	-0.1467418789	-0.4754171305	0.6366207808000001	-0.1414926424	0.8008928271	0.3165957253	0.561980076
N341	748.48965	16.53	C18	NEG	-0.8990064004	0.3428225612	-1.815611958	0.5869863864	0.1493432794	0.9359775864	-0.6898722112	1.3236551026	0.1921868603	1.0068514121	-1.9017150283	0.6933096697000001	0.7886178205000001	0.0082114675	0.955836956	-0.0589689627	-1.6186245414	-1.080683213
N342	620.35584	11.206	C18	NEG	-0.6448013042	-0.7239733565	1.4554148952	-1.2917650306	0.5206547958000001	-1.4887245922	0.8865704612	-1.8893596285	0.6085695532000001	-0.2512320413	1.4348656974	0.4092377198	-0.1307538028	0.440568979	-0.067186592	-1.3817388715	0.3754935318	1.0141862296
N343	744.55424	19.545	C18	NEG	1.8916524546	0.0315491628	-1.1447880786	1.0769608008	-0.2660187672	1.276884231	0.7175766520000001	1.0395277228	-1.5242367434	0.1534118991	-0.5904484413000001	-1.9925313698	0.136329134	-0.4044926317	0.1974980074	0.620644194	-1.1745057083	-0.0450125183
N344	907.53043	15.646	C18	NEG	-0.1713625521	0.5873310641	-1.6275256766	0.9862153053	-0.0666245356	1.1369861291	-1.7582589209	1.3334041532	-0.6443540912	0.6835689009	-1.6348104129	0.1136010966	0.2519039499	-0.4552151344	0.4246450914	0.7024776526000001	-0.6224998825	-2.5018182265
N347	820.51139	15.431	C18	NEG	-0.6994265546	-1.4729524725	-1.3032868977	-1.2343205828	0.2121244458	-0.3088036	-0.1750404429	-1.1538673966	1.4619883733	0.5471325060000001	0.4104604565	1.4430883926	0.7833554051	1.4058821158	0.8517005193	-0.9005938016	-0.6199523231	-0.8475084988
N349	666.60352	19.872	C18	NEG	0.3322676831	0.1371072935	-0.5125799659	2.2411563801	-0.4729093425	0.9804151877	-1.9786113822	0.4499709965	-0.480678166	0.5130042789	-0.7597148515000001	0.336137654	-1.3924001848	-0.6450142201	-0.4715500404	0.7141422561	1.6231508973	-0.6138944736
N351	818.55368	16.173	C18	NEG	0.5215828834	-2.5331366875	1.2273324843	-0.4288171449	0.4828820107	-0.7762831766	1.1548944257	-1.4404535336	-0.5233256332	-1.0188640722	1.1303296067	0.2190725094	-0.4804469267	0.597796663	0.1124026798	-0.2714462374	1.087579176	0.9389009732
N352	1565.15893	19.741	C18	NEG	1.2657315835	-0.7196266556	-1.2840764307	-2.0434873372	0.1537041871	0.371278726	-0.2343748606	1.2093434048	-0.9174631596	-0.0594301532	0.5980597803000001	-0.6049033083	0.5371287566	-0.138859019	0.1583930662	-1.2918204302	1.8905309713	1.1098708787
N353	636.35095	10.75	C18	NEG	-0.8313419312	-0.7053704556	1.0526531657	-1.4241065844	0.9378835096	-1.3617423227	0.7928136425000001	-1.5087828032	0.6697375403	-0.657038518	1.8019272941	0.4594517683	0.2239768277	0.8150770449	-0.0651805914	-1.4032015399	-0.1891280382	0.6870015359
N355	737.53694	16.784	C18	NEG	-0.0039747298	0.4377190904	-0.7255616840000001	0.7995847964	-2.8053998935	0.1398424382	1.2107103748	0.7174380962	-0.3810528774	0.3174958567	1.8092441552	-1.0377307786	0.5902834488	0.1257728508	-1.0591486051	-0.0233482801	-0.6403780593	0.5285038003
N356	980.66992	10.651	C18	NEG	-0.8456750190000001	1.0840794472	-2.2469461554	1.1351703726	-0.4382936546	1.2736571542	-1.2666163819	0.6155646195000001	0.2215791767	0.9925306091	-0.9783825657	-0.0893493663	0.2238842968	-0.2903244637	0.0228894333	1.640909587	0.0165195852	-1.071196675
N357	379.1558	9.111	C18	NEG	1.83846104	0.5471543589	-0.9129262003	-0.9523578088	-0.0353389337	0.596484456	-0.133777428	2.0332870351	-0.4602270299	-0.1464716354	-1.7461124443	-0.9574564741	-0.3682145455	-1.0988652646	-0.2823319178	0.8237444042000001	1.3286778816	-0.0737294933
N359	648.35077	11.254	C18	NEG	0.1785525059	-0.605650593	2.2052206233	-0.8814535131000001	0.9893281933	-0.9788655382	-0.1007879759	-1.6063238499	0.0433672723	-0.2395869455	0.8970588836000001	-0.3157094265	-1.2809994226	-0.1012809146	-0.9407088166	-0.0823518724	0.458394164	1.7561466331000002
N362	758.49705	15.572	C18	NEG	0.182898367	-2.7553317812	0.3071976682	-0.3064822821	0.7744336620000001	-0.3098877109	-0.7499561987000001	-1.4593462616	1.5308795997	0.9680663849	0.4483778939	1.1063828362	0.1319056279	0.2052043782	0.124897279	-1.1899558674	0.7306847297	0.2600316752
N364	770.4965	15.415	C18	NEG	-1.2220359605	-0.1798036933	0.3045753241	-0.7724052408000001	0.7065028719	-1.1640340157	-0.6376423722	-2.1931922404	1.3970281768	0.0796483987	1.1692513158	1.2450216758	0.2322795675	0.8696469440000001	0.5702399823000001	-1.1597849707	0.6231746278	-0.0482740845
N365	816.52936	18.378	C18	NEG	1.1348566101	-0.0700157303	-1.8680109451	0.1172983215	-0.8976528369000001	-0.2208369256	0.4919739401	1.2712797481	-0.0334332422	0.8855278341	-0.3695611465	-0.6245147993	1.2331947884	0.3185599352	1.2853762896	-0.042430792	-0.1893682602	-2.4222427891
N366	680.41327	12.499	C18	NEG	0.5434478867	-2.9597097123	1.6467349999	-0.3969165497	0.2603761044	-0.3926523532	0.6729391437000001	-0.6219836203	-0.0728893245	-0.4811077356	1.34117747	-0.3107624096	-0.6233670508	0.0773993687	-0.6345902320000001	-0.0660330935	0.8605831493	1.1573539586
N368	719.53347	15.642	C18	NEG	-1.82715885	0.0159500319	-1.46704447	1.7811360479	-1.7976147208	-0.2247466343	0.4831103637	0.9045904618	-0.5996618397	1.041821988	1.1636751508	-0.3072539561	0.2853050377	0.1823641443	-0.4816151877	1.1295582825	-0.6139866487	0.3315707986
N369	820.56872	16.687	C18	NEG	-0.4347884346	-0.42318439	1.1122310432	-0.1919405027	0.484371973	-0.9497561747	1.1095253061	-1.8304730949	-0.1278564927	-1.0836524868	1.5690639808	-0.4056613343	-1.2539932857	0.1740110192	-0.9448008131	0.1425240031	1.2055501092	1.4256451849
N371	856.50878	17.374	C18	NEG	0.6488181182	0.7113362111	-1.8393215009	0.6516431154	-0.4604914791	0.9033800996	-0.2953562866	1.3286941439	0.0405035351	0.7538778413	-1.7057752792	-0.1126908492	1.3581235393	0.0760339145	0.8619821346000001	-0.0570147392	-1.1195525271	-1.7441899917
N373	973.62615	10.665	C18	NEG	-0.9032940098	1.0356595999	-1.9111772718	1.4403956334	-0.3809504912	1.4117012133	-1.5017549127	1.0123254026	0.1719106217	0.4609999763	-0.8924262302	0.2785275816	0.2388399708	0.1367103566	0.1161313857	1.3028383327	-0.8850468743000001	-1.1313902846
N374	868.52878	18.046	C18	NEG	0.7493834185	-1.1705773382	-1.1798750109	-0.4660858394	1.2295741143	-0.4388346899	-0.2814466069	0.6237246304	-0.1282172053	-0.8655740169	-0.2971576388	1.4315411404	1.0752572903	0.289137384	1.792358762	-0.8900656598000001	0.4989989826	-1.9721417165
N375	660.387	12.358	C18	NEG	-0.9364781245	0.790346206	0.8413211518	0.0810123978	-0.0777013403	0.090184231	-0.1089365663	-0.8052594484000001	2.199841989	1.038290552	1.0835032001	1.160460032	-0.7300016943000001	-0.0269884826	-0.1787919476	-1.9295146964	-1.380055425	-0.3208858284
N377	750.52764	18.202	C18	NEG	0.7493412877000001	-0.8325135352	-0.2657895531	0.6655042041	-1.7762805652	0.4481023067	0.1104616183	-0.2861592775	-0.8104892425	-0.9030918314	1.5173851148000002	0.3700845236	-0.3230826737	-1.2991780048	-0.7466920441	2.461413812	0.5973593507	0.3236245094
N378	385.19038	12.147	C18	NEG	0.4654027813	0.6930841492	-0.8284989853	1.586758687	-0.0146748177	1.736249925	-1.0993264283	1.1164282957	-0.4594394294	0.5254179615	-1.9672093686	-1.5493302597	-0.0141707405	-0.557021874	0.0815252376	0.9469940225	0.1371254496	-0.799314606
N379	792.52853	18.784	C18	NEG	1.8662079259	-1.3347379642	0.6901218489000001	-0.1458598767	0.3408814684	-0.868785008	0.6164702052000001	0.8070292474	-0.6702603433000001	-0.3353777369	0.2543008129	0.1391976748	0.2847075389	-0.1816466196	0.8435038486	-2.9331882684	0.1346584057	0.4927768403
N380	604.46054	14.529	C18	NEG	-1.0719355589	0.7076741795	-1.0813822824	0.7352082059	-0.7300066579000001	0.7633520897	0.8612434938	1.8535194021	0.1245056064	-0.4924885751	-0.8503342587	-0.0518706297	1.3884140817	0.3065834702	0.1875880684	0.7292037971	-1.8701559907	-1.5091184413
N382	606.34007	10.926	C18	NEG	-0.6499256929	-2.9342768136	1.5833472717	0.0165901979	0.5677192602000001	-0.0852961558	-0.2466296805	-1.2411412735	0.9479585443	0.3866592873	1.0898388377	1.0612853121	-0.4229486449	0.00875369	-0.1877791382	-0.5586560368	-0.1261201425	0.7906211776000001
N383	903.55392	16.12	C18	NEG	-1.1418229621	0.6850544209	-0.3814536512	0.8790769686000001	1.3285755972	0.5050999245	-1.8042590981	-0.7099318462	0.6709863695	-0.6830023994000001	0.8595555023	0.6358736316	-1.5933103232	-0.6869069947	-0.7078714907	0.2584539062	1.4516917276	1.119245138
N385	876.5584	14.164	C18	NEG	-1.0182228116	-0.4800246815	0.7358622135	-0.5237293635	-0.2792898087	-1.8097479723	1.454413709	-2.3277625417	0.8934032913000001	0.2606586525	1.2775145167	0.5853553863000001	-0.2429354175	0.6967267195	0.0398446559	-0.6671800899	0.4797854326	0.4453034281
N387	1094.73876	10.972	C18	NEG	-0.8497837332	0.9678048804	-1.8791822782	1.2850962536	0.3951327672	1.4483786777	-1.4316727277	0.6702558562	0.1375108723	0.726965115	-1.3409736544	0.1263873449	-0.5488965825000001	-0.0688029268	-0.7398462499	1.6096376077	0.2310851895	-0.7390964118000001
N388	754.46514	14.485	C18	NEG	-0.2456255482	0.1743747758	-0.4295686409	-0.8189094846	0.0920085615	-0.3887805156	-0.6526221195	-0.1071217961	1.7308143278	1.8198590149	-0.1609067301	1.267902376	0.7064604611	-0.0738939975	0.4911651924	-1.3498968619	-1.0760929247	-2.1546881763
N389	596.35612	12.205	C18	NEG	0.2354372568	-3.0925438864	1.2278567933	-0.1598530027	0.9307691153	-0.4054715509	0.2158175633	-1.5859383919	0.2172618721	-0.0701890625	1.126942064	0.0887419125	-0.345735283	0.3200894471	-0.1043681167	-0.2773891427	0.5180330561000001	1.1605393564
N391	624.35076	10.471	C18	NEG	-0.77355914	-0.8794014198000001	1.2132982767	-1.38210527	1.0232939373	-1.6474754079	0.4454412559	-0.7470398881	0.3913764186	-0.9850206751	1.7351793403	0.2537770984	-0.7286058649	0.5860860812	-0.4532175687	-1.1795571738	0.3878287245	1.1132599676
N392	622.37141	12.223	C18	NEG	-0.0407269401	-0.9662587233	1.1777146682	-1.3380916623	0.4460155984	-1.4912594371	1.0932420393	-1.7098297674	-0.0694250704	-0.4430079349	1.5083974275	-0.2681259873	-0.5166139035	0.6663873033000001	-0.0873786413	-1.1732470989	0.8843544621	1.3615949443
N393	799.54802	17.788	C18	NEG	0.2128052524	1.045523508	-0.3935369461	0.7109859983	-0.6052779721	0.4727850304	0.82167402	0.3619383889	-0.296359023	0.0379270694	1.2066273045	-2.3460878459	-0.4240121118	-0.5529209887000001	-2.3018151899	0.2416091851	0.5306158808	1.2775184396
N396	630.37655	12.918	C18	NEG	0.2635867464	-0.5967704638	0.3017820448	-0.4922044125	0.5834459189	-1.5045130316000002	0.6216811254	-2.5115343855	0.2064060528	-0.2791611543	0.7009915568	0.1219777994	0.3300927635	1.1678175746	0.6965912831000001	-1.8357594382	0.9082508417	0.7205487146
N397	530.30211	10.672	C18	NEG	0.5671496708	0.1941954001	-1.9595880093	0.9688282379	-1.8424357041	0.9013153022	-0.2789923808	1.2468053497	-0.5397778055	-0.1831674132	-1.101817468	-1.0843498953	1.4653301556	0.8402817067	0.6011613843	0.9162174082	-0.3331748885	-0.3779810508
N398	582.37679	12.474	C18	NEG	-0.519553196	-0.9699295544	-1.3713698996	1.7667299352	0.1671877172	1.3013043712	-1.4851893052	1.1883589412	-0.2070552055	0.7742260944	-0.5882413796	0.4068444002	-0.3550458231	0.6249876676	0.1105905222	1.4540347927	-1.2227399205	-1.075140158
N400	1013.49015	15.805	C18	NEG	-0.4949091077	0.1610060002	-1.6576242879	0.5444443868000001	-0.4907854123	0.9193660942	-1.7583450009	1.6405781736	-0.5077763791000001	0.2956540428	-1.5383667757	0.8082160379000001	0.8023980225	0.1798827869	0.5429449485	0.5718532697	-0.8655489157	-2.3489789472
N401	708.40816	12.269	C18	NEG	-0.3290114402	-0.2046408954	1.4519224932	-0.6436626645	0.6087333346	-1.3798759244	0.3891082349	-1.6502458649	1.4096159026	0.3316602503	0.9337124826	0.6317434434	0.0640685384	0.1701338718	-0.3496807735	-2.2188775473	-0.2595726732	0.8402283361
N403	819.54805	18.825	C18	NEG	1.9799082571	-0.1614867232	0.5622528883	0.6171186938000001	0.2932604418	-0.7675464051	0.3641715347	2.3479761025	-2.0803597268	-0.3743710671	-0.2770548607	0.1762988898	-0.613582433	-1.2233827147	-0.2382074432	-0.723272433	0.0473167113	0.0709602873
N404	483.2725	10.188	C18	NEG	0.6415088643	1.1455249104	-0.974439717	0.7933641597000001	-1.7502120556	1.1429822764	0.207736003	0.8050797935	0.1565109811	0.4193074464	-0.0662420086	-1.617406855	-0.4097974012	-1.1114535595	-1.678977901	1.4194719481	0.1271687365	0.7498743786000001
N405	749.57993	17.444	C18	NEG	-0.9076381763	0.369732577	-0.5015152134	0.8095643472	-2.1190788062	-0.1437713407	0.8083433939	0.2033218585	-0.1798474362	-0.1646199826	1.8472112639	-0.5377989284	0.3892570477	1.0523783666	-2.247258562	0.6677241491	0.0132382932	0.6407571486
N406	653.46235	12.934	C18	NEG	-0.7668064154	0.4901850749	-0.1024505727	0.3286098536	1.7809376939	1.0721991619	-0.8189548196	-0.9152865118	0.0697462092	0.5693939865000001	-1.5812260831	1.5879093235	0.0369118607	0.0740256043	0.2732064095	1.0720689921	-1.7210333465	-0.9592513461
N407	701.35026	11.247	C18	NEG	0.2071986732	-0.5531956716	1.4548275106	-1.2854774468	0.7638683175000001	-0.8637404574	0.1474684968	-1.2845569592	0.4896308893	-0.0252962494	0.3762383821	0.6059880772	0.2117304906	0.9311205202	0.3425161552	-2.8350659341	0.5809316404	0.1826178937
N408	934.53231	19.727	C18	NEG	2.6864702143	-1.5519050162	-0.6833351886	-0.1407943315	0.0622730088	-0.5024215274	0.8514529835	1.6118373473	-0.8983030207	0.318183321	-0.4062760203	-0.7071372755	0.3853895807	-0.8517881003000001	0.0661071751	-0.9634932487	0.939127277	-0.2153871786
N409	840.53043	18.164	C18	NEG	1.0530649233	0.798326626	-1.9182719904	0.8189600823000001	-0.9094770047	0.7013921205	-0.0460510271	1.1233442427	-0.4551256227	0.5143383858	-1.7462762298	-0.5108396051	1.2135998998	-0.060183068	0.6685519256	0.8557683095	-0.4696488263	-1.6314731413
N411	780.5544	18.707	C18	NEG	-0.2552996528	-0.1044834462	-1.197661274	1.4783627032	0.5400110841	1.1666094537	-1.3828322706	0.748904572	-0.8966772829	0.7497617869000001	-2.0541582547	0.6485902071	-0.7604669918	-0.3986165616	0.6142860068	1.2137265362	0.0848368984	-1.5777257843
N413	804.51503	15.905	C18	NEG	0.323545849	0.2527775962	-1.1202870058	-0.6367238065	0.0343765257	-0.2763075716	1.5296792293	-0.7201605395	1.6713641668	0.6176116812	0.0900878077	1.3144785998	0.7082356758	-0.134105999	0.7043443999	-2.0748946468	-0.9705638384	-1.0606805276
N414	475.26738	6.983	C18	NEG	0.1715435059	0.1175205343	-1.1691461294	-0.6980004799	1.6508574165	1.7398308322	-1.4301261847	1.0917110872	0.097063556	-0.9689449491	-0.6612122588	0.8229194808	0.5791225815000001	-0.8256201943	1.3937730291	-0.3272264597	-1.3958544592	-0.1882109085
N416	746.51019	17.365	C18	NEG	1.8476127856	-0.0066622124	-1.7173828253	-0.2685536985	-0.4562300395	-0.5404378667	2.286564608	0.8679965580000001	-0.1684985264	-0.476832027	-1.1383045262	-1.0411043692	1.3291849383	-0.1334907244	0.2119346125	-0.6331364571	0.3475463743	-0.3102066038
N417	759.5174	16.911	C18	NEG	-1.5835197841	1.4652380201	-0.4000729653	1.7033559889	-0.5501557109	1.501251579	-0.2063495639	1.4337811928	-0.608287903	0.5352126925	-0.1929096792	-1.8092386807	-0.4274707478	0.0306427779	-1.1844208133	0.2204671909	0.1470212053	-0.074544799
N418	860.56291	15.596	C18	NEG	0.2061130272	-0.8016353574	1.5061114555	-0.97341248	0.4315508684	-1.9048128204	1.1944863849	-0.8458437689	0.473319228	-1.1060377143	1.1577202552	-0.1952358777	-0.8177068079	-0.3859869148	-0.7347290672	-1.0018072428	1.0503160423	1.1001116635
N420	897.5458	16.111	C18	NEG	-1.1303729233	0.1336714289	-1.6013167846	0.5768690026000001	0.103824336	1.0223446824	-2.3308282528	0.9090489261	-1.2898591974	0.6114907898	-1.5836867911	0.8971783568	0.0417654627	0.1365552775	0.9046812618	0.7563800266	-1.3427491777	-1.6544788759
N422	546.28057	10.778	C18	NEG	0.266520488	0.9823857363	-1.1178632791	1.5503519243	0.5663672671000001	1.4863180395	-1.8180245574	0.8599501003000001	-0.5873734499000001	0.5773544649	-1.5543603188	0.1069994034	0.2963780419	-0.6557033826	0.0623082999	1.0073872857	-0.8816568457	-1.1473392178
N424	496.2678	10.06	C18	NEG	0.2415468225	0.2690347619	-1.0746163665	1.1919327173	-0.8948622946	1.5958086399	-1.2264899854	0.9514839198	-1.1462533023	0.5283780971	-1.1401610486	-0.5851843981	-0.2570462884	-0.7179091400000001	-0.989456164	1.9386131584	0.414959846	0.900221025
N425	305.24826	12.369	C18	NEG	-0.8423447296000001	1.0632643929	-1.9244794602	1.7712154255	0.7459071932	1.2704294473	-1.1253345058	0.4872005839	0.0866062551	0.8223338335	-1.2641040108	-0.2201826506	-0.219343235	-0.3203113493	-0.2438439342	1.2852031339	-0.1804360586	-1.1917803311
N426	572.48076	17.095	C18	NEG	1.952213179	0.2460396497	0.7455931014	-0.1721749633	-0.7714849210000001	-0.1564944166	0.8115927093	-0.3035433191	-0.3294758996	-1.1924025304	1.4929317407	-1.3747095745	-0.4541269174	-0.8542302626	-1.8596220566	0.1853477081	0.9053682142	1.1291785588
N427	722.42374	12.36	C18	NEG	-0.0857931384	-0.4139731937	1.6087580699	-1.1549643688	0.3163233973	-1.3980425954	0.675158703	-0.818820251	1.311087383	0.4176615469	1.4594269508	0.3052657012	-0.9667985581	-0.0433148436	-1.2146619764	-1.383892679	-0.2112205894	1.1838272481
N428	479.37339	13.023	C18	NEG	-0.5938702621	-2.3789412084	0.9692103314	0.2320605419	-0.6551714941	-0.6976050492	0.9788932389	-2.1651913659	1.3757849703	-0.0658114932	0.5387194087	-0.356374026	0.7661614856000001	0.3045202836	-0.1605920537	0.5896809498000001	0.3464474669	0.9720782756
N431	630.23528	9.825	C18	NEG	-0.8647909321	1.2384986892	-1.5719453426	1.3172655163	-0.4264923828	1.5212515663	-1.7718253734	0.7887483626	0.3192408568	0.8655546665	-1.1862046991	0.2571803074	-0.0515227072	-0.3724156255	-0.1874615337	1.3945664271	-0.5971753526	-0.6724724430000001
N432	846.58394	18.066	C18	NEG	0.5473671663	-0.6391051589	0.5609232417000001	-0.3794769188	0.8173763246	-1.2548356136	0.9410769029	-1.7259157423	-0.2830029445	-0.5699820680000001	1.5182068761	-0.3108137849	-1.0626732999	-0.0567052778	-0.9838238159	-0.7747367488	1.3132024213	1.7038132815
N435	898.55783	17.482	C18	NEG	0.9238728279	1.7712869123	-0.7755591571	0.6967886679	-0.0349555755	0.4484920125	-0.9561392499	0.0199857236	-0.8479817159	-0.2590552031	-1.062021766	-0.8429159934	0.4244608451	-1.2872519907	-0.8092288193	2.1231797797	0.0114061108	-1.381944332
N436	927.51832	16.099	C18	NEG	0.3725982084	0.4433743334	-1.2795250045	1.0142586633	1.006048545	1.0173057809	-1.7343437638	0.3605253678	-0.9400313559	0.0049687215	-2.4843751209	0.2789234573	0.0381014864	-0.2928638773	0.3843805052	1.2865667362	0.8332505377	-0.3091632205
N437	666.39706	11.829	C18	NEG	-0.474225711	-0.9587951352	0.6207068286	-1.6047713056	-0.2417781438	-1.7811974663	1.2676460032	-1.5606829328	0.5095833663	0.0283814945	1.4488156559	0.2200415849	0.2780295443	1.1158512242	0.4418742159	-1.4000253113	0.6513721627	0.4803787902
N438	913.57843	17.353	C18	NEG	1.3145212098	0.2312447322	-0.6836794657	0.5632288008	0.7382864153	0.8914895422	-0.2353886009	-0.3673016507	-1.4078604415	-0.6578359458	-1.5987876280000002	-1.8930845432	0.2074909004	0.2672132295	-0.1953717689	1.3588273418	1.5840175018	0.6212767863
N439	559.47229	16.733	C18	NEG	0.7769085762	-0.1126369032	-0.1993969668	-0.9387763797	0.6562679236	0.8149597949	0.2518790196	1.2712641094	0.9874771195	-0.968944376	-2.3537238979	-0.2361089363	1.2636096707	-0.1295385807	1.2458569632	-0.8627333021	0.039303009	-1.5056668434
N441	749.38645	12.068	C18	NEG	0.4001075611	-0.9973419048	0.4905073135	-1.3173309326	0.5292205348	-1.4710047415	0.9381548297	-1.9331026634	-0.2036900404	-0.4320659854	0.5277524688	0.0581109574	0.334025217	1.1493477321	0.6419197752	-1.8037768937	0.9874956543	1.1043292132
N442	594.37673	12.252	C18	NEG	0.2188230408	0.1012846724	-1.234453393	1.7210489353	0.3931217009	1.6630818134	-1.4928603384	0.6538407778	-0.3501660503	0.5697944731	-0.9047147548	-0.3501660503	-0.7812969994000001	-0.6330363928	-1.3303029029	1.8870270668	0.1997415912	-0.3307671897
N443	433.19027	11.67	C18	NEG	0.4176696183	1.141749725	-2.1055480509	0.9818711922	-0.0823192591	0.9688194683	-0.7121039402	0.7307137601	-0.0732104608	0.9775504915	-1.9423613633	0.2833162615	0.3088319636	-0.0885501976	0.5067303208	0.9672109964	-0.6772612098	-1.603109316
N444	1091.72521	11.981	C18	NEG	-0.4534435889	1.271889724	-1.7938623443	1.6682496975	-0.8610837463000001	1.156010333	-0.9493789827	0.8223383298	0.5054050082	0.5304678599	-0.9116341015	-0.9941307925	-0.2649148657	0.5571826887	-0.8950020186000001	1.5601600128	-0.2519275332	-0.6963256801000001
N445	863.56174	17.527	C18	NEG	1.0267127768	-0.3122769434	0.5707426544	-0.2072840438	0.5095539776	0.065309597	-0.2247299568	-0.5339259865	-2.0214287303	-0.8126511643000001	0.3746761836	-1.0071847839	0.1801800574	-1.7680122131	-1.203086962	1.2278916352	1.5472868194	1.3851401207
N446	672.38685	12.107	C18	NEG	-1.3078100635	0.6727116225	0.4438734437	0.130332502	0.0274611833	0.1352308358	-0.349474805	-0.0930959577	1.7525715298	1.3692484328	0.3889586146	1.7578793493	-0.0170014381	-0.2525317527	0.1336115154	-2.0214773998	-0.6191273058	-1.4786486841
N448	678.39718	11.933	C18	NEG	-0.8654204347000001	-0.9190184445	0.8161273897	-1.7205093348	0.581124537	-1.8619709175	0.7076530079000001	-0.4337789783	0.8254249189	-0.2647909364	1.7331426907	0.3616983759	0.0258677265	0.7539844506000001	-0.1786874675	-1.6044294312	0.2466754716	0.4441099534
N450	647.45553	12.466	C18	NEG	-0.4536234852	0.5189646584000001	-1.3283677942	1.5906777661	0.7312206394	1.7983398266	-1.1721834636	1.2141271581	0.0254650359	0.6028524057	-1.3973727353	-1.4659497352	0.3595141477	-0.468202324	-0.1840671354	0.7911566297	-0.0998815016	-1.062670093
N451	880.58985	14.312	C18	NEG	0.2377450413	-0.6610721851	1.8031638108	-0.0571800863	0.7319796319	-1.5777618506	0.702198281	-1.2423074533	-0.3482746184	-1.800885891	0.5235761729	-0.3058356223	-1.5934236805	0.344245821	-0.5453452315	-0.2956345133	0.9990198194	1.1824129157
N452	558.33331	11.982	C18	NEG	0.6484805455	0.8474494939	-2.8356019113	1.4339099528	-0.8254725662	0.8975044523	-0.3872615843	0.6370033812	-0.3012824292	0.1396852156	-0.9882748347	-1.0392552084	0.6381240127000001	0.0783009162	-0.2402280882	1.4102035408	0.1540079315	-0.2672928204
N454	466.2936	10.012	C18	NEG	-0.9860096916	1.1907160994	-0.9640374845	1.1060326593	-0.7612745999999999	1.6688371725	-1.3521694148	0.4415154259	0.4008079232	1.2760652544	-0.6714391294000001	0.2394721966	-0.6037722981	-0.5768082130000001	-0.4844411471	1.8154532478	-0.74197976	-0.9969682405
N455	843.41338	10.85	C18	NEG	-0.8328836071	-0.8919015761	1.0401642051	-1.7617157463000002	0.603019003	-1.5976001429000002	-0.2143686403	-1.9659659214	0.6836111610000001	-0.1493778938	1.2414694907	0.9341367472	0.1427726852	0.8620890879	0.1207169639	-0.2892610461	0.120945605	0.7729870029
N456	599.49971	17.092	C18	NEG	2.461428058	0.3261703781	-0.0258556622	0.3498259074	-0.9039780056	0.2749209158	0.3689090787	-0.0401134709	-0.7367744044	-0.6117154878000001	1.1301753321	-1.6779172927	-0.4580321802	-1.0274544794	-1.5593584322	0.2012539085	1.1573868709	0.771128966
N457	664.38205	11.136	C18	NEG	-0.3813157781	-0.6357376673	1.1918513799	-1.3915362708	0.3787941417	-1.5687977011	1.1322648129	-1.7445775518	0.63006578	-0.0856083744	1.5551578401	0.2024958261	-0.1004785803	0.8631713295000001	0.1883029583	-1.5654803643	0.3725953988	0.9588328207
N458	313.23807	12.416	C18	NEG	-1.1634562071	-1.501588935	0.9030651787	0.3378256078	1.2870426563	0.3362668829	0.0849437546	-1.8757231715	-0.5286742346000001	-0.8952878517	1.3643708171	0.0494628439	-1.522425492	0.7110171028000001	0.3837065769	1.1807547716	0.9228307687	-0.0741310697
N459	784.47532	13.674	C18	NEG	-0.6012576841	-0.8936132471	0.5433509343	-1.5741507986	0.7302575263000001	-1.211742018	0.3337170409	-0.8739148009000001	0.1050530753	-1.5150554601	1.2569341706	0.2308361436	0.1027937228	1.0459951648	0.7410606816	-1.8721569015	1.1852505653	0.4991138369
N461	473.28199	11.211	C18	NEG	1.1661132976	-0.2776088281	0.2264128913	-0.0090911061	0.8115755410000001	0.8335483374	-0.208173375	-0.4009024294	-2.4144038293	0.2936766564	-2.3479488984	0.5063777542	-0.4891131331	0.4169407489	1.4376614825	0.5288944814000001	-0.5404530390000001	0.4664934477
N464	724.40306	11.494	C18	NEG	0.1086134633	-0.5655218015	1.1077264012	-1.6067374571	1.0651579741	-1.275678343	-0.4928263007	-1.1302439483	1.1858503956	0.4837314791	1.2337171398	1.1194003626	-0.1239267964	0.0414544518	-0.3767388371	-1.9856467018	0.0303382866	0.6158084301
N465	592.36099	11.296	C18	NEG	0.0185786503	0.8022636494000001	-1.1166464224	1.3718755247	0.5634239775000001	1.3725933726	-1.1849402887	0.2362359967	-0.1721257004	0.3837505725	-0.8762718766	-0.9801186833	-0.8998372977	-1.0203128807	-1.4787963526	2.0355823558	0.6006451759	0.3441002272
N467	687.27543	9.221	C18	NEG	-0.452612806	0.8767166502	-1.0558828064	0.9111748003	-1.31459802	1.6559295203	-1.0200267606	0.9322796971	-0.051383513	0.7151261557	-1.9925712294	-0.0879547355	0.5820996138	0.4706956691	0.3597074845	1.1426057298	-1.4749595804	-0.1963458695
N468	899.52667	15.15	C18	NEG	-1.7555360658	-0.2072173285	-0.5791720348	-0.7523614004	0.8601451680000001	0.2010084871	0.570708944	-1.8902771706	-0.0702990722	0.0630586545	-1.4297011111	1.2341664174	0.5526065007000001	1.7785419964	1.0629329504	-0.1327614225	0.3716795261	-0.0847403669
N469	876.55858	13.56	C18	NEG	-0.8049769252000001	-0.7248754267	0.7348928151	-1.3372971397	-0.2681611532	-1.7399513896	1.4917842858	-2.0801757927	0.9026222493	0.3803462886	1.1157082093	0.3290163918	-0.1398905162	0.9517380584	0.109874869	-0.7209068599	0.6469357619	0.4284408471
N470	656.31698	10.108	C18	NEG	0.236090651	0.931343389	-1.9014150567	1.0097269528	-0.5602037685	1.3258205131	-0.9303286243	1.3000666058	0.3337031319	0.9769196274	-2.2229963068	-0.2518767512	0.2226352567	-0.0446400675	0.0254600531	0.8462544362000001	-0.9079413095	-0.3886187326
N471	900.56014	14.504	C18	NEG	-0.5370220188	-0.560440012	0.6137084947	-0.4647241595	0.301101443	-1.8972392067	1.4135039947	-2.3593775747	0.6806433302	0.1597442044	1.1148267751	0.0866209208	-0.8185478876000001	0.7224024703	-0.0156513974	-0.6672531272000001	1.0547524046	0.612511334
N473	760.51132	17.791	C18	NEG	1.3669134019	-0.3906611267	-0.0313224173	-1.2555888534	-1.8729710696	0.2450127524	1.4748714619	0.2656563465	0.3333445366	0.1643787001	1.4730963393	-1.0384896286	0.320045904	-0.4748777899	-1.8219572152	-0.3878785748	0.6229884321	1.0074388006
N474	664.5876	19.12	C18	NEG	1.0959444316	0.4855781907	0.1153583931	2.1025573399	0.3547798867	0.8450896196000001	-1.5786138915	0.4034439469	-1.0573117982	0.5359550243	-0.3518998644	-0.1453385659	-1.5086362923	-1.2208284337	-0.9693321624	0.2515598229	1.3477208914	-0.7060265389
N475	676.38195	12.091	C18	NEG	0.1321114173	-0.8663156748	0.907304747	-1.2419602861	0.6760972808	-1.5908240711	1.1387995973	-2.1157923644	0.2338373329	-0.0182179558	0.9909762909	0.2958191166	0.1125407324	0.7883117448	0.1852503174	-1.7811635459	0.4673530676	0.8195565784000001
N476	774.52776	16.215	C18	NEG	0.1107426156	-0.4700649608	1.6565782925	-1.3051715014	0.7413071649	-0.7586827626	-0.8017279263	-1.1946224381	0.6536593814	-2.162941843	1.1544098157	0.7372625372	-0.5343795952	0.6340715598000001	0.3902979008	-0.2086582343	-0.0428833229	0.7220801214
N478	899.56255	17.028	C18	NEG	-0.3822956902	-0.2765700219	-1.0132043635	0.588030632	1.2702421241	1.0355108619	-1.6779710617	0.6314918713000001	-1.6987341741000002	0.1426698118	-2.3219746476	0.4197200444	0.1452509608	0.5108927786	0.9486447562	1.1316829526	0.0442000126	-1.175557909
N479	700.38179	11.935	C18	NEG	-0.7037559566	0.0395519209	-0.5643357427	-0.6976288823	0.1304661508	-0.5014598464	-0.9894811475	-0.9283894967	1.3177444913	1.8255066503	-0.4412856006	1.80577881	-0.1427478341	0.8184054114	1.1233417238	-0.916595871	-0.9633522263	-1.0888065045
N480	658.37108	11.558	C18	NEG	-0.9238800643	0.3111855789	1.037956061	-0.4319280202	0.1282313781	-0.5255263647	-0.6021843199	-0.4595293495	1.8910111216	1.2438318469	1.1145410872	1.707537768	-0.3075437879	-0.0564282679	-0.386961424	-1.4842417751	-1.415961902	-0.5289239872
N482	595.26129	13.099	C18	NEG	-1.0280537522	0.7719249127000001	-1.3325491498	1.8559577225	-1.549172298	0.7918547205	0.5625421339000001	0.7128280168000001	-1.7605373567	0.077429993	-0.2804959984	-0.2252071603	0.8703430429000001	-0.0109134002	-0.8612996544	1.5790601603	-0.2144674688	0.0407555362
N483	580.49396	16.37	C18	NEG	1.5115011580000002	0.3508531727	0.0636591099	0.1407984133	-1.5615293535	-0.1871283478	0.8670831250000001	0.2395636731	-0.4263321264	-0.5007455542	1.5211447387	-1.7942439029	0.2162854737	-0.8907826203	-1.8365334841	0.4118431879	0.6369983773	1.2375649596
N484	670.39278	12.393	C18	NEG	0.4799238359	-0.8823122651	0.9747833446	-1.3550794393	0.8177934326	-1.1894799523	0.9393039958	-1.2416515713	-0.1023774035	-0.2954947892	1.208217669	-0.6076510566000001	-0.2011441529	0.5174578079000001	-0.3518942708	-1.9924746931	0.8342916433	1.5654756
N488	606.37659	12.465	C18	NEG	-0.1297560617	-0.3245320629	1.1790993863	-0.5713880629	0.6327244772	-0.7778785460000001	0.5396230969	-2.7510204212	0.3756704203	-0.07484788	1.5510253883	-0.0254218072	-0.7464736507	0.487338716	-0.1626788015	-1.1990735674	1.1448153045	0.5282420091
N489	839.50399	16.84	C18	NEG	-1.1565722706	1.4449888712	-1.61727161	0.7753807512	-1.0178562932	1.2270526068	0.1423143028	1.8124684387	0.4463554341	0.4656310863	-0.3837549679	-1.8453466026	0.8124716387	0.0180566099	-0.6738068308	0.2416949893	-0.0911516259	-0.6006545280000001
N493	932.51662	18.795	C18	NEG	2.4079971	-0.3415384868	0.2273958035	0.3431321118	0.5861718258	0.6844618557000001	0.0329450879	1.3814052192	-1.377159403	-0.4155460713	-0.4136843955	-0.0833770273	-0.3790541884	-1.2289590713	0.9620633785	-2.07814041	-0.1323107586	-0.1758025702
N494	610.26652	11.504	C18	NEG	0.4118120498	1.1990943945	-1.6890411112	1.6099672532	-0.3010462487	1.3811754578	-1.1767943686	1.1330301517	-0.078123073	0.5697584210000001	-1.256042682	-0.6285186493	0.1731811517	-0.5003329133000001	-0.1912795142	1.1460984899	-0.3007627617	-1.5021760475
N495	441.12615	9.113	C18	NEG	1.5112085348000002	0.1063995767	-0.9244776956	-0.6209882622	-0.4516243467	0.7815690306	-0.199148228	2.0538151358	-0.4110690137	-0.0975284238	-1.9032815025	-0.9009432958	-0.4711887871	-1.1247488781	-0.2445195759	1.1107007932	1.3424855806	0.4433393577
N496	900.55889	13.687	C18	NEG	-0.9168846188	-0.7923002331000001	0.1901204003	-1.2461357215	0.0331677601	-2.0137413644	1.3646460947	-2.1541321855	0.8829763867	0.3656788622	0.608646276	0.688774525	0.1720295185	1.1565094625	0.4253879659	-0.1718662751	0.8007115532	-0.1858886398
N498	943.50559	16.312	C18	NEG	0.0944998348	0.8439502428000001	-1.5443976375	0.8857482186000001	-0.6303392990000001	1.1693900916	-1.0067688045	1.0965455249	-0.897247392	0.6866547949	-2.0074951298	-0.1561749091	1.1317985104	0.284285395	1.2156973812	0.1050073688	0.118970208	-1.3901243991
N500	754.46499	15.108	C18	NEG	-0.6982412904	-0.2849833974	-1.0921277362	-1.4262209274	0.1597675458	-0.8349326339	-0.2252072604	0.2641574969	1.4062033691	1.3513000119	-0.0503999457	1.3442691773	0.9970880084	0.4830397277	0.9904717721	-1.3651294142	-1.1632920766	-1.5058752387
N501	774.50377	16.722	C18	NEG	0.3169834676	0.4986171525	-1.9273044327	0.9055994648	0.5020333318	0.9816868172	-1.3443577826	1.2493834	-0.0164239846	0.8196813006	-1.0960287333	0.2411129297	0.4998811275	-0.4080582443	0.6281511225	0.4058213407	-1.3557097803	-1.9970972305
N502	935.54587	13.778	C18	NEG	-1.4090858686	-0.9413654473	0.9703471551	-0.8902982477	0.7473103914	-2.312016572	1.1265740057	-1.0296297033	0.3782184777	-1.1550910157	0.8432146088	0.4791672253	-0.6750076647000001	0.9153022248	-0.3061847496	-0.2642159407	0.8949458631	0.6568201069
N503	1564.15548	19.746	C18	NEG	1.2858004876	-1.0145863415	-1.6165364566	1.71391339	0.0399989139	-0.0072571505	-0.4365155794	0.9940286508	-1.3585590561	-0.5295627167	0.4992262475	-0.8502720033000001	0.3916693835	-0.1151477909	0.0918863633	-1.5273810775	1.269461822	1.1698329139
N504	313.16391	9.111	C18	NEG	1.4518861405	0.4334651087	-1.3714269890000002	-0.7230397654	-0.0210557908	1.0101431614	-0.1128962995	1.8346322815	-0.4627837785	-0.1886750859	-1.6755503685000002	-1.0817129179	-0.3682105372	-1.3553630058	0.0620652066	0.9258325938	1.3167853173	0.3259047286
N505	506.32448	11.675	C18	NEG	0.0403853076	0.9573385962	-1.5348738325	1.4433664676	0.1609423391	1.4112533674	-2.0798591743	0.8670306845	0.0130114762	0.6022420342	-0.8134566141	0.3201639103	-0.43876886	-0.4201469123	-0.5134249942	1.5199636241	-0.3807727385	-1.1543946814
N509	337.20518	10.115	C18	NEG	1.1573059881	-0.5505284095	-1.0787647178	-1.0810440694	0.8304748649	1.6872624279	0.9853964723	1.5966762368	-0.9026865494	0.295610863	-0.8314485841	0.9553680757	-0.5096947774	-1.5448705918	-1.325343429	0.1753697268	-0.0253317121	0.1662481851
N510	690.39738	11.433	C18	NEG	-1.0494861081	-0.5963850467	0.8427744484	-1.8029023154	0.7143234016000001	-0.9025793803	0.7335566541	-1.0545434834	0.9163265556	0.0222834621	1.5340583597	0.6321387866	-0.1043012838	0.6965739829	0.4751551315	-2.0873563983	-0.0965403734	0.5305185601
N511	728.52257	17.818	C18	NEG	-0.3018763749	-2.2447483817	0.8599610773	0.4533846429	1.7515663085000002	0.7360618216	-1.8097118914	0.2028505798	-0.2915959579	0.0314639883	-0.4759477627	0.9567266076	0.5689444311	-0.1286417293	0.9596577915	0.1561218456	0.1455851502	-1.5698021465
N512	682.39262	11.746	C18	NEG	-0.2156613574	-1.0547096125	0.8051858324000001	-1.9296152083	0.4411658714	-1.6778329366	0.7012023839	-1.60771912	0.4433193076	0.0906880227	1.380079442	0.3101519336	0.3554793234	0.7735791008	0.3875643578	-1.5850090237	0.5595226035	0.767899467
N513	725.38451	11.618	C18	NEG	-0.5075227157000001	-0.9433279594	0.785793986	-1.3532309446	0.2280255603	-1.6153644530000002	0.9192622363	-1.8953451138	0.1386115195	-0.1744676376	1.127176336	0.4818427433	0.3328369105	1.4206005197	0.5724330667	-1.5860427878	0.6991497166	0.4262410576
N515	478.29378	9.657	C18	NEG	-0.6237579239000001	0.2056043599	-1.5762078187	1.2791341861	-0.6319124878	1.5806856751	-1.6287199280000002	0.5512122628	-0.0862602467	-0.2367990956	-1.2961211177	0.5925831882	-0.1004693978	0.3552464069	0.4698586937	2.1142542053	-0.8027791865	-0.1655517753
N516	956.51616	18.377	C18	NEG	0.8953607837	0.3658384556	-2.1295585166	0.3235616153	-0.72142768	0.0406490664	0.3059987961	1.1609988507	0.1296142621	0.8914900606	-0.5560942425000001	-0.4566369433	1.0595995187	0.2889671143	1.0277378079	0.1471671086	-0.1614504376	-2.6118156198
N522	836.56367	14.423	C18	NEG	-0.3297969945	-0.6029046007000001	0.7790853845	-1.2959253745	0.2522691272	-1.0850993164	0.6944990799	-0.9956021199	0.5723108889	-0.6079133586000001	-0.1395236504	0.4740575606	0.2379636473	1.9456461592	1.7792284939	-1.9377870702	0.0803892077	-0.4238016646
N523	450.26229	9.431	C18	NEG	-0.6634336544	0.3907932671	-1.4361341379	1.1688719521	-0.0345386383	1.2215403981	-1.9875590959	0.8159390792000001	-0.0454422425	0.3763715891	-1.3308914718	1.0400879234	0.3436089834	0.2339504781	0.7065703487	1.3632389812	-1.1163182994	-1.0466554602
N524	842.51688	14.321	C18	NEG	0.0015362447	0.3079251067	-0.4983223011	-0.3605715191	-0.453343918	-0.4390469211	-0.0872276402	-0.3163072495	1.7233937603	1.9390993738	-0.5399628483	1.4377010349	0.5002499352	0.9836162736	0.1764588673	-1.7549438011	-1.2675927791	-1.0447365124
N525	750.50697	16.859	C18	NEG	0.5895350273000001	0.6954857031	-1.1238590333	1.295744296	0.5677849076	1.1723391873	-1.7910449295	0.9540941175	-0.2197143157	0.6393819182	-2.0713790773	0.268467254	0.1181113444	-0.4824740115	0.490318756	0.8570373311	-0.5055994886	-1.4542289864
N526	1452.85858	16.094	C18	NEG	-0.040884883	-0.9233593755	0.7240617988	-0.4978715311	0.5741816493	-0.5188820277	-1.0729834281	-0.8046269880000001	-2.3088593809	0.2788183318	0.2159243691	-1.5138735757	0.9181946565	0.6085406242	0.8181468365000001	1.3546991867	1.3348061506	0.8539675864
N527	692.41342	13.221	C18	NEG	-0.205638383	-0.4896297536	1.2883660317	-1.1946558755	0.8933123199	-1.1783161211	0.7646991726	-1.996464053	0.9040827358	0.3497349657	1.229995242	0.2372116768	-0.7028492039	0.3255620459	-0.7517562129	-1.4479972409	0.395435157	1.0892777428
N528	838.59437	19.498	C18	NEG	1.7848456427	0.5888685293	0.0225272549	0.8270363632000001	-2.2550692389	1.1695199114	1.0786655085	0.0236564711	-1.0173285249	-0.1172012512	-0.5949515757	-0.8842778357000001	1.2266212834	-0.8784913984	-0.1506523531	0.4118547641	-1.229862412	-0.0057611389
N529	804.47846	16.609	C18	NEG	-0.0637944321	0.5064568238	-1.8897670476	0.5800723624	0.6319612636	1.1760670304	-1.2260174165	1.0142388578	0.096094832	0.5117023325	-2.3687724317	-0.3696288038	0.7018768007	-0.5829311144	0.7764015315	0.8169348280000001	0.6654326461	-0.9763280629
N530	792.5558	18.466	C18	NEG	0.7072091236	0.8434791928	-0.5073978382000001	1.0640441406	0.2375802658	1.1589217259	-2.1188118117	1.1786628126	-0.2437853813	1.0817608138	-2.0888232683	-0.393429524	0.1384208224	-0.6188411826	0.0873665342	0.7118759191	-0.0318086324	-1.2064237125
N531	717.47011	15.732	C18	NEG	-1.2308487353	0.9450526896	-1.6197211431	1.5959719492	-2.0782908975	1.1999791361	-0.064238893	1.1283442146	-0.3132807074	0.2967260327	-0.4428333675	-1.1057789215	0.4448349002	0.1527131544	-0.0902866678	1.0867783069	0.4744961151	-0.3796171656
N532	462.37073	14.642	C18	NEG	-0.6799414943000001	0.8499988246	-0.5966009959	1.2465761154	-1.540228165	1.4610932832	0.3854495163	0.4435522503	1.0242542405	0.932495365	-1.1580951772	-0.8068476063000001	-0.0540561861	-0.4206975753	-1.3511715844	1.7440130895	-0.7419964465000001	-0.7377974538000001
N533	980.51597	18.161	C18	NEG	0.9008697429	0.9000091720000001	-2.2440936456	0.7105876396	-0.5126317047	0.5372470703000001	-0.0096066986	1.20456052	-0.2189566516	0.3853983898	-2.1480065555	-0.3788428717	1.1527403165	-0.0014450113	0.5329899615	0.7338929248	-0.2544006421	-1.2903119562
N534	894.47905	17.452	C18	NEG	1.4495442066	0.5215497994	-0.5417154482000001	1.0386051967	0.5780188339	1.1755751671	-1.1826477823	0.6782866458	-0.9996095806	0.354306861	-2.3886333732	-0.8217261762	0.4734221716	-0.9471360813	0.1678831847	1.2745110791	-0.2479641877	-0.5822705163
N535	494.32474	11.634	C18	NEG	-0.6211696558	-0.5938897149	-1.6353949314	1.3501350387	0.2684766848	1.2876131747	-1.3569200482	0.8265113426	-0.6593490383	0.5185701612	-1.4826009238	1.2395944732	0.0276817364	0.5125824162	0.5623183321	1.4015114938	-0.5285001285	-1.1171704127
N536	467.2994	13.107	C18	NEG	-1.3078049806	-0.6138823336	-1.2680461643	2.1675783673	-1.3083462635	0.7960286678	0.5408009598	0.4300914048	-1.2374067319	-0.228484094	-0.0619732656	-0.1852426141	0.943925176	0.1089497994	-0.0615105855	1.7542995810000002	-0.4082567827	-0.1222307258
N537	327.17958	9.787	C18	NEG	1.6458799838	0.5874371308	-0.964131404	-0.4307414978	-0.0439245232	0.5297911021	-0.2671650396	1.8824438967	-0.8359462835	0.1531664568	-1.6920499693000002	-0.6524201397	-0.6705729381000001	-1.5257327918	-0.4801287114	1.105500424	1.2272460993	0.4313482049
N538	608.31973	11.742	C18	NEG	-0.7246627813000001	-0.8098526868	0.8212827133	-0.5363696003	0.9869621277	-1.7506852475	0.4834522814	-2.609764539	-0.1425032126	-0.6456792455	1.2450623576	0.3755479832	-0.0723261646	0.5548616423	-0.0883957352	0.277923354	0.5686675775	1.256626489
N539	762.5299	18.034	C18	NEG	-0.8551011467	-1.706810531	-0.9595009473	0.3859114508	1.3058341253	0.3945907137	-1.3509572118	0.1028072834	-0.736735954	-0.5018105849	0.4668492755	1.8139156696	0.3111545836	-0.0786706146	0.9558800012	0.8488256664	1.1192816741	-1.5154634531
N541	692.41231	12.314	C18	NEG	-1.3485006187	-0.8350081427	0.2545928706	-1.0323277572	0.992820763	-1.1434918183	0.626883831	-1.0855669176	-0.3292048527	-1.7840040819	1.0863786525	1.2212177567	-0.2572337758	1.7047309245000002	-0.1221350796	-0.8986174143000001	0.3168025466	0.7120880536
N542	760.43929	12.4	C18	NEG	-0.6525943042	-0.1302419873	1.3718643582	-1.195664552	0.3339879726	-0.9028300818	0.573208069	-0.8700256036	1.707768672	0.6013345618	0.8851514077	0.9580895927	-0.7146248986	-0.0534855052	0.3372118128	-1.7079451107	-1.4539962651	0.7825498744
N545	935.54875	13.219	C18	NEG	-1.3556467027	-1.0080803601	0.9153454821	-1.3859611317	0.4315216812	-1.9588482559	1.1716002436	-0.6842578228	0.3205683071	-0.4144935196	0.8477275419	0.4808527192	-0.2516042839	1.4013942274	0.3252596599	-1.4810087199	0.442537143	0.5107556081
N546	828.47865	16.449	C18	NEG	0.1088818091	0.7954983192	-1.4909618705	0.5971021790000001	-0.0682990887	1.2111063387	-1.696095529	1.0181847467	-0.4910791712	0.64532418	-2.5586412391	0.3884418772	0.4083371357	-1.1764004032	0.2687910857	0.7669966037	-0.2181488435	-0.8017745146
N547	628.36108	12.23	C18	NEG	-0.5516428313	-0.8360544309	0.3823020179	-1.1241924395	0.683908217	-1.34393689	0.1190797133	-2.0217309432	-0.0400339633	0.0022986211	1.1300556925	0.366103199	-0.0828901114	1.3541800627	1.4066738027	-1.6481388208	0.5696196559	0.7983450174000001
N548	574.31358	11.993	C18	NEG	-0.043152713	-1.5285307488000002	0.8180190215	-1.3595604227	0.8427627132000001	-1.3229648127	1.2480481545	-1.5777335772	0.4278904435	-0.8173624622000001	1.2222818806	0.2421421282	0.5888449069	1.1241606113	0.4124553726	-1.2884619149	0.1306877094	0.8804737097
N549	696.37192	11.224	C18	NEG	-0.2137822932	-0.6974307157	1.1816875844	-1.6591999693	0.5702348139	-1.3839497405	0.5336420473	-1.8863090167	0.9508575626	-0.2054693801	1.450518944	0.4603473493	0.1809639719	0.3709748932	-0.2395380967	-1.4251563473	0.2466480453	1.067529632
N550	602.48117	15.618	C18	NEG	-0.8480730436	0.7978194034	-1.2062606059	1.1527848323	-1.1794580903	1.8968927176	-0.8283258602	1.5439144732	0.0805748372	-0.2305618003	-0.5254088094	-0.1700331956	0.5762825857	-0.275023545	0.0837615884	1.4904844305	-1.0876783679	-1.2716915502
N551	680.31704	10.167	C18	NEG	0.3612228659	0.8992490177	-2.2636107533	1.0075226301	-0.3123903275	1.2491157604	-1.5696243791	1.314745428	0.0542786141	0.6947321143	-1.2596521727	-0.1878812927	0.326699596	-0.3115056673	-0.0657100641	0.8717753012	-1.5050062497	-0.5636125940000001
N552	582.23547	10.282	C18	NEG	-0.3296757076	0.529174861	-1.6145404287	1.5892376759	-0.5506430928	1.4446110091	-1.1277188299	1.5037407202000002	0.5374678873000001	0.9974450821	-0.5095826877	-0.2430285709	0.3957995227	-0.2486823825	0.1030969634	0.4145866857	-1.0140868833	-1.877201824
N553	812.57966	19.471	C18	NEG	1.7443659486	0.7100031913	0.2295538326	1.1160486092	0.1408538397	1.1946817629	1.1089221115	-0.0104445977	-1.1801998725	-0.0422116265	-0.9194200848	-0.6761513322	0.5073038153	-1.7647270729	-0.7351986308	0.6064279947	-1.5513582623	-0.3375957864
N555	522.2836	10.382	C18	NEG	-0.6938362846	1.3545866784	-0.5504190814000001	-0.0458756022	0.0719679602	0.3897190436	-0.6917547208	1.1276364567	-0.4193365033	1.3224662265	0.3850089045	-0.1984778296	0.2450873454	-1.83415287	-1.5217414163	2.0056219132	-1.2311267807	0.2846265604
N556	695.33966	10.676	C18	NEG	-0.4115964347	-1.1875339186	1.8032587496	-1.439166905	0.3731474319	-1.2924245818	-0.0325239393	-1.0418768807	-0.8310102690000001	-1.0021957912	1.3638420754	1.4117351128	-0.4482239467	0.9506530745	0.161084062	-1.218235705	-0.1108227547	0.7224798213
N558	667.30667	10.813	C18	NEG	-0.4497947519	0.3578714188	-1.2177234496	0.6979949671	-0.5018328002	1.6073072389	-0.9526113915	0.7646711511000001	-1.7382838258	0.0249789797	-1.4371001242	-0.9438110221	1.5589136144	0.932107532	0.6105869081	1.1432686292	0.165860518	-0.6224035918
N561	786.52777	17.931	C18	NEG	0.7531187806	-0.9332443353	0.5547183771	-1.8240532458	0.4296536252	0.0264813199	1.2411927657	-0.4691351182	0.2696245974	-0.3295625551	1.726224056	-1.711767597	-0.0995924698	-0.3769348064	-0.7731737705	-0.9937666538	1.225411417	1.284805613
N562	594.28084	10.255	C18	NEG	-0.7441626196000001	1.2938312489	-1.4998941152	1.2265686573	-0.605023698	1.5503893641	-1.1676336268	0.8808429733	0.6793678911000001	1.0563586788	-1.0530564494	0.1987477207	-0.6343524355	-0.8118725037000001	-0.7353451318	1.3805627823	-0.0836826502	-0.9316460865
N564	327.23232	9.895	C18	NEG	-0.6452006237	1.2813327142	-1.2151449585	1.1218546229	-0.7784734347000001	1.3928580976	-1.4256237389	1.0704882348	0.4769821023	0.9239261895	-1.7800015290000002	0.304791605	0.0047226688	-0.5261361037	-0.1278492709	0.9261396026	-1.0801984797	-1.139612657
N565	457.19024	11.676	C18	NEG	-0.0460644951	1.1694570836	-2.188737322	0.9021794809	0.0282982872	0.8747168881	-0.9213286524	0.7986966267000001	-0.0725151717	0.737459867	-2.1948844424	0.0733120817	0.5720941945	-0.048225149	0.6173171233	1.1320990865	-0.2806393629	-1.153236124
N567	526.35077	11.207	C18	NEG	-0.9547753377	0.7490469148000001	-1.5123264897	1.5219110441	-2.0521064073	1.4192032119	0.2350797524	0.6878176496	0.0254274839	0.5990024862000001	0.1152890706	-0.4608789306	0.3878331907	0.2927784671	-1.6972030771000002	1.1316362394	-0.429645789	-0.0580894794
N568	596.29627	10.768	C18	NEG	-0.7443042099	1.5085185001	-1.4638085093	1.312881422	-0.6433695468	1.4510786797000002	-1.1836994937	0.8110908327	0.4831445204	1.0131527121	-0.6780113517	0.1041838048	-0.5089970807	-0.9596162135	-0.6881070939	1.4020144161	-0.043995135	-1.1721562534
N569	868.46372	17.238	C18	NEG	1.5714927119	0.4161980918	-0.7909061302	1.2681985871	0.03654495	1.1861175745	-1.1282344171	0.5614398869	-1.0844983776	0.1623498506	-2.0949410555	-1.0773240636	0.4919106164	-0.780586128	0.2663871507	1.3838247367	0.2869529792	-0.6749269638000001
N570	686.47553	16.126	C18	NEG	-0.6079579849	-1.1976544602	-0.7706071502	1.1299964169	0.7287986072	1.116784976	-0.7442088357000001	-0.1772175002	-0.1963593959	-0.5334454092	-1.2656599611	1.6389672684	0.5348578099	-1.6348372441	0.5844663247	1.5234604073	0.2345497985	-1.1081425033
N571	823.5479	17.395	C18	NEG	0.7620026957	1.484986505	-1.7966436765	1.0773364211	-1.3947283805	0.9868963394	0.7073042697	0.7682349434	-0.4906036729	-0.0558931385	-0.0477217157	-2.006386744	0.59353548	-0.3982605929	-0.9383813709	0.7333118842	-0.5469733107	0.561984064
N572	441.25241	9.498	C18	NEG	1.0749609953	-0.4746517066	-1.2794582455	-1.238101257	0.8745443205000001	1.1895177387	1.400741516	2.2304569843	-0.8586072431	-0.372138831	-0.3395266706	0.7790874587000001	0.1423094752	-0.9541102632	-0.8693573050000001	-0.0559366122	-0.2614718685	-0.988258486
N573	961.62525	11.503	C18	NEG	-0.9364650601	1.410318149	-1.3448563553	1.591709178	-0.2804015504	1.2497003682	-1.7724093694	0.786396666	0.3703697578	0.4262514689	-0.7718331928000001	-0.193287282	-0.2011503186	-0.2504368663	-0.2938422696	1.1272400178	-0.3470390672	-1.9151206293
N576	706.39228	11.633	C18	NEG	-0.745249143	-0.8467202051	1.6533505612	-1.0415912127	0.4880372329	-2.3070040678	0.7571318367000001	-1.537382466	0.8084346652000001	-0.0370376477	0.9759367084	0.5320465758	0.0933055138	0.3723318591	0.0546547226	-1.1379819313	0.2041838099	0.8668329827
N577	763.55965	16.167	C18	NEG	-0.1213617098	1.2965422375	-1.1267976792	1.2288975381	-1.8618787454	-0.9188444836	1.2005803798	-0.2636037205	0.4291116917	0.2676277494	1.8724204338	-0.405156343	-0.8550014762	-1.1162004744	-0.5140300863	0.406208742	-0.5794337030000001	0.5468895629
N580	568.32588	11.087	C18	NEG	-0.8324035107000001	-0.3355353222	1.5935365864	-0.3338316138	0.9589507996	-0.6927454845000001	0.1309144723	-2.5341004753	0.0199711316	-0.3263375882	1.4364043859	0.145488801	-0.9610943599	0.3601884454	-0.2257354185	-0.4966418936	0.2740039933	1.4834317292
N581	804.50217	14.071	C18	NEG	0.243016932	-0.5849372794000001	0.8436334736000001	-1.0509780681	-0.4653518645	0.6168899214	-0.9552884529	0.5464253784	1.2675789018	0.2587784118	-0.7562164783	1.5151629588	0.8407057754	0.2949292915	0.7917559033	-2.3125705263	-0.7731514664	-0.8505173465
N582	762.41851	11.915	C18	NEG	0.2239155832	-0.8313557315000001	0.7321444686	-1.6416882507	0.1138012921	-1.4877881951	0.8314967643000001	-1.4683938722	0.6354092513	0.2815417802	0.9598298221	0.3279913752	0.3875997443	0.8339436129000001	0.5314493494	-2.3215023667	0.3669991578	0.6932504833
N584	878.57297	13.612	C18	NEG	-0.6735138505	-0.7725005657	1.6512597579	-1.127153802	0.9348116948	-1.4126858135	1.0243808099	-0.6973337408	0.2223379182	-0.9016533272	0.9276671027	0.3032238009	-1.2794189454	0.3366237805	-1.0292339132	-0.9888722507	1.0477226959	0.9645043417
N586	530.32446	10.643	C18	NEG	0.6978298655	1.2334440688	-1.4556367071	1.1342781075	-0.055889831	1.4380031917	-1.7954716505	0.7616578753000001	0.027191893	0.3435182372	-2.0727852109	-0.2206298335	0.0079698413	-0.0936229516	-0.4800992769	1.3054656459	-0.4291791041	-0.3460441606
N587	694.63455	20.691	C18	NEG	0.8165387761	0.9040631975	-1.3271123686	1.4739848313	-1.1471108939	1.3073846457	-1.7778585319	1.1600729731	-0.2650207106	0.7874984603	-0.0989136173	0.5504355804000001	-0.3630245211	-1.0375618772	-0.301993231	0.138511365	0.6837701133	-1.5036641911
N588	333.1354	8.03	C18	NEG	1.4659725922	-0.3466884961	-0.9542975879	-0.945294089	0.2448832172	0.9550349493	0.3757693157	1.5653963251	-0.8640703344	-0.0079067716	2.3758857922	-0.128117594	-0.3178888241	-1.5038731627000002	-0.9622374381	-0.3043843635	0.1022308388	-0.7504143691
N589	784.51001	18.084	C18	NEG	1.420950259	-0.8730060055000001	1.0024381769	-0.8271589699	0.4788700426	-0.6873256454000001	0.8657196464	-1.0397689047	-1.1045334013	-1.3274476675	1.5523038909	-1.2674585222	-0.7645092832	-0.1709821033	-0.6800082626	-0.8420622616000001	0.5874177692	1.0837780692
N590	654.23538	9.899	C18	NEG	-0.7332171158	1.1933917084	-1.2674364766	1.1162126946	-0.8017333792	1.3005474945	-1.3472464978	1.0931000294	0.4213713342	0.9041788049	-1.8874469478	0.2144083479	0.2923087418	-0.2413532917	0.1147375146	0.8158034942	-1.1621318055	-1.2929311266
N591	814.55903	18.358	C18	NEG	0.9993450233	-1.0079455714	-0.129388882	0.9514768765	1.5622168491	0.3543250173	-1.5511180209000002	0.1141433724	-1.9928335683	-0.7588678063000001	-1.6061362879	0.179869359	0.5015834712	-0.2135796851	0.1436841135	1.090599374	1.172902223	0.1897241424
N592	738.41884	11.807	C18	NEG	-0.1737863296	-0.3610503454	0.5174247741	-1.3289997444	-0.3014029391	-1.1227362656	-0.0520225053	-0.7128419760000001	1.3685849736	1.1084915641	1.5091484786	1.3234221181	-0.0291847906	0.5627514819	0.6548603472	-2.0413222434	-0.9630690775	-0.3193178661
N593	568.49399	16.596	C18	NEG	1.6394368813	0.0875428294	-0.0682968931	-0.5847397941	-0.9762476323	0.6212186661	0.3732088006	1.0795093112	0.5884371229	0.3768431374	1.1627640367	-1.7183489238	0.0876438311	-1.3653828336	-1.8939106546	-0.9350686629	0.6513912871	0.8739994904
N594	769.37575	11.262	C18	NEG	-0.6928653451	-0.9803536791	1.3225885996	-1.4792753792	0.6860803267000001	-1.5759109325	0.7486544885	-0.8912282401	0.1141252745	-1.2118990625	1.3646759483	0.1899396585	-0.7585988878000001	0.8917525780000001	0.0926288531	-1.3489231289	0.5878093245	1.0692176844
N595	782.53122	17.091	C18	NEG	-0.6777994655	-0.893866071	1.7618855343000002	-2.2664133204	-0.1463135617	0.1851775213	-0.1741073644	-0.3113572949	-0.6003624139	-0.5188869921	1.1192773125	-0.7046566395	0.5965085024	-0.3882724137	-1.1205347639	1.0129738775	0.6443090586	1.2772151285
N600	536.50415	17.098	C18	NEG	1.7598416352	0.5004883116000001	0.9980775615	-0.4280427452	-1.3107201639	0.1502672802	0.806158589	0.3209081684	0.160200763	-0.7747365079	1.4829666206	-1.5697191987	-0.7056483061000001	-0.6554822577	-1.6276319765	-0.7755905822	0.5893641393	1.0792986694
N601	892.52944	17.909	C18	NEG	0.803148818	-0.0961864442	-1.256398704	0.6599358846000001	0.0740912127	0.3754043069	0.2974917189	0.4395917819	-0.3246696068	0.0234058624	-2.5986139065	-0.045158539	1.0012254793	-0.0847587721	0.6494667318	1.1419654675	1.0103911216	-2.0703324129
N602	395.21983	11.674	C18	NEG	-0.6043833562	1.4612451910000002	-1.5814034523	0.9348970312	-0.7745391610000001	0.9648177465	-1.6819687361	0.7158665403000001	-0.3805530589	0.7241029114	-1.3195370375	-0.0754486657	0.282828682	-0.3520630049	0.5975127366	1.2499267647	-1.1661523034	-1.8960893174
N603	660.35073	11.397	C18	NEG	-1.4628344861	0.4569921745	0.1921505	-0.0938236557	0.3806401838	0.0576528153	0.0319361299	-0.346035166	1.407147364	1.5916903997	0.6922678095	1.1495048085	-0.7579240476	0.3483159031	0.536263499	-2.1534961874	-1.6151307899	0.0416749199
N605	590.30919	11.133	C18	NEG	-1.0417258177	0.5513184406	1.4035216761	0.2463139702	-0.4316960271	0.0951334595	-0.3735865743	-1.6157855232	1.3125078919	0.5734127024	1.7380024313	1.1122971347	-0.5408973306	0.4807638448	-0.4012564123	-0.1059849211	-1.9072328892	-0.5437876154
N606	632.31712	10.069	C18	NEG	-0.1898514165	0.7994541899000001	-1.1847022381	1.4294047647	0.1867217052	1.5869331156	-1.6701003842	1.0292244312	-0.2171637058	-0.0742894028	-2.0112122213	0.0567736049	0.2917810461	0.2756159098	0.1557861531	1.1893430213	-1.2786204425	-0.3750981306
N607	816.53735	14.657	C18	NEG	-0.8208091594	-0.0692627064	0.8745383632	0.3672080605	0.7181875244	-1.3827801218	0.7286624599	-2.5194884697	0.807783942	0.3964110756	0.7182034917	0.3805548966	-1.7603171387	0.3391141311	-0.4776348606	0.0820848576	0.8094832594	0.7387976881
N609	730.46534	14.746	C18	NEG	-0.4989906138	-0.4974032741	0.7118142353	-1.6349993449	0.7743363945	-1.1996594626	-1.6545700057	-1.4686473745	1.3424489854	1.3630415471	0.4937769824	1.140252584	-0.0869421034	-0.265506372	0.2365275407	-0.2959607791	0.4752107495	0.2719062581
N610	900.57288	18.016	C18	NEG	0.5136397512	1.185811544	-0.2419603057	1.5446115774	0.0990582879	1.1139528095	-1.3658422534	-0.1418071756	-0.893683062	-0.30061716	-0.5819618547000001	-1.0016891851	-0.2607213193	-1.4004472223	-0.9443884327	1.7258002554	0.126321585	-0.7110679102
N613	818.54458	19.23	C18	NEG	1.3460118307	0.6435072262	-0.5312798022	0.9902332667	1.1430885881	1.0884652311	-1.4723295526	0.5210663286	-0.9528154937	-0.1622057715	-1.1773831701	-0.3533944681	-0.5516738572000001	-0.9418327162	-0.4321013992	2.0448979256	0.0519240207	-1.254178187
N614	560.43426	14.34	C18	NEG	-1.0786457655	0.3692900821	-1.1913316213	0.8378527806	-0.1435449882	0.4567412398	1.0629995121	1.6031019561000002	0.4362701115	-1.1049187491	-0.6217941960000001	0.3485209696	1.4903209311	0.3222019504	0.3504623144	0.3681015267	-1.7169033352	-1.7887247190000002
N616	566.24931	9.516	C18	NEG	0.0410888788	1.2043437019	-1.0460544926	0.9413467143	-0.6618787233	1.2612478174	-1.1879875098	1.1205269803	-0.0170997267	0.8263676779	-2.3667815925	-0.1571961334	0.444041658	0.1145694351	-0.3830935514	1.1685724067	-1.355278446	0.0532649051
N618	670.28794	10.679	C18	NEG	0.3481595296	0.4661863192	-2.0231804169	1.0556338049	-1.4178530909	1.0619183178	-0.3333032202	1.2425384747	-0.3912589369	-0.2084989146	-1.2430859619	-0.9163782102	1.5491454488	0.5200908172	0.5998993016	1.0562696614	-0.6827665389	-0.6835163846
N619	716.41323	12.757	C18	NEG	-0.6612479345000001	-1.0886768662	0.5810778742	-1.5587630154	0.7623119255	-1.8438304512	0.9906056844	-0.8808865282	0.1365628679	-0.9353920012	1.1104354174	-0.1659223287	-0.6620324919	0.9457547534	0.457068612	-1.3187533699	1.2555195787	0.9066048792
N620	678.39776	12.942	C18	NEG	0.4173703631	-0.0653850826	1.0392719211	-0.8490897851	-0.1339831559	-1.3097891559	0.4057407743	0.1698471251	1.9627236932	-0.1433931621	0.7493046049000001	1.2615824016	-0.5603636471	-0.2165417315	-1.1098291	-1.9560490487	-0.3187799733	0.7618250013000001
N622	1551.21505	19.103	C18	NEG	-0.0583938017	0.2281505555	-1.8842415684	-0.0659201289	0.5222355320000001	0.2051573035	-0.7559581288	0.0814810608	0.6811749267	2.2974199929	1.0122781837	-0.384562751	-0.3248424279	-1.3460738214	-0.2692591065	-0.3022626958	1.6708940162	-1.3072771409
N623	1561.12783	18.794	C18	NEG	1.8289404177	-1.1416191787	0.7562295370000001	-0.2651310597	0.5657006995	-0.8055509291	-1.2152427942	1.1911452789	-0.9009340375	0.0020932425	0.5832675345	1.1735676893	-1.7677648256	-0.8691164631	1.1628385778	-0.868768414	0.573122072	-0.0027773473
N624	383.17471	11.19	C18	NEG	0.2243144886	1.137020661	-1.3868716997	1.3213255802	0.3207823776	1.0562247352	-1.26453168	0.8318349141	-0.3896253127	0.3831351112	-2.1844838668	-0.9410475451	-0.1249670193	-0.1528465337	0.7734455921000001	1.3180798593	0.1401587251	-1.0619483871
N627	1167.69896	14.724	C18	NEG	-0.3098320006	1.4479062781	-1.2501894365	1.266687644	-1.8714581533	0.1230682686	0.9098793803	0.062282896	-0.7482227199	-0.0368234137	1.1513021594	-1.5288470331	-0.2081268489	1.0037095486	-1.0035117377	-0.1213868725	1.3857097612	-0.2721477202
N628	813.48866	16.522	C18	NEG	-0.3320058023	1.0448149831	0.2930119069	1.2441526018	-1.6787129093000002	0.7886669161000001	0.8756116587	0.6630955596	-0.2283562805	0.0634211036	0.2524235662	-2.375013355	-0.3977407429	-0.0389203702	-1.872528188	0.5948257111	0.297809036	0.8054446053000001
N629	507.27215	9.726	C18	NEG	-0.6521642127	1.728724041	-1.2681018777	0.2721495752	-1.2803709646	1.09902808	0.1894875669	1.2713306233	0.6915009961	0.4674561421	-0.7403652947	-1.4505101961	0.1851905897	0.2157100048	-0.8886677479	1.0383636256	-1.9208468034	-0.2382851121
N630	816.53711	14.056	C18	NEG	-1.2691904341	-0.6732336281	0.9213812167	-0.2017028413	0.6856600267	-2.4023679284	0.6362453126000001	-0.6147699394	0.5843698855	-0.0263117754	0.7296008582	0.5512082768000001	-1.9013331677	0.7453026267	-0.342392092	-0.3113529823	0.7342587555000001	0.8666242625
N631	838.55881	18.08	C18	NEG	0.0978541373	0.2547975363	-2.3301516376	0.9306937627	0.5250561329	0.6414271568000001	-0.6616889601	1.0222878308	-0.2367558355	1.1271837169	-1.4046846529	0.2931479856	0.4551764015	-0.16816181	0.5597249974	0.9681169232	0.0668955635	-2.1409192489
N633	552.36628	11.545	C18	NEG	-0.6537382873	0.9955562675	-1.8660333601	1.1475347947	-2.0380187267	1.4483635446	0.1312062553	0.7292206122	0.234733404	0.666692087	0.2865368478	-0.4429158695	0.2946845073	0.1023951265	-1.6443482794	1.1018113298	-0.4304335136	-0.0632467399
N636	712.40357	11.322	C18	NEG	-0.2820237332	-0.1854019167	1.2037536047	-1.1369238969	-0.5528131166	-1.0021950414	0.7292587193000001	-0.6452283133000001	1.5829131882	1.2328494598	1.4369988266	0.7362133425	-0.403482857	0.4625448484	-0.2588804219	-2.0548235084	-0.71488862	-0.3332724807
N638	385.31382	15.654	C18	NEG	0.5708020917000001	-0.3699136394	1.0651889344	0.2150633711	1.2014540476	0.1495524986	-0.2892022653	-0.6626561556	-1.0645262095	-0.8652683391	0.5115361151	-2.6541249621	0.0424779834	-0.1308714321	-1.0773935284	1.3265815686	0.7179172673	1.3133826538
N640	1083.49353	16.298	C18	NEG	0.4905511714	0.8867808497	-1.853795524	0.8019998669	-0.0421763459	1.2588710455	-0.8361235508	1.1783732858	-0.652172136	0.5439717147	-2.3380463769	0.1825037576	0.5571553472	-0.0724073602	0.6054610686	0.7902329475000001	-0.2193048201	-1.2818749408
N641	702.39748	12.609	C18	NEG	-0.678967069	0.1746050593	0.5061456292000001	-0.1428612205	0.8963798712000001	-0.3803846944	0.1098479807	-2.1630507324	1.0470610929	1.1169187019	0.0248949284	0.6138633093	-0.2578675987	0.4310783085	0.322370477	-2.604591148	0.7918354986	0.3673266654
N642	764.54475	18.921	C18	NEG	1.8073755715	-1.4799618174	0.7198584725	-0.3691974025	-1.1989587309	-0.5323554337	0.7943572307000001	1.4803159353	-1.0530618237	0.3050069799	1.2952162655	0.0308863209	-0.6111853404	-1.08231705	-0.9164788426	-0.835122158	0.7034434182	0.9421784049
N646	748.40287	11.729	C18	NEG	-0.3808747779	-0.6978905816000001	0.713611326	-1.4817262929	0.1937007593	-1.6392117645000002	0.8352534193000001	-1.3992121417	1.0272663127	0.5631849360000001	0.8574522050000001	0.7227572276	0.6808715622	0.6543465876	0.4231460899	-2.2052755293	-0.0188778979	0.4535879786
N647	594.30485	10.726	C18	NEG	-0.2004794318	-0.7518706287	0.9813576669	-0.7730754884000001	0.1298600438	-1.3574986888	1.4476424613	-1.2293888466	-1.1424029986	-1.1882648523	1.1491072514	-1.1281111908	-0.1643025237	1.0250679008	0.0859729794	-0.7155997118	0.7607781578	1.8418190536
N650	692.37697	11.671	C18	NEG	-0.4127270819	-0.8120230493	1.3315480503	-1.4435851041	0.1113327559	-1.6606741672	1.3099720781	-1.8126394626	0.6681901234000001	0.1519360988	1.4759113459	0.301353376	-0.711456473	0.393839176	-0.0217727462	-0.8180647860000001	0.0760250456	1.0608117709
N651	1657.12834	18.144	C18	NEG	-0.169442222	1.1257619545	-1.3059512489	1.15553873	-1.0925376858	1.0870179771	-0.8356689448	1.3178982428	-0.5542514094000001	0.80042028	-2.1466000207	-0.6757050914	0.2577357215	-0.5291509929	0.0447199678	1.1498482746	-0.9355847812	-0.7751683785
N652	596.39241	13.277	C18	NEG	-0.5753941220000001	-0.3544054337	-0.7056199036	2.1916693495	0.6556913338	1.0261027896	-1.4931150796	-0.0635091097	-1.1419376113	-0.2135552559	-0.9242456302	0.3690750922	-0.6625223003	0.6778918913	-0.8546550507	1.9060613038	0.7559599195000001	-0.5934921827
N655	905.56317	10.321	C18	NEG	-1.1195760128	0.5692672638	-1.8376257656	1.3079498985	-0.3732554677	1.3293463524	-1.2714673148	1.2556926977	0.8106241662	0.9475582336	-0.1636924225	0.3206019822	0.2453225474	0.0912147332	0.1829962387	0.5160017431	-1.0652914675	-1.745667406
N656	870.5831	18.066	C18	NEG	0.7470893524000001	-0.7859525241	1.1422261963	-1.2159861478	-0.1717180222	-1.2706077032	1.4904513809	-1.6615878324	0.1287362787	0.020883246	1.4705173005	-0.2194836332	-0.8647394188	0.2771916876	-0.8122192632	-1.0858634184	0.7995333186	1.2255766782
N657	686.36603	11.666	C18	NEG	-0.6874837138000001	0.502231838	-0.5921202226	0.0543913741	0.0920185705	-0.0333160127	-0.7323780091000001	-0.3297007198	1.4856201526	2.1349500115	0.4909473545	1.869897993	-0.0569685331	-0.0836478524	0.1250664414	-1.621930438	-1.3052916071	-0.8100547891000001
N659	381.23123	10.386	C18	NEG	0.9036907699	-0.5007873509	-1.0984571105	-1.153492686	0.8895906227	1.7388681999000002	1.1450338535	1.7101771920000002	-0.8503785689000001	0.0642640998	-0.5976783039	1.0663565839	-0.3544939248	-1.385541268	-1.376237113	0.2418155755	-0.3376635664	-0.1050670049
N662	764.55255	16.793	C18	NEG	-0.5465593975	0.7326845643000001	-1.0099414961	1.2182296546	-2.0962946747	0.5731660269000001	1.0099193566	1.0786187934	0.0462451393	0.538425416	1.482292621	-1.1748127641	-0.4177085235	0.39513186	-1.4819444958	0.3229541186	-1.0524362904	0.3820300912
N664	1370.78005	14.46	C18	NEG	-0.556078233	0.8195955767	-1.5988845872000002	-0.8278274330000001	-0.4685816514	-0.6253076426	1.0324093374	-0.0668170218	-1.7071250166	-1.005140439	0.6429698496	-0.5524844173	1.432699308	1.0548122037	0.8020685653	-0.9669770972	0.7492178658	0.8203847638
N666	821.40749	11.793	C18	NEG	0.2071080252	-0.6134169358	0.7781964913	-0.8672007386	0.4564950515	-1.4104828428	0.4582145444	-1.7208820367	0.4374327742	0.4277253124	0.2639190521	0.7003444423	0.4576405515	0.9918646726	0.6163366989	-2.6967785223	0.2999888511	0.6000776727
N667	858.5238	18.091	C18	NEG	2.6145732436	0.3677308392	-1.0089521622	0.2737228172	-0.2391287406	0.1441594966	1.4636159208	0.3262708387	-0.3818930525	-0.3460509862	-0.0258277641	-1.6143216208	0.9286387044	-0.0556344457	0.3065956438	-1.8215964982	-0.3539515003	-0.5779507337
N669	407.18703	10.435	C18	NEG	1.233197637	0.1060587332	-0.8694833207	-0.5574237793	0.0679219729	0.7153271096	-0.3112546274	1.8322964105	-0.7430527392	0.2536540166	-1.3543673408	-0.5909130045000001	-0.6514508428	-1.7656491073	-0.6912871875000001	1.4700422364	1.5310651926	0.3253186408
N671	616.36098	11.248	C18	NEG	-0.8382754158	0.7031730137000001	1.3279271307	1.056652721	-1.0587439841	1.2564621133	0.7407557887	-0.0555180423	-0.1037868542	0.4449652674	1.610661574	-0.7165120961	-0.7381098628	-1.0605804685	-1.0101531882	1.0713178017	-1.1444199608	-1.485815538
N672	683.33913	11.227	C18	NEG	-0.7670385616000001	-0.3381216343	1.4616208318	-0.0524917096	1.3835927771	-0.3844637183	0.9000871117	-2.3436965214	-0.5774094749	-0.3840521465	0.9852333905	-0.4564080054	-1.4520167903	0.1566209238	-0.3874525469	0.0524902156	0.5996216134	1.265762611
N677	684.40892	12.737	C18	NEG	-0.1010870575	-0.8370640362	1.1227022484	-1.218981178	0.4824025996	-1.5755959411	1.0919211478	-0.6764549831000001	0.2833850104	-0.7371540187000001	1.5573149771	-1.2400010367	-0.8198038646	0.5875145358	-0.650975846	-0.8971453709	0.6932011611000001	1.4223026332
N680	938.53321	18.796	C18	NEG	1.812916918	-0.2143862744	0.6266126499	0.2258903733	0.4781642601	0.3461876115	0.3487753939	1.0192134129	-0.7854943205	-1.532974308	0.0005325651	0.0043355826	-1.1688130026	-0.056663387	0.8844803941	-2.7067484468	0.2819303989	0.436040179
N682	843.54818	18.408	C18	NEG	1.7667327906	0.0954188838	-1.915077131	0.0222700194	-0.7183344945	-0.0322301153	-0.125102707	1.4693612891	-0.2054816025	1.3471969387	-1.1959657211	-0.6117890265	1.143633127	-0.091344616	1.0958653695	-0.2827363895	-0.2904977198	-1.471918895
N687	698.319	11.986	C18	NEG	0.7215061817	0.8344310205000001	-2.4518128185	1.6195823522	-0.5603630254	1.0172682515	-0.4610403751	0.7137281688	-0.353731203	0.1360172647	-1.0530083365	-1.4556063451	0.553978426	-0.0829314847	-0.5721484063	1.41624257	0.1615115458	-0.1836237865
N688	627.49802	16.427	C18	NEG	0.2130742715	0.4462324909	0.5298079092	0.4283560968	1.3120260751	0.6738677269000001	-0.1967222525	0.8579520032	-1.1576991458	-0.6625335227	-3.1357306627	-0.5580227197000001	1.0560797152	-0.3362655859	0.8808391275	0.3207829997	-0.1303467006	-0.541697826
N689	987.47454	15.588	C18	NEG	-0.1470530052	-0.0438033775	-0.8657502053	1.4725055446	0.1344893081	-0.1551162504	-0.9849157768	1.062154391	-0.0839231474	0.4521404296	-2.382111427	0.308850318	1.0072881287	-0.1353236284	1.4554387941	-0.3482854624	0.2219689241	-1.8343037631
N691	466.29363	10.916	C18	NEG	-0.7648549073	0.4792131863	-1.3661973738	1.3844241449	0.2382644706	1.3199387063	-1.7860478429	1.0658452949	-0.0059425926	0.5164402059000001	-0.9087527022	0.5125876813	0.5535375559	0.2526652459	0.5946493998	0.8608725116	-1.2329091464	-1.7137338383
N695	648.35116	12.256	C18	NEG	-0.1051708626	-0.0228588055	0.7208887854	-0.8623712288000001	0.2766989579	-0.5633658845	0.2607049563	-1.395000027	1.3571606968	0.2870791241	2.0213888338	-0.3285947566	-0.8670727498	-0.2034002313	-1.0598506696	-1.4628488531	0.1579676779	1.7657862311
N696	349.23553	12.469	C18	NEG	-0.1923223423	0.988059313	-1.2862885825	1.4877089409	0.4687583209	1.4671768869	-1.0702491589	1.376655671	0.0157673493	0.614061017	-1.4622904492	-1.7445791694	0.6002625774	-0.3207127024	-0.5248136383	0.4745776981	0.1807540971	-1.0725258286
N699	413.22154	13.406	C18	NEG	0.135057802	1.0582361276	-1.3603583732	1.1934610949	0.6871910419	1.6308923523	-0.9683923388	0.9040204651	-0.2492903369	0.8500334232000001	-1.5330436564	-0.2606417937	-0.5586578624	-1.1338090206	-0.7019846209	1.1207998301	0.5470602637	-1.3605743981
N700	678.60326	19.555	C18	NEG	-0.6370183459000001	1.0403564144	-0.967200618	1.3518399921	-0.0658278947	1.6743784472	-0.7601136118	0.2609181273	-0.5702422295	0.1453890059	-0.7428979879000001	1.0307798497	-1.683136147	-0.9520629091	-0.5735151391000001	0.7664864078	0.7392817274	-1.4545470465
N701	678.36145	11.606	C18	NEG	-0.5608770006	-0.2102582522	1.5875728276	-0.9863863992	-0.2317794183	-0.981353884	0.435606808	-1.5442008405	1.3369655267	0.6376205164000001	1.4060783024	0.7626463196000001	-1.0329922573	0.0883645469	-1.0746033976	-0.8184218279000001	-0.3702400524	1.3460002303
N702	898.48063	17.065	C18	NEG	0.8185852106	0.8046757663	-1.6477519441	0.8146768333000001	-1.0098121167	0.8299843486	0.0572020526	1.1956162774	0.2348968311	0.7050015923	-1.7971001443	0.0302838034	0.9209745468	0.0575447634	0.7456359286	0.3196439548	-1.2884863922	-1.7915713121
N703	255.23263	10.449	C18	NEG	-0.5007030339	0.6243359684	-1.7329665523000002	1.4349308275	-0.6584681635	1.5799926741	-1.1838729047	1.509692237	0.5854960283	0.9497731683	-0.5838323726	0.009605364	0.2147751934	-0.3005958948	-0.0734467764	0.7060585028	-1.0352457506	-1.545528515
N704	688.38195	12.608	C18	NEG	-0.6763466334	0.1833246898	-0.0155947928	0.3297710298	0.7924236745000001	-0.5951621136	-0.0536011191	-1.616668729	0.8153651533	0.7826939751	1.3991019276	0.3036294206	-0.6585919019	1.3076206786	-0.727246807	-2.4902332358	0.4375783359	0.6652611373
N705	525.37903	13.029	C18	NEG	-0.4926052376	-0.0718988891	1.1049235547	-0.3219389258	-1.1857589287	-0.8259104325000001	1.1847671929	-2.179256396	0.9321526909	-0.8799810944	0.6677112184	-1.2366843773	0.9685657663	0.48786357	-0.5754330296	0.6373239776	0.5484447365	1.1658157146
N706	494.36083	13.038	C18	NEG	-1.1292444885	0.9504150571	-1.2824487021	1.4553019569	-1.3800111533	0.9337451944	-0.6573836708	0.9427589149	0.3629659448	0.8351211176000001	-0.9646806298	0.2521188113	1.0475301507	0.8279530851	-0.5570441342	0.9038377849	-1.2629058703	-1.2780293687
N707	708.44495	13.727	C18	NEG	0.4073090384	-0.5500635844	1.6408548473	-0.6785522164000001	0.8132381862	-0.8906790262000001	0.0725340692	-1.215482065	-0.0809595105	-1.0601865451	1.356883977	-1.120532096	-1.1308839993	0.2671232986	-1.134573082	-0.0137663898	1.2273746438	1.5402968699
N708	674.36635	11.522	C18	NEG	-0.6735781876	-0.5730571906	0.6600887314	-1.0808539746	0.464094933	-1.366700657	0.6692250453	-1.570760847	0.7283830597000001	0.5235765364	1.0840325689	0.79551392	-0.3370374268	1.0288464475	0.5363041473	-2.3318927046	0.2699932311	0.600765177
N712	1426.84278	16.023	C18	NEG	-0.0515293309	-0.1959083204	-0.6637482574	-0.1440722971	-0.9649998816	-0.4804217604	-0.5614501099	0.0982667768	-1.3655960536	0.0841422179	-0.4630003539	-1.315282969	1.8571816844	1.6657996934	1.8819203483	-0.5806150064	1.4280696168	-0.2287559969
N713	784.47543	14.471	C18	NEG	-0.5599709675	-0.1055765834	1.1721264008	0.5084230783	0.6150379552	-1.0895265087	0.8102867698	-2.0533621358	0.2643736803	0.2726809609	0.9863371402	0.8330213698000001	-1.5102792886	0.1441098633	-1.0059471457	-1.2795269239	0.7675670427	1.1246487087
N715	556.31738	10.848	C18	NEG	-0.5096265047	0.7872913017000001	-0.7151117124	1.7040235554	-0.3152181057	1.8140392979	-1.5108425765	0.4463176811	-0.5675781815000001	-0.2414624708	-0.7646550662	-0.7797746722000001	-0.054400881	-0.5618779145	-0.8816906424000001	2.0699477403	-0.6251402947	-0.0093522661
N717	585.48544	12.47	C18	NEG	-0.1534419906	0.5945685685000001	-1.3119591186	1.5365983487	0.5058399674	1.5596062131	-0.9869339475	1.4204779117	0.0719201148	0.7737567416000001	-1.3060359085	-1.774969419	0.4441377641	-0.6065715559	-0.382890463	0.78783999	-0.1493924135	-1.0225508033
N719	1103.65091	10.677	C18	NEG	-0.7485359344	1.0381432184	-1.7983777243	1.271701689	-1.3994332832	1.220332488	-0.7159792334	1.3477840591	0.6520083061	-0.3040573783	-0.8752358106	-0.6107193812	0.1916191499	1.0094548007	-0.0407973467	1.3321699745	-0.7057281114	-0.8643494821000001
N720	622.33492	10.929	C18	NEG	-0.0867640653	-0.0531051258	1.3708804407	-0.0157557717	0.1165399403	0.0075137285	-1.8551163552	-0.5112957347	-0.1510733342	0.4730972531	2.272380349	0.0275703397	0.0958881041	-0.0668469243	0.2264687264	-0.5214269241	-2.2229231643	0.8408633919
N721	563.50376	12.465	C18	NEG	-2.4023565965	0.4906325123	-1.1761651007	1.7499587073	0.6271904354	1.4153930788	-1.0414072859	0.5191446673	0.8812603169000001	0.5717866689000001	-0.2547498039	-0.7619412966	-0.1615158158	0.0322276999	-0.1076514413	0.8271942636	-0.061970165	-1.1470308446
N722	962.533	18.385	C18	NEG	1.3739796068	0.5087243347	-1.6126554497	-0.3721209446	-1.2605619762	-0.6177206951	0.7378682548000001	1.3873585218	-0.5128209706	0.1576067958	-0.0006929242	-1.0518992587	1.2898879305	0.6663426156000001	1.2843943263	0.4071448019	-0.6858882719	-1.6989466972
N724	929.5326	16.184	C18	NEG	-0.2054059589	-0.2427681707	-0.5101338411	1.0393998826	2.6540725125	0.5559255306	-1.0996133253	-0.4930546074	-0.7272186747	-0.6276769545	-1.204183807	-0.4077245952	-0.9407243661	-0.7652066651	-0.2416923857	1.1464536527	0.9935292898	0.1054098593
N725	604.361	11.613	C18	NEG	-1.1209247284	-0.9578203572	0.8646897804	-1.3449590926	0.6184980354	-1.9045293777	1.4952913371	-1.3151239395	0.3760273987	0.279356303	1.3724643596	0.7859959472	-0.9574007183	0.9635016933	-0.6145408078	-0.175430603	0.2744678343	0.4026165783
N730	253.21686	11.195	C18	NEG	-0.3557882371	0.7494292415	-1.4101663298	1.6740729207	-0.0951267024	1.2074020749	-1.5164957877	0.0926106612	-0.3290201209	0.1298809601	-1.6501165884	0.3872990542	-0.4077552624	0.0299523745	1.3425710135	1.5760846018	-0.3391269995	-1.0857068743
N731	1527.02778	17.071	C18	NEG	-0.2264267218	0.6695524659000001	-1.4952902323	0.6290553692	-1.1117048466	0.7172845606	-0.2013608182	1.305151529	0.8238796314	0.7372305453	-2.571605141	-0.1982947971	0.6718291907	0.2655163659	0.4613629299	-0.2585655256	-1.7129047375000002	-0.3634619748
N735	862.55611	17.986	C18	NEG	-0.4746543718	0.5898630855	-1.2480034282	-0.0097699288	0.0179483602	1.1423235823	-2.0004022003	1.9778496005	-0.3606417969	1.1245988244	-0.9452327897	-1.215405023	0.0612694316	-0.3773588816	0.7605798068	0.0327532237	-1.2689537125	-1.2099992366
N737	388.2523	10.192	C18	NEG	-0.2524924069	-1.0268265192	-1.752546801	0.3902822112	-0.3479110045	-0.2869968337	0.0139056625	-0.0418301545	-1.5062326689	0.1069730978	-0.8000535972	1.309150586	0.5501234442	1.3971495097	2.0010543826	-0.8195800086	-0.2795037822	1.3453348825
N738	371.21984	11.671	C18	NEG	-0.0222391611	1.4158800304	-1.8300196785	1.0436523768	-0.3602360284	1.074271279	-1.0099477167	0.6085332646	-0.180606239	1.0554353084	-1.6680326918	0.4673671154	0.089622577	-0.2094320042	0.7244501116000001	1.1402781449	-0.9217168693	-1.4172598192
N739	794.56961	19.172	C18	NEG	-0.3823715068	1.2849181894	-0.8538313430000001	1.5957406678	-0.6226791228	1.3799644442	-0.8327609180000001	0.9647543854	0.0321923535	0.7543747668	-1.683893059	-0.5898267726	-0.8465820485000001	-1.3364549829	-0.7095554508	0.6546475994000001	-0.4952294632	0.0638701632
N750	557.31972	10.682	C18	NEG	0.1635761338	0.6777951954	-2.0519177725	1.4563653181	-1.6376369784	0.9376047411	-0.6696471882	0.9696482863	-0.3100480325	0.0898447224	-1.4793695072	0.0868894289	1.0886975711	0.4436403506	0.5811988928	1.0188162917	-0.3345286336	-1.0309288198
N752	1526.02435	17.068	C18	NEG	-0.0991635397	0.7976217977000001	-1.6136881597	0.8501001443	-0.9762589401	0.8711095383	-0.81412668	1.443922971	0.2834909032	0.7873099954	-2.4193796108	-0.0759287209	0.7738068472	-0.2870924695	0.5791300541000001	-0.1069841022	-1.6075581881	-0.7127313216000001
N754	751.36518	11.59	C18	NEG	-0.7586585567	-0.3871406068	1.8594936242	0.0902955207	1.0646778156	-1.164839732	0.4157790454	-1.8207658291	-0.0868776092	-0.1756046057	1.3669591746	0.3807859515	-1.3237833637	-0.0225369663	-1.327901584	0.1821120738	0.1572344881	1.163630553
N757	788.54369	19.193	C18	NEG	0.2257185993	1.8167710202	-0.1357562577	-0.6767942109	-0.1312324822	1.6404057072	-1.1429188506	0.3349819518	0.5993790115000001	-0.135436357	1.46130531	-1.3259619553	-1.2089782475	-0.9909699081	-1.3131639091	0.1112442431	0.7810519609000001	-0.0454018833
N761	1582.1869	19.153	C18	NEG	-1.0171550152	1.0000698676	-0.624445298	0.9990288176	1.3683090845	0.953059436	-0.8728490926	0.0505636794	0.0009213553	1.2089263845	-1.4063991858	0.5444407611000001	-1.2130694472	-1.6421460742	-0.7281210649000001	-0.6686469056000001	0.5502183070000001	-0.0391690811
N762	632.35592	12.369	C18	NEG	-0.7249207582	0.6255884375	1.5178400785	0.8769692062000001	0.8579794507	0.4266252609	-0.8280797289	-1.6345586600000002	0.5731708453000001	0.5977121168	0.9691950767	-0.0848980628	-1.881545643	-0.2368875603	-1.5767139148	0.0862509631	0.167907383	0.6570663866
N765	283.26397	11.61	C18	NEG	0.0163223867	1.3004237224	-1.6026240252	1.6439592895	-0.3582473461	1.3348687132	-1.2003873633	1.2246340377	0.2843326604	0.6612501417000001	-1.0177963334	-0.6923934971	-0.1125698205	-0.3859620643	-0.5273861618	1.2640649228	-0.4489687728	-1.3835204898
N767	680.61898	20.308	C18	NEG	-0.3438456313	0.9022659217	-1.5227065242	1.1997373833	-1.1863277527	1.2088073776	-1.8175667318	1.1081960928	0.0942473577	0.8453527407	-0.030115304	0.8459477052000001	-0.8689139488000001	-0.3733003182	-0.013725191	0.5723544073	0.9256788153	-1.5460863997
N768	690.60324	19.332	C18	NEG	-1.0251600033	1.1175679795	-2.5766472643	0.8127215592	-0.2917890684	1.3431060491	-0.004391636	0.9436227258	0.099880002	0.2814649623	-0.2530683501	0.0179526722	0.2126452646	-0.299334208	-0.2597115737	1.632068611	-0.1445096675	-1.6064180544000002
N769	845.56397	19.311	C18	NEG	0.8264073696	1.155487681	0.0171847516	1.4572252806	0.3143466084	1.4348973841	-1.4032520217	0.2018240903	-1.0416314793	-0.3931128105	-0.8092329164000001	0.3778864217	-0.9565054991	-1.1779175579	-0.64996746	1.0071540704	-0.2813466933	-1.845185635
N771	778.5373	17.893	C18	NEG	0.5512277889	-0.0828709837	-1.2405598299	0.7972168471000001	1.3630528424	0.7666592704	-1.3914778513	1.0049884506	0.1400213033	1.3581213916	-1.7998272423	0.6733490067	-0.1749925432	-1.1092229583	0.9380880922	0.1561541752	-0.4752300057	-1.4746977541
N773	604.28558	10.885	C18	NEG	-0.464956281	-0.6269787875	1.3075510752	-1.1010742465	0.6899305878	-1.2029642522	1.0264652487	-1.7569314564	0.4231021362	-0.6796140717	1.3089519808	0.4545792451	0.243451232	0.8458507437	0.7371685033	-1.571184485	-0.971784015	0.7114580549
N774	1560.12407	18.784	C18	NEG	1.9026882131	-0.2373722022	0.5608226868	0.7908486452	0.294635492	0.3532529706	-0.5096495713	1.1331026431	-1.5781471754	-0.5432164506	0.258365229	0.9920605353	-1.1311666707	-1.6114748825	1.0422313525	-1.6072823932	0.2912923135	-0.4009907354
N775	867.54713	18.164	C18	NEG	1.4373463365	0.9064599988	-1.8413717586	1.0581389086	-0.8671235700000001	0.7562827591	0.3563072559	0.6032680794	-0.2629668267	0.6023824489	-1.835628282	-0.1690954456	1.1677538017	-0.0007024063	0.1177302344	0.3846615705	-0.6971457776000001	-1.716297327
N776	570.28133	10.362	C18	NEG	-0.3980807241	0.9774078835	-1.0709624376	1.3804181451	-0.4193683516	1.5697118790000002	-0.9901566117	0.2554255057	-0.430222434	0.7761227736	-1.8663989644	0.3504078643	-0.6738484368000001	-1.0915279572	-0.7189960344	1.6354371998	-0.9361364439	-0.4103519047
N777	595.42433	12.146	C18	NEG	-0.899706038	0.3387842599	-0.9284543897	1.7284890088	0.099116414	1.9721059117	-1.342963302	0.9722422134	-0.1235282982	0.5431121179	-1.718692896	-1.2340601038	0.0796527683	-0.1294469048	0.2705413763	0.8833749336000001	0.3708942968	-0.8814613683
N778	801.53769	16.235	C18	NEG	0.0183801545	0.0586477006	0.1568083971	0.2453681932	-1.7414686319	-0.4247061651	0.823666942	-0.4584835489	-0.7062627436000001	-0.2631788621	2.9016160297	-0.8776308948	0.2080922605	-0.1102062541	-0.2027922457	0.046044319	-0.9253348757	1.067028134
N779	944.56116	18.303	C18	NEG	1.4694505697	0.7148378089	-1.032603866	0.892942945	0.7936451830000001	0.7884398655	-0.7143749559	0.8692452276	-0.8891347411	0.3734858688	-1.8152709225	-1.0221938618	1.3703069329	-0.7117191194	-0.0566422477	0.320418089	-0.7366038376	-1.6468328044
N782	557.45665	16.122	C18	NEG	0.6316857779	0.9170732147	-1.2813822545	-0.7348963272	-0.66616069	0.3897432915	-0.5400511742	1.8197165497	1.3229543552	-1.2118477687	-0.1661596912	-0.7111877050000001	0.6775481324	-1.3930045398	1.374238172	0.0109537887	-0.6053828229	-0.1879369074
N783	646.333	12.204	C18	NEG	-0.2333120206	-0.4962119221	1.5867534053	-0.6992975873	1.3343981267	-0.9541914973	0.2216433887	-2.0287796673	0.1648533183	-0.0122760409	1.2061257857	-0.1597890567	-1.1908228681	0.2644664062	-0.7446542186	-0.9526002	0.7742676005	1.4232151255
N784	604.32506	11.399	C18	NEG	-1.0645914714	0.1585497337	1.4577960132	0.5339425250000001	0.7285623722	-0.8737113390000001	0.8908227142	-1.7218298934	0.8154180149	0.8209958714000001	1.3253971916	0.6533552549	-0.8674285318	0.0067523361	-0.7335671187	-1.1333364731	-1.4079230084	0.5693455421
N787	616.28367	11.503	C18	NEG	0.2752729231	1.2075069214	-1.5663941055	1.4453794501	0.104056724	1.3196347368	-1.0825667658	1.2954886575	0.0177424954	0.6399025707	-1.6023536334	-0.4627592357	-0.2227429494	-0.7628651363000001	0.1112919953	1.1656622117	-0.5196527212000001	-1.3626041386
N789	704.33626	11.98	C18	NEG	0.2359807769	1.1370085418	-1.5725847017	1.6534124585	-0.7578218723	1.2568652796	-0.9179803311	1.0160634315	-0.0990707312	-0.2410588316	-1.4093533121	-1.4452347798	0.7003813656	0.176293671	-0.8157679199000001	1.3864451888	-0.3940147295	0.0904364954
N790	696.30362	10.856	C18	NEG	-0.3478868869	1.2037922104	-1.3729378332	1.5785832171	0.3531578504	1.7444643828	-1.1887193148	1.0103931387	-0.4641951145	-0.3018057712	-1.2490139906	-0.7586365401	-0.1980271323	-0.5442287946000001	-0.7113182104	1.7399543460000002	-0.3427027575	-0.1508727993
N791	602.44502	14.47	C18	NEG	-0.7384369660000001	1.1805695237	-1.0949663352	1.6227091083	-0.983430281	0.2532828606	0.14238931	2.1276823641	0.1666221289	-0.345576131	-1.0613614336	0.8992838898000001	0.4513482769	-0.3234026643	-0.8974299041	0.2774041201	-1.2627338727	-1.1523909604
N792	1609.12718	18.363	C18	NEG	-0.0838737965	1.3312927656	-0.6879062021	0.3969090593	-2.1173084021	1.2226188732	-0.3255750524	1.1064917606	-0.2591458685	0.7405007823	-0.1854129665	-1.4584734667	0.8242584122000001	-0.3237741072	0.8658803672000001	-0.1816577732	-1.5527305874	-0.7124838361
N793	846.5453	19.581	C18	NEG	1.6986232075	-0.5981205806000001	1.1253224799	-1.00809164	-0.7667751191000001	-1.4242898733	1.0273350383	-0.102886288	-0.7703813157	-0.323389918	0.8994172845	-0.5442057969	1.3619660032	0.110559629	0.6713232262000001	-1.7848204902	-0.6204784628000001	1.048892616
N794	636.25234	9.824	C18	NEG	-0.6706092431	1.1718643423	-1.4154679393	1.419435536	-0.626955675	1.4497010601	-1.5076610007	0.912841471	0.4547546659	0.8814013961	-1.3607174560000002	0.3534372604	-0.2092578304	-0.1737749917	-0.4296540306	1.4010861965	-0.741780671	-0.9086430904
N798	577.27526	10.359	C18	NEG	-0.3448952163	1.2306148555	-0.3777139335	0.9290251299	-1.8049043163	1.3542713471	0.8921080027	0.8976618018	0.0480917245	-0.1285506179	0.2517333264	-1.5223667391	-0.0826842084	-0.4736999155	-1.5132123270000002	0.8276326754000001	-1.3254330474	1.1423214581
N800	552.33008	10.287	C18	NEG	-0.6115511323	-0.0750668779	-1.2714677048	1.8604944766	0.3055391799	1.7581854784000002	-1.0671740107	0.0585066359	-0.6828979205	-0.290269927	-1.2471564068	-0.2629102562	-0.6527542511000001	-0.3597181913	-0.6282992065	2.2790675811	-0.1863891325	0.0066876548
N803	706.42833	12.873	C18	NEG	-0.3382581535	-1.030170685	1.8989585307	-1.1836431088	0.8387853821	-1.1886001378	-0.0279138361	-1.0562767266	-0.7182688085000001	-1.2619612336	1.1659415465	0.5020132533	-1.0606175108	0.6021082124	-0.6779889049000001	-0.7237801702000001	0.7632709474	1.4099539917
N804	590.34553	11.425	C18	NEG	-0.7407230179000001	-0.7618941899	-0.8863579037	-1.2843573107	1.0830864443	-1.5078079422	0.8789112949000001	-1.7432905170000002	0.5064826832	0.4274646996	1.4541032003	0.3243668037	-0.420797867	1.0031947057	0.5167666446	-0.2984664094	-0.6923620686	1.0813201509
N807	419.3525	13.024	C18	NEG	-0.221060915	-0.1255678311	1.5011139514	-0.3334742411	-1.4558301424	-1.0844377127	1.7053944002	-0.3950171029	1.0412084606	-1.1418220567	0.2217694179	-1.7402246533	0.8292465959	0.0614469721	-0.6012875768	0.1203926887	0.1969727621	0.9005920491
N808	297.24332	9.641	C18	NEG	1.0325174504	-1.7446749331	0.2465982947	0.0260149719	1.2804984133	-0.8530371334	0.7533281874000001	-1.5278431865000002	-1.5243132242	-0.2624414667	0.2041227706	0.4173580996	-0.7297567813	-0.0893141344	2.2865616223	0.3373125093	0.2432875402	-0.096219
N814	730.54658	15.412	C18	NEG	-1.2314773318	0.8356230317000001	-1.7396561506	1.7539140649	-0.9498304335	1.4930295532	-1.280570837	0.4899307809	0.079286326	0.5728798938	-0.0530344749	0.44036479	-0.5130527025	0.3690192297	-0.9504102834	1.2657365161	-0.6742050077	-1.1390242968
N815	504.30947	10.837	C18	NEG	1.1182951168	0.7921939193	-0.8872074729	0.8648437422	0.2104800596	1.3010405956	-0.3348545918	-0.173727046	-0.6445365435	-0.4284333194	-1.3540575697	0.0145622548	-0.3129303367	-1.6807590547	1.386504588	1.2552156757	-1.0367547205	-1.2900131063
N816	283.26384	13.41	C18	NEG	-0.0692932077	0.6392970673	-1.5675224806	1.0342920419	1.2612795583	2.0217372819	-1.2093184654	0.2761978812	-0.2527247141	0.8368501996000001	-1.0270793283	0.4113939267	-0.8230039849	-0.7992414950000001	-0.612234748	0.8528890917	0.5037099845	-1.477228609
N818	669.32447	10.351	C18	NEG	-0.3302982794	-1.1644422956	1.2515572088	-1.4540892744	0.6218887342	-1.4620432948	0.8191415261	-1.106156683	-0.5771943176000001	-1.2792324364	1.4505180956	0.4711127434	-0.6484306918	0.8239660165	-0.2244500582	-1.2818750985	0.5415033804	1.2779257462
N820	597.48414	16.372	C18	NEG	-0.5259402473	1.2063376059	-2.5210629446	1.1524582396	-1.5069943146	0.8922313365000001	-0.0232447832	1.1624888475	-0.0439697196	0.4729126884	0.0338637567	-0.5171605854	0.5469135368	-0.464739703	-1.311199194	1.073490996	0.5142898314000001	-0.1406753472
N821	692.33859	11.268	C18	NEG	0.0977751336	-0.9460189746	1.4337577907	-1.2961258967	0.0087801266	-1.3197554918	1.5990364312	-1.5957664725	-0.2221755352	-0.8254734482	1.2862830593	-0.5392525911	-0.3544833888	0.8524120651	-0.3092488153	-0.7874898016	0.6529689396	1.3187578952
N825	578.30166	10.104	C18	NEG	-0.070324909	1.039385887	-1.0310752601	1.0887336369	-0.9650436162	1.3518858716	-1.2081392198	1.3180467751	0.4552116577	1.1131801842	-1.9283796227	-0.4539765609	-0.1314253113	-0.4518810625	-0.3343031061	1.0621159564	-1.229260976	-0.6558255845000001
N832	409.19028	11.685	C18	NEG	-0.2102996716	1.143995758	-1.4392973783	1.1421860146	0.2615342633	1.1150040144	-1.2529718596	0.8929840372000001	-0.181966651	0.5506444374	-2.1527044555	0.1379790089	0.2660124471	-0.2236762887	0.8821485353	1.0908427221	-0.5272682569	-1.4951466766
N833	986.53303	18.161	C18	NEG	0.5113936713	0.9648024515	-1.8408698998	0.0984110169	-1.0576726682	0.7715455319000001	0.400990807	1.2804696528	-0.8422052642000001	0.6657459901	-1.8069362416	-0.1715445099	1.2828694958	0.3423790836	-0.0028486845	0.9535517325	0.1121450295	-1.6622271946
N837	464.31412	12.002	C18	NEG	-1.0126653659	1.4142862687	-1.2978272549	1.7581391821	-1.2093573548	-0.1322000377	0.1015956258	1.1382407904	-0.5863285149	0.4111508842	0.229944962	-0.4472967898	0.4552968393	0.7534662267000001	-1.7042734572	1.0307950971	-1.3175794436	-0.7947450124000001
N840	676.30485	10.692	C18	NEG	0.0136395787	0.5765186968	-1.8222536999	0.8748065920000001	-1.5200334181	0.8386587809	0.1410265436	1.333851714	-0.2500120269	-0.073832634	-1.7537815876	-0.7775604446000001	1.5581041945	0.4537555954	0.7762355849	0.8124771491	-1.05232225	-0.1292783688
N843	765.34311	11.393	C18	NEG	-0.280558766	-0.8295216905	1.3522062612	-1.1392930987	1.0265434189	-1.2715461721	0.8083317771	-1.8444644458	-0.0777258006	-0.9640759526	1.2830105862	-0.1850880505	-0.4370177602	0.8212590184	-0.2972193853	-1.0026299589	0.9373607644	1.2709075646
N844	281.24837	10.693	C18	NEG	-0.6213368939	0.8970311264	-1.6220769768	1.7969769597	0.0461251853	1.6260649392	-1.3724662986	0.5780345663	-0.1717246358	-0.0062544528	-0.9570825958	-0.4437776784	-0.2447939823	-0.3485444531	-0.6277341793	2.0483019139	-0.3394831982	-0.2372593457
N849	297.24319	10.942	C18	NEG	0.636960241	-0.3560466547	-0.6866298766000001	1.9487570475	0.5563543691	1.010085951	-1.0810053709	-0.7675535773000001	-1.6591146552	-0.5130289233	-1.1468912115	0.2087021851	-0.0992055264	-0.400109716	1.0185512576	2.0242981453	-0.0388056867	-0.6553179979
N851	883.7052	12.47	C18	NEG	-1.1518243893	1.4556755446	-1.4146699221	1.9136928108	-0.1344774645	0.5937739897000001	-1.4232002534	1.6623875506	0.8717748838	0.0151215089	-0.1128962979	-0.1388898526	-0.250400175	-0.6718216871	-0.5941554433	0.0557234254	0.6213441891	-1.2971584177
N852	750.54406	18.645	C18	NEG	0.1283347367	0.7132715768	-0.5009039312	1.5349197687	-0.4884844171	-0.2095547681	-1.6964858198	2.0586297576	-0.8506317373000001	-0.2550606431	-0.8062609401	-0.9534712572	1.3685346719	-0.6978877413	0.0889109003	-0.8064643177	0.0654392896	-0.8272260892000001
N854	896.49529	18.314	C18	NEG	1.8700492214	0.926253641	0.9535266791	1.0679244684	-0.6411930351	0.7724730632	-0.6876020301	0.5150818426	-1.3828947448	0.3423611929	0.0727611891	-1.5666065631	-0.9240694887	-1.4403242658	-0.8372851725	0.7939795342	-0.6543038405	0.8198683086
N855	945.50877	16.791	C18	NEG	-0.0360719939	-0.0084417504	-1.0803286101	1.954818516	-0.7287466967	-0.0300113622	1.6007745543	0.7418815498	0.2901708298	-0.03273704	1.8199567509	-1.6220566317	-0.1623681129	-0.4132343602	-1.0459573183	-0.5562881051	-1.069839486	-0.35026743
N859	469.15746	10.43	C18	NEG	1.4769978446	0.2476960175	-0.822186344	-0.5514823209	0.0968917461	0.9958359866	-0.2751678685	1.6615319021	-0.8279636534	0.2989736549	-1.4307262772	-0.5311659332	-0.6421950925000001	-1.8144420582	-0.8313017829	1.2549567652	1.3108296218	0.3829177922
N867	592.36122	12.284	C18	NEG	0.0313100953	-0.4591489684	0.3817643219	-1.2096374014	0.3164449888	-1.2049395242	1.3318234621	-1.9643023064	1.0371300206	-0.2796545838	1.6869582731	0.0049128608	-0.2499095574	1.3017575629	-0.0740943199	-1.4862607205	-0.097713345	0.4744101731
N870	466.32981	11.852	C18	NEG	-0.8245092721	1.16705329	-1.4440994691	1.9135731397	-1.2204128304	0.5916062362	-0.6586075693	0.5897042838000001	0.0746551019	1.0830171042	-0.6419886154000001	-0.1086909862	0.4323949123	0.9348473315	-0.7173653879	1.231730229	-1.138433769	-1.264473729
N871	722.46151	14.172	C18	NEG	0.2259313643	-0.5314140646000001	1.9151537378	-0.0689551826	0.4004380434	-0.2236280224	-0.6391822094	-0.6142757977000001	-1.3016589887	-1.4193363893	1.1934963095	-0.9905548437	-0.9298471729	-0.428910275	-1.0589722549	1.2871485424	0.2622182557	1.4610877107
N874	309.27947	13.636	C18	NEG	-1.3391857282	1.1509452382	-0.8969627916	1.3985417196	0.5673298329	1.1412537994	-0.7919780712000001	0.5040071113	0.5304972698	-0.0727161455	-0.7721022735	-1.0994537313	-0.2978405567	-0.2458126347	-0.8014993264	2.209920663	0.1647874394	-1.3497318144
N877	789.41774	12.761	C18	NEG	-0.23575291	-0.9011614342	-0.8734964324000001	-1.5161373499000002	-0.2921281622	-1.7665228954	1.4125098386	-0.5502482211	0.5791759428000001	-0.4633977108	-0.9265335374	0.7444299311	0.1821992507	1.8223127779	0.9600275537	-0.3809412156	-0.2454592299	0.6187729331
N879	554.47824	16.087	C18	NEG	-0.1013222805	0.6092508	-1.6446354769	0.5698993864	-1.5990171231	-1.0324923003	-0.4073663905	0.8188763735	0.9627395441	0.8958794044	1.324435963	0.4865367877	1.2080130974	-2.0186074622	0.0083934326	-0.3902929399	0.7357106170000001	-0.4260014326
N883	439.23713	13.639	C18	NEG	-0.4582162394	1.783002138	-0.9026716723	1.3294033859	0.1880977406	1.1996074402	-0.6814872991	0.6824462124	-0.3899602416	0.0377506692	-1.2066189371	-1.2480020878	-0.0701967336	-0.5476122074	-0.6081165627	2.1066674199	-0.0558606969	-1.1582323284
N884	918.47883	17.271	C18	NEG	-0.0830467	0.6509894608	-1.1671881489	0.5722096096	-0.1204881096	0.8713772481000001	0.0391333258	1.2339255506	0.1919815398	0.8403896871000001	-2.021488867	-0.1001138835	1.2555050156	0.0876290315	0.8184680312	-0.6957731677	-1.5487764144	-1.9919213581
N887	638.57191	19.042	C18	NEG	0.3123111982	1.0691770383	-0.7308224268	2.1634530253	-0.5326553624	1.1725404545	-0.6231136396	0.0823578283	-0.5841787513000001	1.0726125429	-0.5543397405	-1.0410266694	-0.9789481611	-1.2020609905	-1.1506047415	-0.4183234825	1.1693731665	-0.8278130889
N889	319.22773	9.668	C18	NEG	1.9018399973	-1.0578593803	0.9513768457	0.1137898395	-0.8725516948	-0.9133425962	0.8561222364000001	-0.9090023221	-1.1202474053	-0.6934169646	-0.8226074624	-0.433855554	-0.8563211803	-0.4675782238	1.2193042329	1.148715855	0.4662642047	1.5317440961000002
N890	588.25252	10.321	C18	NEG	-0.3729996409	0.7342683629000001	-1.6389137344	1.5267435384	-0.7802603608	1.4259486878	-1.040901959	1.4850923296	0.7466759087	1.1717585722	-0.7008744100000001	-0.0101037262	0.1774898773	0.0787823129	-0.0754448676	-0.0115660835	-1.025641949	-1.6900528584
N891	511.30366	11.406	C18	NEG	-0.2278896779	1.3135314259	-2.1192856963	0.6898913561000001	-0.9051923736	0.3672210346	0.1547484718	0.3039916471	0.4875328242	-0.5578799099	-0.2110477484	-0.5081397852	-0.6327011133	-1.4540722698000002	-0.5330801863	2.1805755617	-0.3684017464	0.0737858407
N892	1608.12382	18.358	C18	NEG	0.1929256241	0.3190078391	-0.9246550879	0.8081359874	-1.99712942	0.1362072746	-0.0509769191	1.3699226966	-0.1092846764	0.9344273202	-1.4700707879	-1.3381334513	1.1316476976	-0.0740683979	1.269544887	0.1307618826	-1.2529175566	-0.4710597174
N893	1581.18334	19.149	C18	NEG	-0.499734099	0.8203111312	-2.4953217205	0.6644546826000001	1.1796507143	0.6995206204000001	-1.2507636528	0.7894223413	-0.2206734987	1.0624507091	-1.0362957393	0.1927790072	-0.7748372874	-1.2195779057	-0.31221483	-0.0454566156	1.1955224899	-0.5068242431000001
N897	537.23771	6.918	C18	NEG	-0.0117073567	-0.2105615262	-1.1519923788	-0.6784763833	1.8221920038	1.8606145385	-0.8532662485	0.5248945894	-0.3185259784	-1.1160777051	-1.0892803882	0.8799757666	0.3444841662	-1.1449907054	1.3447685689	-0.5885910417	-0.7357698634000001	-0.4667261696
N899	720.44444	13.352	C18	NEG	-0.2285372717	-0.6108655423	2.3116795068	-0.3586189772	1.6352771747	-0.5853371978	-0.3289648461	-0.9224444251	-0.8886404520000001	-1.3385247484	1.3977282357	0.379773263	-1.208722536	0.8348207967	-0.6500757277	0.1334203689	-0.411710723	0.2288775592
N901	242.17625	5.302	C18	NEG	0.9007585661	-1.8289468847	-0.2392321332	-1.2932205511	-0.4827876504	-1.2201049411	1.6793743084	0.017129235	1.2677884266	-1.197365391	-0.7520609503	-0.3251220293	0.7918215120000001	0.6510028749	1.0611734171	-0.8306098277	-0.6228646746000001	1.1300461421
N903	629.51408	16.497	C18	NEG	-0.1059082674	0.9637262047	-0.1399426388	-0.5395849383	1.6363690902	0.0394991602	-0.4531009657	1.2642620532	-1.0752738976	-0.9650027575	-0.556105834	-0.8091804542000001	1.684408445	0.2746557421	1.391131928	-1.0641297858	-0.6418198115	-1.4601091066
N904	788.4343	12.391	C18	NEG	0.0778090758	-0.5157618987	-0.19206103	-1.5923449058	-0.2531982018	-1.374514952	1.5483268845	-1.4282272226	1.4195741619	1.5336964637	1.1048060095	0.8220557167	0.0203449388	-0.4808362465	-0.2721862887	-0.841863103	-0.5806030682000001	-0.3526413352
N905	960.45118	17.066	C18	NEG	0.3802850424	1.1302333068	-0.7162802678	0.2544589292	-1.4363252215	0.262547046	-0.7992949001	1.6951561092	-0.4123515991	1.1203101511	-0.2771204856	-0.7869545366	1.3857002277	-0.6982471554	0.2399452691	-0.6056317233	-1.7298309457	-0.9804924816
N906	1656.12505	18.145	C18	NEG	0.1698093413	0.9507953469	-1.4255763942000002	0.9505144598	-1.1648672901	0.8203993502	-0.7958873048	1.211704841	-0.376811367	0.4687257067	-2.601676287	-0.5362424840000001	0.7331934672	-0.4014348824	0.5135740505	0.9373686425	-0.8791655909	-0.6839547542000001
N907	664.41705	12.161	C18	NEG	-0.1728817059	-0.6875429717	1.8276481863	-0.627992332	-0.5047979913	-0.5527424016	1.2828343916	-0.6814965002000001	-0.8818941814	-1.3345032234	1.6780999367	-1.2194159306	-0.7575098981	0.8111158087	-0.6289075289	-0.0397443864	0.4264427634	1.3757449931
N908	630.33981	11.578	C18	NEG	-0.5350695447	-0.6273587273	1.4545392361	-0.1220361762	0.5528962023	-1.3590092153	0.6273111129	-0.5959146561	-0.4010307906	-0.0277039624	2.643685599	0.1234738287	-1.0522198279	-0.7200019125	-0.8093411989	-0.5881228513	-0.6753484447	0.8879779453000001
N910	585.48421	16.595	C18	NEG	0.1030951299	1.2301584221	-1.4295526593	1.1296312091	-1.234345918	1.55121005	-0.7716898342	1.5841357257	0.5178190577	1.1268993374	-0.9426443639	-0.0123128541	-0.2676362203	-1.1234077091	-0.888452572	0.6966421365000001	-0.2602332164	-1.0093157211
N912	315.25386	8.778	C18	NEG	1.595313755	-0.9334982544	0.4157105916	0.6625263503000001	-0.0259243906	1.6757657349	-0.5704622996000001	-0.2470714335	-1.5987417287	-1.1113036821	-1.7641639439	-0.8989233887	-0.1236153737	-0.0175641258	0.8367119116	1.4640074950000002	0.3375239878	0.3037087946
N916	279.23257	11.677	C18	NEG	-0.7746879371000001	0.8226099895000001	-1.5872759611	1.4140495166	-0.0697367896	1.052654357	-1.1979434125	0.4578348634	-0.2672482076	0.5881815730000001	-1.5849807473	0.3982973444	0.3802927337	0.2302776666	1.1558000453	1.2749172405	-0.6124699382000001	-1.6805723365
N918	765.38049	11.732	C18	NEG	-0.0511844264	-0.891652568	1.0493529955	-1.2220449141	1.1234742641	-1.3457516144	0.9247443616	-1.7660927808	-0.1071611753	-0.8282806089	0.5776204811	0.2691870843	-0.3620282764	0.7853772714	0.6422812636	-1.7188533972000002	0.8175585546	1.2118009174
N919	673.50366	16.424	C18	NEG	-0.6132936645	0.6987162234000001	-0.2258476005	0.6192752635000001	1.463227617	0.7725428656000001	-1.0949197526	1.0625485274	-1.5746218098	-1.3891289875	-0.965129721	-0.2727333299	1.342045549	0.0839785323	1.1691658283	0.3266175553	-1.0001049404	-1.3674678766
N921	558.23614	9.825	C18	NEG	-0.7925492257000001	1.3006994245	-1.1617377654	0.9003160735	-0.8912147334	1.6978440152	-0.7017216841	0.26307786	-0.1404691364	1.1925151267	-1.5997887513	-0.171362469	-0.3649071647	-0.6859994957000001	-0.4149687494	1.5922317706	-0.8966134139	-0.988811131
N923	685.3549	11.077	C18	NEG	-0.295354823	-0.9402060307	1.8797184464	-0.8071761287	1.513469699	-0.8358284609000001	1.129114124	-1.004654369	-1.1776135024	-1.0005211435	0.462265293	-0.6966480311000001	-0.7560660196	0.0281904118	-0.5590682964	-0.9953357238	0.6856739059	1.4251802494
N926	479.19334	12.47	C18	NEG	0.5703048259	0.6069552765	-0.9117803801	1.4338303853	0.3979324218	1.4818805221	-0.5337250591	1.3521382915	-0.6936464169000001	0.4196217558	-1.6094259153	-1.9412252715	0.5326070416	-1.1002414641	-0.0929557846	0.9373607332	-0.1138289689	-0.7358019931
N933	900.49648	17.422	C18	NEG	0.6637775053	0.9575696889	-0.5842828671	1.3180089381	0.9497680529	1.3737158037	-1.2197349808	0.8851093541	-1.1661126519	0.7610158382000001	-1.9033455145	-1.0170784655	-0.0283562587	-0.8906696618000001	-0.3379269573	1.223428645	-0.3991877417	-0.5856987268
N936	626.36655	11.062	C18	NEG	-0.2979931264	-0.9622593805	1.140060762	-1.0815515591	-0.2348252842	-1.0806390196	1.7055079174	-0.8778428691	-0.7245875628	-0.8283020249	1.773711653	-0.9606713902	-0.5263183832	0.1484582031	-0.2531696961	-0.5993958867	0.0010481136	1.818667284
N938	616.36101	12.656	C18	NEG	-0.6998372153	-0.2552383046	-0.6271559102	-1.0850932896	-0.6033835274	-1.2956361958	0.5757250297000001	0.0580467008	1.6150145714000002	-0.1452382733	1.6919239195	-0.7576729262	0.1296571441	1.9707645163	0.2602655526	-0.7048088951	-0.5370852276	-0.4922481681
N943	874.4803	17.24	C18	NEG	0.9174089926	1.3190016279	-0.6495792862	0.7491400717000001	-0.105396354	0.7056187557	-1.2019659719	0.0942949424	-1.0537260081	-0.2331850492	-1.8655799459	-0.9252572761	0.1035030297	-0.5967779193	0.0395687507	2.0709169494	1.3442989682	-0.7122842775
N947	646.37141	12.529	C18	NEG	0.2948263407	-0.1337599825	1.4051566743	-0.7190292117	1.6428857982	-0.7492680438	0.1150406058	-1.5201088232000002	1.067017308	-0.0357740721	0.8841783533	0.1942705571	-0.6125209239	-0.7266463809	-0.5090305178	-2.0039587806	-0.0304057816	1.303366898
N949	425.25743	10.582	C18	NEG	1.1416369989	-0.5396523341	-0.9438848659	-1.4410032208	0.8616502151000001	1.3550569198	1.1162826884	1.568891681	-1.0831424043	0.0352550455	-0.2693202536	1.282916911	-0.2438185628	-1.2265112082	-1.5859655759	0.0861644027	-0.3453783574	0.2308219206
N952	435.20589	12.352	C18	NEG	0.0861278403	0.7279068774	-1.6500943074	1.8078140759	0.5861936423	1.5623121688	-0.968418133	0.5449883435	-0.5016650272000001	0.7284779796	-1.7471781480000002	-0.4287015951	-0.1096870285	-0.6799212928	-0.1495519946	1.4234642871	-0.340587062	-0.8914806263
N953	970.52399	16.343	C18	NEG	0.8409532683000001	0.7090703684	-1.7954070003	1.094482256	-0.0609463126	1.3095252739	-1.2623264092	1.1958042336	-0.9314523311	0.6354272637	-1.5331097632	-0.6792364628	0.6882971552	0.0462088079	0.9843462742	0.4371410684	-0.3401754058	-1.3386022846
N955	91.00349	9.22	C18	NEG	0.9236518291	0.4297522921	-1.8619294009	0.0482268099	-0.5257051481	1.5645383128	-0.5148097018	1.9438981972	-1.0971209275	-0.021760435	-1.0122670748	-0.595560249	-0.9571772761	-0.6677993843000001	-0.495156501	1.1196353293	0.6050468569	0.5189762223000001
N958	715.44301	12.466	C18	NEG	-0.3681363875	-0.2509128349	-0.4608726503	1.3997346666	0.8206358098000001	1.5218890557	-1.0268910204	1.377529284	0.369460807	0.8732639057	-1.62159937	-1.9130659833	0.8107207379	-0.076961927	-0.7392452441	-0.1287861021	0.4486675035	-1.0354302505
N966	508.3402	12.621	C18	NEG	-0.6691744962	0.0372986648	-1.4726533883	2.6496767939	-0.0684904035	0.9762158383	-1.1848590454	0.2955270227	-0.7235111158	-0.080405613	-1.358412632	-0.213169256	-0.4172058005	-0.1713696336	-0.6440327995	1.3081966221	-0.1176642999	-0.771276268
N968	698.55658	15.87	C18	NEG	-0.473515793	0.8612285044	-0.4052796442	1.5878706509	-1.3477736607	1.0216810633	-1.5852043267	0.982723971	0.1823912354	0.7671242541000001	0.3780124332	-1.1366618234	-1.0527035842	-0.3693766427	-1.2322576063	1.0470959305	0.9558643033	-0.586498909
N974	630.30158	11.214	C18	NEG	-0.5471486588	0.198431591	1.0378425745	-0.6391981896000001	0.4447405739	-0.8190402297	0.4034927694	-1.7629046561	2.0535331924	0.4261930233	1.481312347	0.5560496811	0.1685804481	0.0820663838	-0.0431499238	-1.5041599516000002	-1.3686203809	0.030410997
N977	698.22305	9.824	C18	NEG	-0.8081478788	1.1726593408	-1.212539313	1.531287876	-0.8372195338	1.4711843168	-0.6986353487	0.4009184746	-0.1321545634	0.9009132483	-1.6232631446	0.2870831653	-0.3404883383	-0.7961561512	-0.5963916687	1.3841296513	-0.9610682679	-1.0532865266
N982	993.49128	15.584	C18	NEG	0.1166585939	-0.086790172	-0.4947288589	1.5877449153	-0.7022314942	-0.9868071061	-1.0514932759	1.1994369305	-0.9599107433	0.6342060456	-0.6315818084	0.1975284595	1.2045608265	-1.0161458668	1.657784999	-1.2451902171	-0.5493518948	-0.8535853047
N989	1556.17105	18.974	C18	NEG	1.6974907095	-0.4955742313	-1.1228681545	-0.4258767267	0.4863350301	-0.3655193727	-0.2760413416	1.0991813846	-0.7056694599000001	0.6882250709000001	1.6183845477	-0.2264944041	0.0869300771	-1.7194706441	0.542252533	-0.4357205816	0.8798888051	-1.761173823
N995	437.2669	11.275	C18	NEG	-0.3366482828	0.993237494	-1.7075002199	1.488100376	-0.395396348	1.6604395413000002	-0.8198854839	0.4728325683	-0.3592674733	0.6805020494	-0.7987006301	-0.5245621404	0.1044743883	-0.8431894512	-1.2253149206	1.9438782688	0.279782255	-0.6127819909000001
N997	583.33526	10.859	C18	NEG	0.0715887954	0.9436100177	-0.6815384759	2.2201093434	-0.3118860653	1.5071576774	-1.2337592929	0.5155345861	-0.6975896887	-0.1214929466	-1.5011021293	-0.2916321477	-0.3223129164	-0.7942408099	-0.7630813561	1.5899530679	-0.4574566437	-0.3533994911
N998	670.40815	13.739	C18	NEG	0.2170904583	0.0336950298	-1.035251424	-0.4621440041	0.7367986621	-1.2453610303	0.192837505	0.3060436443	1.8085901239	0.3549018394	-1.7843108829	1.4606446673	-0.32909271	1.4993367132	-0.2076269329	-1.1828496572	-0.1202535266	0.0966901986
N1004	702.50688	17.619	C18	NEG	0.2717695009	-1.9117737123	0.513477918	0.8461083618	1.3893659769	2.3255570866	-0.2934466487	-0.4936150048	-0.8235445367	-0.5330917016	-0.5702733275	0.2496903705	0.1831206066	-1.2271021379	-0.3876443257	0.7428239498	0.1187099782	-0.4218095018
N1006	658.33313	10.633	C18	NEG	0.6198438301	1.5097936257	-1.2293739402	1.362597623	-0.3141722046	1.6357186867	-1.1818051579	0.4200887353	-0.3790763204	0.0551496816	-1.9369652132	-0.6184103787	-0.1498745647	-0.5468611316	-0.5655711170000001	1.4782213052	-0.7437300823	-0.597378535
N1007	828.65231	18.742	C18	NEG	0.4095450277	-0.5163504448	0.0930944956	1.1904390485	0.3129246801	-0.0031575704	-0.1860257158	-0.6835613148	-1.5166570931	-0.4130656802	0.8654854502	-1.3769053947	-1.1533086302	-0.831440167	-1.1118286303	1.797608383	1.4880770756	0.2926345643
N1008	812.54842	15.869	C18	NEG	0.5256075639000001	0.6826968268	-1.766382412	1.2967946581	-0.9700482989	0.6945501732	-1.3265538988	1.7244770949	-0.4986172327	0.6082883843	-0.2821590129	-0.9079400939	-0.6131460986	-0.7759351265000001	-0.8010482086	0.6271142502	1.657650025	0.1246514064
N1011	362.23665	9.827	C18	NEG	0.0380126858	-0.9678946788	0.2578308156	0.1805465161	-1.1450712319	-0.3940571304	0.0321755111	0.1140499154	-1.8819841766	-0.1879252545	-0.8866222123	0.8826493006	1.165501143	1.3442633538	1.9545081252	-0.9894688023	-0.393185171	1.1345021068
N1016	401.29029	11.818	C18	NEG	-0.8401877160000001	0.6802962105	-1.0987866641	0.1775085712	0.3538410521	0.6297832731	-1.9896791191	1.1863908675	1.0422921716	-0.3341831166	-1.06956631	-0.0422967049	1.0023238711	-0.3022180834	0.4805997087	1.2570520279	0.8138622087	-1.9470322483
N1019	718.28796	10.106	C18	NEG	-0.1172310696	1.0986586155	-1.2560177059	1.1115737668	-1.0560060699	1.4048329497	-1.4440415985	1.4020722141	-0.1126244336	1.1261980462	-0.796315843	-0.7580445191	-0.28298758	-0.6010632134	-0.4434442237	0.9961186348	-1.4917300223	-0.8322814970000001
N1025	673.39191	14.413	C18	NEG	-0.7524529346000001	1.0900910333	-1.1924065966	2.2524787995	-0.8771538508000001	1.3658292078	-0.8775149396	1.0272848786	-0.6442647719	0.6563308257	-0.9047287694	-0.4888254313	0.0165179801	-0.8112602303	-0.7206500208000001	0.5239940019	-0.1874372676	-1.1330136182
N1030	1501.15179	17.017	C18	NEG	1.3014425196	1.3155632259	-0.9906954141	1.1136898037	-0.5866687922	0.0255328125	-0.3208879507	-0.1816371218	-0.3341668009	2.0010327964	-1.8579968602	-0.697495866	0.5122057119	-1.3719886217	0.0328091067	-0.1582325315	-0.7932014315	-0.482752061
N1039	608.25172	10.861	C18	NEG	0.3751321131	0.8665561508	-1.0056266768	1.6313698595	0.4761303199	1.5580437944	-2.025943117	0.9285725864	-0.6237296364	0.5853784248	-1.3564552649	0.0174732742	0.1299914604	-0.7305549115000001	-0.0311889496	1.0003233829	-0.6993193582	-1.0961534522
N1048	906.50027	18.328	C18	NEG	0.322552474	-1.1301825191	0.0654063486	1.0501573473	1.0169996093	0.5896195145	-0.7270443356	-0.6301722383	-1.5874522722000002	-1.4678937443	0.133177381	-0.2239986767	-0.5434929805000001	-0.5929134736	0.5498868043	1.7531560342	1.6292954089	-0.4280411882
N1049	1555.16737	18.977	C18	NEG	2.2007585742	-0.3690683665	-0.8795032058000001	-0.0914341698	0.5005445462	0.057828564	0.0204240729	1.3209441753	-0.507996702	0.3397205578	-0.0206590211	-0.0933225342	0.2494225102	-1.6940573541	0.9479298457	-1.7422236153	1.097343955	-1.3366518326
N1051	644.31748	11.496	C18	NEG	-0.481232335	-0.7188532334000001	2.0782143564	-0.746708319	1.1786610254	-1.4750895759	-0.481244571	-0.4171367611	0.0652381946	0.1584410981	1.4816580351	0.126971438	-0.6183330019000001	-0.727874522	-1.1923626782	-0.6627954699	-0.4463027101	1.1244260336
N1052	702.31999	10.845	C18	NEG	0.0563561584	1.1825243986	-1.4806790813	1.5491027766	0.003817499	1.8601470622	-1.072241398	0.7868542061	-0.4968618565	-0.1131858378	-1.346456497	-0.9314186355	-0.0040480386	-0.6542737791000001	-0.833310654	1.6255590803	-0.2441593216	0.1122739182
N1053	1558.10754	18.338	C18	NEG	0.1806819381	-1.0446812934	0.0427252829	2.0159230694	-0.2618510561	1.1769863105	-0.8000235491000001	-0.2982162681	-1.7813876673	-1.2545092159	0.0406428381	-0.7764577805	0.0904481222	-0.2741779856	0.7306350014	1.3684309763	0.8875565598	-0.5646182188000001
N1057	621.39922	11.778	C18	NEG	1.6608940752	1.8571172255	-1.5250365267	1.9816206345	-1.0624540296	0.3028658231	-0.1878855717	0.5869057151	-0.1412257052	-0.6422134329	-1.5464750068000002	-0.4617761405	0.13442581	-0.5151164146	0.2521844039	0.1181725472	-0.7314533151	-0.0805500914
N1064	1151.70419	14.763	C18	NEG	-0.1911601947	0.2159036308	-0.4789561584	1.3503096593	-1.8977101483	2.0822506174	-1.1232611533	0.8938263417000001	-1.212456114	0.470137757	-0.6963464759	-1.0532496888	0.3643447062	0.4865734745	0.3898412051	0.2346037048	0.6128687781000001	-0.9264761001
N1065	538.26747	11.504	C18	NEG	0.6852055655	1.1610604085	-1.0224409789	1.5170012266	-0.5679968710000001	1.2309672596	-1.2204579898	1.1408375456	-0.5256549443	0.4456046894	-1.6359916379	-0.8560807007000001	0.2395923313	-0.7177379806	-0.2442926207	1.1948086654	-0.3744620588	-1.4724028882
N1070	541.16363	12.477	C18	NEG	1.754014807	-0.1483750192	-0.5445253769	1.1137443277	0.2474304221	1.3157522652	-0.2019498289	1.0874562466	-0.8262788593	0.221404659	-1.8407076935	-1.9699557678	0.6804290801	-1.1292999582	-0.0205496904	0.6858248756	-0.0558732842	-0.3685412048
N1071	1559.11056	18.336	C18	NEG	0.3711910013	-1.0323149259	-0.0520615753	1.7411867956	0.0419922428	0.9383459565	-0.8318308302	-0.3148396955	-2.2144838233	-0.7865623903000001	-0.043736985	-0.7106967378	0.1878692155	-0.5556053616000001	1.0213800753	1.468722373	0.7193830894000001	-0.7756438547000001
N1072	570.46513	16.377	C18	NEG	0.8148631048	0.2671458827	0.5276280196	0.3693964677	-1.6376370502	0.2514357694	0.5598014298	0.4175980215	-0.7548171121	-0.201287509	0.612145061	-2.0306101171	0.6448406345000001	-1.0283734807	-1.3196322388	2.0120485076	0.5270840272	0.4959986018
N1073	528.27268	10.282	C18	NEG	1.2806717455	-1.0749303587	-1.8885185929	1.3190870927	0.0251835539	1.9685902111	-0.2829420447	1.4052364541	-0.405721808	0.8590698433	-1.205753197	0.0072380544	0.456652978	-0.6190015086	-0.6042207245	-0.4175995773	-0.6768638927	-0.1461782286
N1078	515.14807	12.139	C18	NEG	1.369610849	0.393450182	-0.6226969444	1.4353530281	0.0265009115	1.4196295244	-1.013473567	0.9135543266	-0.7450390981	0.4894271497	-1.9157558956	-1.791739786	0.4318394218	-0.7663692117	0.2230781872	0.7637479533	0.1274106676	-0.7385276985
N1081	738.27556	10.69	C18	NEG	1.0924902602	0.5702128269	-1.4701214302	0.7452861748	-1.223917125	0.6861604074000001	-0.0787695907	1.348308398	-0.7379905543	-0.0131789551	-1.5619019773	-1.5673205871	1.7836108714	0.2688951596	0.6298158944000001	0.5736038658	-0.5744708537000001	-0.470712785
N1089	323.22	12.145	C18	NEG	0.8534370979	0.5508431344	-0.4795622131	1.5928505561	0.1373787454	1.56633838	-1.1464788248	1.071742279	-0.5693472734	0.3908293331	-2.0916865534	-1.6836546188	-0.1111632929	-0.6254346357	-0.0044340097	0.9552146962	0.0967530641	-0.5036258644
N1091	417.22297	12.468	C18	NEG	0.6577633593000001	0.614872804	-1.0403584164	1.3319902961	0.3300045746	1.3217644243	-0.6798307838000001	1.4876205662	-0.3244250809	0.5697471008	-1.6812803657000002	-2.015039725	0.6818266529	-0.9318795698	-0.1305918671	0.6881756893000001	-0.0705921483	-0.8097675106000001
N1094	766.30643	11.985	C18	NEG	1.1612246059	1.0471793154	-1.3824151936	1.5677785529	-0.6580786844000001	1.1994180518	-0.4449876628	0.9276580365	-0.6742920569	0.0939979176	-1.4654363493	-1.8046314583	0.4879165055	-0.4494793362	-0.6345986532	1.1846826026	0.1765830067	-0.3325192001
N1095	453.17781	12.145	C18	NEG	0.6414557966000001	0.6135110825	-0.4860757162	1.5854125702	0.1471730584	1.6047533441	-1.2655878219	1.1988177269	-0.5309982072	0.259542296	-1.9851973728	-1.5736855278	-0.151116746	-0.7577594276	0.1599998122	0.960181795	0.2517316507	-0.6721583130000001
N1096	678.25399	11.505	C18	NEG	0.5568254084	1.0050139487	-1.1262065923	1.4628347051	-0.3195207033	1.3213460543	-1.2906588264	1.2989429637	-0.3368028496	0.4904421653	-1.5526716847	-0.9301601908	0.0991367769	-0.5521409931	-0.1664333577	1.0018075337	-0.2748408612	-1.8131200892
N1097	1500.1485	17.019	C18	NEG	1.9667632354	0.2954951099	-0.9659109873	-0.1513511035	-0.5487207488	0.5381340901	-0.0153548238	0.5101138916	-0.2683479381	1.2036115506	-2.2089680513	-0.3286534439	0.9895590972	-1.7529183589	0.3926382341	0.0514093462	-0.6734100868	-0.3190376162
N1098	1478.02362	17.238	C18	NEG	0.2723436585	0.3296124369	-0.6770278424	1.329798577	-0.2698165033	1.2604269425	-1.1796865597	0.4687032777	-0.9798217233	0.1576804301	-2.4604253038	-0.8085064354	-0.0988126518	-0.9432067567	-0.0122126177	1.5972385513	0.1569981182	0.2581383154
N1099	510.23639	10.32	C18	NEG	-0.0026246011	0.4845836688	-1.957453425	1.5720825855	-0.5784275506000001	1.2408725107	-0.8621525817000001	1.5197565784	0.12688811	0.9418247366	-0.6250753613000001	-0.4809464014	0.8462571996	-0.2605622293	0.4969943117	0.2653920148	-1.0564839125	-1.6709256533
N1102	533.45443	12.143	C18	NEG	0.3029552686	0.3493805192	-1.2200166883	1.5904121941	0.0178709016	1.9071526287	-1.3162025346	1.0177577435	-0.1862911565	0.4715148347	-1.7871043961000002	-1.4932438121	0.1819124226	-0.4276156838	0.402335832	0.8142554777000001	0.1595794802	-0.7846530313000001
N1110	447.13414	6.86	C18	NEG	0.8017702238000001	-0.3865534086	0.4098128807	0.0436222667	-0.4856190702	-0.084802216	0.9403992018	0.6476280074	-1.1478439219	-0.5461845154	-0.9204632311	-0.9938331428	2.3553366576	-1.2874709911	0.0932178654	-1.2325395398	1.2095026713	0.3340193171
N1111	536.22978	10.324	C18	NEG	-0.7990378256	-0.1353626929	-1.0410243296	1.4239670307	-0.2578750847	1.5636028509000002	-0.7624323781	1.5389256482	0.7622692886	1.0731027848	0.6575405921	-0.3754512783	0.2505634576	0.0067014787	-0.3655102823	-0.0055728765	-1.6612417609	-1.8731646226
N1112	729.27733	10.816	C18	NEG	-0.4996934328	0.3289485339	-1.4650945705	0.787369712	-0.4499347446	1.5918233289	-0.7578844917	0.7668677817	-1.6173567388	0.1350588278	-1.3248945213	-1.1224685494	1.7146465215000002	0.8176923819	0.3593413031	1.1388992924	0.1233615145	-0.5266821486000001
N1122	558.46461	16.597	C18	NEG	0.6804032097	0.7749017135	-0.1888140275	0.269069172	-1.0964130579	1.7712446186	-0.6073828013	1.8010094191	0.4189007782	0.747509019	-0.6148607215	-1.6360291655	0.3920162059	-1.5516507306	-1.1507376107	-0.2389207673	0.3203828624	-0.2794421435
N1130	534.48846	16.373	C18	NEG	1.4581370426	0.1752124267	-0.0387017803	-0.5849453995	0.6603881202	-1.057321531	0.9730928772	-0.068358613	-0.510137175	-0.2955232131	1.401345056	-1.9617888333	-0.090769801	-1.7233452166	-0.7747507309	0.4196611062	0.5617290984000001	1.3417139558
N1132	650.22284	10.319	C18	NEG	-0.069472579	0.4852566041	-1.724893393	1.4808252427	-0.4226628106	1.324111808	-0.9765625297	1.5173038321	0.5289069127	1.117130952	-0.3924337396	-0.5915872187	0.6099307917	-0.4316967561	0.249596577	0.2896949794	-1.1908426501	-1.802606023
N1136	647.47649	16.93	C18	NEG	1.2807292175	-0.1632527294	-0.2342464582	0.5574011603	1.4193504544	0.9900523948	-0.6087858346	-0.0095159249	-1.4206370778	0.5818963260000001	-1.2316349822	-1.1882081607	-0.199078425	-1.7681260699	-0.2879332753	0.9100614845	1.1376814422	-0.2972471567
N1140	353.23329	6.326	C18	NEG	2.0690093626	0.7155676748	-1.142008218	-0.0735200566	-2.1557899041	0.2927288361	0.8909698103	0.9242963826	0.7253166454000001	-1.1565209574	0.9920647833	-0.3697023807	0.2659461273	0.1688964625	-1.1435854169	-1.0043101536	-0.2406426752	0.2412836775
N1144	653.47282	12.464	C18	NEG	0.3556736769	0.34818002	-1.1750725731	1.3282370843	0.4775654314	1.4838304555	-0.8153375144	1.6231269901	-0.1007099991	0.6966110568	-1.2067698866	-2.2485893771	0.5596618033	-0.6160079225	-0.437708222	0.5648952643	-0.0212351585	-0.8163511292000001
N1146	724.30397	10.212	C18	NEG	-0.7441168217	1.0054295308	-1.0379222331	1.1474649887	-1.1807983522	1.5876414053	-1.2561229072	1.60916775	0.0422412488	1.0217144503	-0.8459005185	-1.0470563566	0.0616946752	-0.4160696164	-0.4874395713	0.6790358164	-0.4139889089	-0.8830803101
N1149	584.35631	10.677	C18	NEG	-0.0768699601	0.2253487283	-0.423493969	0.9462837816	-1.7428113183	1.0906060635	-0.4058875511	1.4817779915	-0.6524719934000001	-0.6919236816000001	-1.5922216429	-1.2346624727	1.5724833428	0.5864639382	0.3070618738	1.0514172562	-0.6629726508	-0.201621705
N1157	547.18068	12.464	C18	NEG	1.1895424917	0.3200453256	-0.9735754588	0.9567011017	0.2592784731	1.4017363385	-0.2685144253	1.3707032501	-0.7823165956	0.2589703497	-1.9916718113	-1.9648761098	0.5706494175	0.0157677239	-0.0713766098	0.5296684727000001	-0.0905777889	-0.7143864213000001
N1163	663.41157	12.143	C18	NEG	-0.5010868065	0.2640706054	-0.5881954903000001	1.5734413975	0.0535322814	1.93010578	-1.1003953387	0.9229540896	-0.1621941707	0.3886122845	-2.0516229895	-1.5055597358	0.231580533	-0.3751335059	0.3219733396	0.7706761234	0.1853304093	-0.8591756128
N1165	518.24969	9.982	C18	NEG	-0.0426616609	-0.4127863834	-0.6491057341	1.0524567579	-0.9362266054	1.2688877239	-1.1445710443	0.9946484311	-1.5253990141	0.5957119961	-1.2592083848	-1.0790216053	-0.1864859765	-0.9593252911	-0.8904034272	1.4007897805	0.7076067278	0.9874575774
