fid	Experimental mass	rt	Platform	Mode	_quant_LD2169	_quant_LD2170	_quant_LD2171	_quant_LD2243	_quant_LD2244	_quant_LD2245	_quant_LD2162	_quant_LD2163	_quant_LD2164	_quant_LD2213	_quant_LD2214	_quant_LD2215	_quant_LD2166	_quant_LD2157	_quant_LD2158	_quant_LD2223	_quant_LD2224	_quant_LD2225
P1	760.58465	19.341	C18	POS	-0.4144812237	0.7711226128	-0.2212103528	1.1812822205	0.2954320929	1.6235412301	-0.41251869	0.2361394878	-0.3418332054	-1.6747267945000002	-1.1375096056	-0.8612598795	-0.7592852994	-1.3142028725	-0.634682336	0.8144779089	1.9005573904	0.9491573159
P2	876.80088	23.952	C18	POS	1.0839170821	-0.1287226586	-1.0175244629	-1.1268653709	0.897484456	-2.4031564068	0.3634804667	0.1858097172	1.0680218779	1.6548823652	0.4141294553	-1.3504638496	0.3962759192	-0.3745389076	-0.6821124324000001	-0.2571010703	0.2931837358	0.9833000836
P3	782.56882	18.116	C18	POS	-0.1376107702	0.5665042467	-0.1905602143	-0.2646925983	-2.5855369193	-0.0455648477	1.3416157128	0.9596768383	0.6550475768	0.9397435467	0.9121467028	-0.9274174283	-0.0480824726	1.0755597512	0.5460400919	-1.5978166751	-0.1455058353	-1.053546706
P4	758.56897	18.518	C18	POS	-0.5017693475	0.6371051816000001	0.289703833	0.9805664716	-0.1024004031	0.1687415922	-0.4741330803	0.5514238365	0.079162192	-2.0556774303	-1.9166302023	0.2068875292	0.5196400738	1.485042541	1.7370026858	-0.2269473094	0.1135096715	-1.4912278351
P6	806.56868	17.913	C18	POS	-1.084914421	1.8796338039	0.8503561785	0.3021369981	-1.2420975083	0.6050617244000001	0.1975894498	0.6967930876	0.1928103216	-0.3938293937	-1.5109998276	-0.4894971556	0.5758816806	1.8501782524	0.4008138379	-1.4860572871	-0.2844541739	-1.0594055675
P7	874.78481	23.42	C18	POS	0.6919248039	-1.8146615389	-0.2892148446	-0.7476783455	1.3047634427	-2.2566182738	-0.02689031	0.3580157121	0.6518180292	1.9600149028	0.6171592593	-0.3930485832	0.4547372368	0.0068057036	0.3575163308	-0.9192032961	-0.5605870927000001	0.6051468638
P8	848.76963	23.348	C18	POS	1.2086852368	-1.5166998268	-0.2677449463	-0.6926959354000001	0.0160701442	-2.1173408376	-0.7702953587	-0.0121910914	0.7787853276000001	1.7170938938	0.5523301632000001	-1.0169162412	0.4572171818	-0.3312725463	0.1151513276	-0.3355293527	0.4682765831	1.7470762783
P9	784.58393	19.02	C18	POS	0.3723020021	0.8259350572	1.2086259951	1.1532308673	1.3234448309	0.2976373987	-1.0868528181	-0.8081582446000001	-0.9848436505	-0.8217375020000001	-1.3440688137	-0.2608829353	-1.7217714716	-0.4658592871	-0.7084910298	0.5598210388	1.5202334401000002	0.9414351225
P10	810.59934	19.6	C18	POS	0.307655187	1.2552842413	-0.0685898573	-0.3249858653	-1.6885218675	-0.2274841215	1.1598158969	0.2526781767	1.1876775304	1.6313321709	-0.2174593198	-1.9917990291	-0.4972722395	0.8446653420000001	-0.1136967733	-1.6771835146	0.1847818446	-0.0168978019
P11	902.81583	23.995	C18	POS	0.2296046123	-0.9198065946	-1.0114481336	-0.8659717873	2.5115888018	-1.9022130329	0.0968711324	0.2830409793	0.3335313942	1.235787306	0.6375246252	-0.4431078631	0.498138739	-0.6217644858	-0.1498249221	0.3776443226	-1.2005886674	0.9109935738
P12	812.61544	21.49	C18	POS	0.4081740352	1.0199879158	0.5249454956	0.8285675435000001	0.9931222471	0.8264069966	-0.9354949292	-0.6084397064	-0.3446788194	-0.4163431632	-1.2154242967	-0.7760211319	-1.2944346549	-0.611341262	-1.9768274377	0.7354754793	1.4813657983	1.36095989
P13	703.57457	16.649	C18	POS	-1.7889595823	1.1440088592	-0.5411224226	0.7319534362	-2.2250472227	0.3292156352	1.0078794676	0.7828812694	0.0488817574	-0.1027376541	1.0107249427	0.2298741451	0.3196172504	0.8307245443	-1.4912995494	-0.2024707733	-0.9976348434	0.9135107402
P14	808.58384	18.354	C18	POS	0.3303499878	-0.0483696988	-0.1634348598	-0.7632953243	-0.1657768337	-1.3295798044	1.4372254377	0.3800123057	0.7724760121	1.9857066532	1.7899888762	-1.8435919679	-0.8659783162	-0.1887801391	-0.9255028565	-0.6390218021	0.2809359588	-0.0433636287
P15	846.75373	22.872	C18	POS	1.257297726	-1.6678681952	-0.271599773	-1.2341794537	-0.1833434797	-2.3574391416	-0.4389005585	0.2062486872	0.2490241866	1.6344167117	0.006126057	0.102795895	0.9336991762	0.6331299148	1.4555820281	-0.1841260364	0.0618943509	-0.2027580956
P16	850.78588	23.923	C18	POS	1.0331087569	0.7164584038	-0.6162743538000001	-0.4221787859	-0.6747773880000001	-1.8418961655	0.6190235955	0.0417979416	1.1129120139	1.0665552967	0.3562397782	-1.9070362003	-0.2452092413	-0.729837684	-1.3815758735	0.580925408	1.254475665	1.0372888329
P17	738.64643	16.871	C18	POS	0.3270306704	0.6073934683000001	0.0299441693	0.1439192996	0.5837271508	1.2444429923	0.0739737575	-0.6669273419	-0.92022938	1.83772936	-0.7368327212	0.3170030298	-1.6247911661	-1.7514156702	-1.0174851863	-0.6159438664	1.7254059783	0.4430554557
P18	764.52141	16.962	C18	POS	-1.2272417714	0.1885473793	-0.321776062	0.2103900564	-0.8081574492	0.7768056784	0.9072960218	0.9795675441	1.0275609011	0.8126237471000001	0.0989305449	0.6202557579	0.5713389153	0.6830051975	0.7034869614	-2.4593388394	-1.3249368073	-1.438357776
P19	872.76922	22.977	C18	POS	0.6779676847	-1.4256789853	-0.1600657226	-1.3190330029	-0.1525548546	-1.8961568961	-0.0401692009	0.4914957277	0.3074456962	1.3560245969	0.1271912313	0.6532923891	1.2055327486	0.9773236561	1.6927440125	-0.9390624103	-1.0403024476	-0.5159942228000001
P20	900.80052	23.515	C18	POS	1.0525806266	-1.7010782515	-0.1914424027	-0.7699748078	1.1178261339	-2.3201538453	0.1922516547	0.6725268457	0.5482925199	1.5317143437	1.0760361099	-0.4116120579	0.7192067382	-0.1000357166	0.2694155655	-1.0905409059	-0.6891641919	0.0941516418
P21	732.55364	18.061	C18	POS	-0.0401223868	-0.4002110228	0.1402251092	1.2542491306	0.8921563185	1.5329459584	-1.5089462189	-0.8440192556	-0.9790960511	-1.1891645101	-1.0455330494	0.7360132229	-0.9801835834	-0.5226319398	-0.4903360069	1.036561593	1.7760687626	0.6320239295
P22	820.73836	22.798	C18	POS	1.4015959314	-2.0004025132	-0.628421913	-1.0532643926	-0.3125268549	-2.0053033012	-0.6230565006000001	0.2654072959	0.2531108976	1.7595144262	-0.4009625921	0.6414088183000001	0.8465079743	0.1752936378	1.0646495664	0.1853685398	0.5410341326	-0.109953153
P23	496.33969	10.5	C18	POS	-1.2225846096	0.2639240672	-1.2847104554	0.4657868788	-2.0861053913	1.6441242816	-0.4143653409	1.7682707336	1.146886092	0.0519488455	-0.4096957191	0.2795407885	0.3177261505	1.0173567748	-0.7983490862	-0.8959869608000001	-0.0984751507	0.2547081014
P24	904.83199	24.673	C18	POS	1.1543261616	0.324276012	-0.0211622086	-0.2635211362	1.530606829	-2.3745096878	-0.1486595753	-0.1961072442	0.8376189937	0.725566676	0.8748151159	-1.8386886998	-0.3836034906	-0.8274052201000001	-1.0262352105	0.1170978134	0.8794951777000001	0.6360896939
P25	832.58431	18.079	C18	POS	0.472574827	0.1400108201	0.6038799561	0.2041512492	2.588648395	1.5872086584	-0.2363059998	0.0509395478	-1.1303566417	0.5374816053	-0.0609297077	-0.2342919299	-1.514509312	-0.333170171	-1.9288525994	-0.3652095328	0.0496590476	-0.430928212
P26	1520.165	19.408	C18	POS	-0.8065941047	0.5555404597	-0.4354366082	1.548016058	0.0233883593	1.8801795551	-0.5819536902	-0.0861647468	-0.4919627443	-1.4297503803	-0.8925674640000001	0.1262995371	-1.0244736158	-1.0945350332	-0.7718620152	0.7965328878	1.7847916066	0.9005519389000001
P27	756.55353	17.775	C18	POS	-1.4276241888	-0.1043500541	0.9449008239	0.1204605437	1.3951684564	0.4482227284	-1.5730538367	0.079971278	-0.3625661562	-0.9070239274	-1.5086588287	2.0673563244	0.2820755963	0.6015708623	1.3301481633	-0.6283650516	-0.2838538233	-0.47437891
P28	524.37105	11.862	C18	POS	-0.5362320197	0.7405094404	-1.3080903581	0.2535622452	-1.47186616	1.0123051528	-0.6302394613	1.4209836236	1.2629131011	0.2947928842	-0.9295393196	-0.493444236	-0.5130784851	1.1863447139	-1.995617722	0.3293551148	0.313428852	1.063912634
P29	834.59966	19.173	C18	POS	1.346392576	1.0866009417	-0.0516037716	0.6743576233	1.3634936178	-0.7389025327000001	1.0987838607	-1.2018034293	0.3156655982	0.5983997732	-0.7901989413	-2.0914109404	-0.1509304035	0.5272700533	-0.6286867705	-1.6021192389	0.7320385292	-0.4873465453
P30	768.55383	18.153	C18	POS	-0.2069795955	1.4185204782	0.7723289226000001	1.8311333795	0.913333435	0.8905553518	-0.2956045268	-0.5095379368	-0.3809580516	-0.6005488946	-1.5103202753	-1.1875429077	-1.4996475671	-0.4634801443	-0.9380734595	0.0738697592	1.5682058537	0.1247461791
P31	766.53753	17.304	C18	POS	0.6068928623000001	0.6495209712000001	1.3626316255	1.5547183928	0.8744857265	0.8872609027	-0.1287405654	-0.679830436	-0.9935081805	0.2971143632	-0.6058693944	-0.9969830349	-2.0761362535	-1.3246360795	-1.0766179658	0.1021327528	0.9093969753	0.6381673378
P32	638.57153	19.294	C18	POS	1.2701718342	-1.4600409545000002	0.7454574861000001	-0.4369691626	-0.2587457362	-1.2717187232	0.8819812372	0.4026730757	0.0621664581	-0.4495628601	1.9802331163	-1.9565800872	0.8578755837	-0.2639481603	1.1107672699	-0.2929801546	-0.8959138259	-0.0248663965
P33	740.52205	17.125	C18	POS	-0.1886144934	0.3296487108	0.9584217081	1.8412938279	0.0893566284	1.3240309966	-0.2966711611	-0.5616545229000001	-0.6512618621	0.0263605597	-1.0089415783	-1.0189743012	-1.8403962823	-1.1599143173	-0.5916409206000001	0.2352864136	1.806413304	0.7072572901
P34	813.68382	23.413	C18	POS	-0.838048329	1.4231732207	-1.1578704067	1.1902691892	-0.6034092776000001	1.423522639	-0.3688873096	1.5096881987000002	-0.5225099784	-0.7408501837	-0.5654622796000001	1.4550091479	-0.5871167962	1.3460786372	-0.7335220719000001	-0.5821354499	-0.6521904092	-0.995738541
P35	862.78563	23.666	C18	POS	1.3870607377	-2.0178234467	-0.0377814282	-0.4716468419	1.1068777715	-2.2418294548	-0.224634764	-0.1383143801	0.4529537608	1.9608437396	0.2409024684	-0.5720464727	0.2710807342	-0.4431225077	0.068423705	-0.3985352965	0.6553906393000001	0.4022010362
P36	904.59029	15.514	C18	POS	-1.4564388041	0.7099774271	0.6026044107	0.79309766	0.1686867699	0.7467853815000001	-0.4714240988	-0.4578172817	-0.2907262609	-0.4169360955	-2.1473397333	-0.300155688	1.1887659055	1.4798269161	1.8078012093	-0.856752814	-0.2378002534	-0.8621546505000001
P37	780.55264	17.858	C18	POS	-0.7703021888	-0.0038785132	0.1093293747	0.5576702091	0.1822819743	-0.0797447949	-1.2041581339	0.8984003518	-1.4571375917	-1.0797176969	-2.1768532055	1.0030166651	-0.2789305506	-0.1271459816	0.6859549306	1.6649848717	1.3994659128	0.6767643669
P38	734.56962	19.235	C18	POS	0.6705982087	1.270518952	0.0300468817	-0.5089521268	-2.0064709025	0.6598843153	1.745359211	0.8812412697	1.4321877099	-0.0886664352	0.026827429	-0.731556301	0.1158842964	-1.1527228341	-1.7417456962000002	-0.5329986233	-0.2941533771	0.2247180224
P39	822.75466	23.301	C18	POS	1.126538118	-0.8923170574	-0.3877587105	-0.108361216	-0.4112056565	-2.5934311786	-0.3248675489	-0.4334219581	0.623977854	1.7324412257	0.1859562525	-1.0031706413	0.0208228259	-0.4460724305	-0.0999002825	0.3017247739	1.0522927451	1.656752885
P40	844.73831	22.453	C18	POS	0.7223962183	-2.2381422552	0.0156508328	-0.8748050706	-0.7680217408000001	-1.5801555362	-0.6966681747	0.6953352566000001	0.4005388372	1.0498286962	0.0602268238	0.6588796281	0.9512252607	0.8653126671	1.8962624838	-0.6515794748	0.0163958271	-0.5226802795000001
P41	930.84806	24.66	C18	POS	0.6410758586	-0.6318752088	-0.1655072216	-0.4762283282	2.6406708867	-2.0419715633	-0.1412161108	0.0705751365	0.0622528857	0.6159815631000001	1.1496088042	-0.5251833716000001	-0.3861303766	-1.5012981504	-0.5812274717	0.8213134587	-0.1434443811	0.5926035906
P42	534.52389	17.445	C18	POS	1.082816447	1.1121802925	0.3127412352	0.5942597076	0.920485066	0.4341466178	0.5074020163	-2.0342433649	-0.8872478357	0.1945242589	-0.7585312939000001	-1.6387317602	-0.6500081437	-1.4789497018	0.2002498839	0.4900814826	1.6521051949	-0.0532801027
P43	522.35572	10.769	C18	POS	-1.9364593229	-0.7208611894	-1.3205671602	0.6663786808000001	-0.2447157837	2.0201818069	-0.9319659913	2.1210337386	0.5478657505	-0.4803630338	-0.0492771209	0.7726983519	-0.5569846918	-0.3784704624	-0.214923543	-0.1626118739	0.429980338	0.4390615065
P44	898.78507	23.098	C18	POS	0.7350140754000001	-1.5605504327	-0.1956203983	-1.2603294246	0.0484370337	-1.6652280634	-0.0003532027	0.5915605970000001	0.2720114159	1.2636026446	0.3265700656	0.5379303442	1.2415191612	1.0746888341	1.5301137935	-1.353213821	-0.9919023303	-0.594250292
P45	774.60121	21.321	C18	POS	-1.3017351397	-0.6607531293000001	-0.0442205124	0.6910101838	1.950404883	0.9805956931	-1.4613614817	0.2496518976	-0.6992265048	-0.2281209599	-1.4972081292	0.6697636448000001	-1.0213235064	-0.3799310214	-0.7001603442000001	1.4187208284	0.8960795835	0.4376536705
P46	804.55288	17.31	C18	POS	-2.3447022841000003	-0.373329682	-0.3526165558	-0.0630188138	0.0121807709	0.0922383774	-0.8197830158	1.290617112	0.8782313567000001	1.0406650396	-1.3751820294	1.5865257089	0.1418182484	1.330633661	0.7475298861	-0.2549337187	-0.6452533821	-0.8916206791
P47	790.53726	17.158	C18	POS	-0.7446028104	0.0761948509	-0.330182229	0.0038265596	-0.7270830227	0.2989549532	1.3595577411	0.999202617	1.179446585	1.0697114211	0.9722528719	0.0955117969	0.3608547442	0.3012302259	0.3464571274	-2.4750525396	-1.5105504272	-1.2757304655
P48	818.72271	22.344	C18	POS	0.2008774405	-2.4924450513	-0.1104549981	-0.8509431141	-0.3635911726	-1.1211158749	-1.2438037204	0.4658896942	-0.0394078032	1.0603958375	-0.1382430948	1.2628334113	0.9728706628	0.7229012741	1.8880878242	-0.2554994778	-0.0738411665	0.1154893292
P49	746.60585	22.845	C18	POS	0.1545134434	0.3561700603	0.0917157067	0.1384673737	-0.2957425145	0.2381346218	0.5776337212	0.4385789975	0.3947643781	0.358936722	0.539475025	0.1473814985	0.2821423093	0.3473159422	-4.037380598	0.0747385821	-0.0241608845	0.2173156154
P50	730.53824	17.428	C18	POS	-1.3143115376	-0.1123811037	0.3747407119	0.573237089	1.0176333334	-0.4000392523	-1.135632854	-0.30412488	-0.1038837432	-2.4096365734000003	-1.3404499798	1.6562456522	0.3845220964	0.2111487993	1.1471216981	0.7633718502	0.8653617416	0.1270769518
P51	870.75379	22.606	C18	POS	0.5142626222	-1.6880042025000002	-0.211783734	-0.982051235	-0.4696721183	-1.5660651082	-0.0664007627	0.6879544038000001	0.4684440499	1.054169036	0.0594168049	0.7678785014	1.1886754034	1.0898128892	1.8802222345	-1.0972680372	-0.5554504643	-1.074140283
P52	746.57037	18.905	C18	POS	-0.8529644697000001	-0.4067187536	0.504820896	1.3442395403	2.0310767394	0.5726134309	-1.0665172169	-0.6629764724	-1.069044954	-0.7840936807000001	-1.4152235116	1.3455949726	-0.9154674422	-0.6572787126	0.3540994392	0.7970008273	1.15640734	-0.2755679721
P53	890.81704	24.3	C18	POS	0.2801999613	-1.0108753367	-0.2486562112	-0.5628946502000001	2.5610436104	-2.2786356326	-0.706542007	-0.5161568473	0.0377917357	0.9774284145	-0.2370506139	0.0183810761	0.9624200892	-0.3746414407	0.9034850268	0.1768069644	-0.7247258643000001	0.7426217255
P54	544.33966	9.935	C18	POS	-1.4383841472	-0.4309721891	-1.0250580533	-0.2967089439	-1.3799064368	1.2827308945	-0.3566430125	2.1146354196	0.9811994507	0.5500265788	-0.2423246116	0.8978624474	0.3796522031	0.7886719899	0.8283114506	-1.3707409532	-0.9366190475	-0.3457330398
P55	878.81697	24.669	C18	POS	1.0865652172	1.1640532973	-0.4827768497	0.0878944016	0.4379925554	-1.8781592586	0.459853907	-0.7476008261	1.2281056475	0.5382189493	0.7163234116	-2.1510726513	-0.5174279138	-0.5260504904000001	-1.1763737485	0.0010941932	1.2795035441	0.479856614
P56	888.80117	23.721	C18	POS	0.7172560885	-2.4218445031	-0.0709976188	-0.6811415402000001	1.9459186309	-1.8800576717	-0.1673446398	0.1668813282	-0.0599850927	1.6828344874	0.5637806462	-0.0626572503	0.3401319919	-0.4068747789	0.4191812411	-0.0130300104	-0.3163190314	0.244267723
P57	429.37233	15.204	C18	POS	-0.984696759	-1.6601409712	0.5959633657	-0.243456971	-1.3192509339	-0.3141464953	0.8556165198000001	0.6289460185	1.019176154	1.4354371898	0.7289980878	0.033261356	-1.5195709925	-0.0692857171	-1.5502600619	0.7382785389000001	0.2300849719	1.3950466994
P58	830.56865	17.588	C18	POS	-0.9146843471	1.2262622284	0.8870167137	0.3087759221	1.7311609021	0.6629189291	-0.7038260587	-0.4667540219	-0.6752970426	-1.1888690054	-2.3413131986	0.9091624206	-0.435584532	0.354009749	-1.0520351587	0.6852866418	0.3572092063	0.6565606518
P59	429.37233	16.368	C18	POS	-0.6293185378	-0.0851890898	-1.4511560099	1.3340892996	-1.6801967282	0.9464882546	-0.974546824	0.5080877140000001	0.4902252646	1.1787554319	-0.8387743689	-0.0503980287	-0.027211279	0.9878711304	-1.2181444528	0.3978044132	-0.7114328068	1.8230466178
P60	612.55593	19.183	C18	POS	1.4894387354	-0.5430889154	0.4475135999	-0.5910925005000001	-0.6518481030000001	-1.6183067613	0.4882316938	-0.4501994605	-0.070106817	-0.1767138865	1.2512059027	-2.6154186444	0.6172673195	-0.4807981756	0.4412906587	0.6082961504000001	1.1657080086	0.6886211951
P61	812.54346	16.714	C18	POS	-1.4028478828	1.18144069	-0.624596573	0.2454430014	-0.011586795	1.4384944654	-0.4188080236	0.5213816231	0.7950731126	0.1439885188	-0.8668702977	-1.0056307177	-0.7418655571	0.024023711	-2.3286146626	0.6755064387	1.1526729104	1.222796038
P62	627.53429	15.506	C18	POS	-1.5060348573	0.5621937049	0.7123389186	0.8349582645	-0.0217925755	0.6393814807	-0.7623912788	-0.4497141473	-0.1815196814	-0.486188379	-2.0579670218	-0.0483174488	1.1980271013	1.6414434397000002	1.7354611503	-0.8696000633000001	-0.1770012303	-0.7632773765
P63	1565.13692	18.088	C18	POS	-0.8009265199000001	0.5755779037000001	-0.6199658162	-0.1987598401	-2.5229409372	0.2971862126	0.8003204144	1.2731218473	0.9331336959	1.4434965931	0.1744174035	-0.2583472569	-0.0887497955	1.2309123352	0.4225635783	-1.5770991022	-0.3679180142	-0.7160227017
P64	1516.1338	18.476	C18	POS	0.2143091557	-1.0692509392	0.9911848128	-0.9350834684	0.7427417034	-0.8667960352	0.1694442049	-1.316603916	0.6815951960000001	-0.0955348317	-0.5579744834	-0.8417855651	0.8748319525	1.2951500235	1.4593133261	0.615737835	0.8222139979	-2.1834929689
P65	1546.17871	19.186	C18	POS	-0.639524441	-0.5903259794	1.6280716234	-0.433056969	1.752856614	-0.6173740753	-0.3309468644	-0.8416847882	-0.6001432417	-0.5302131021	1.4826527381	-0.7733667955	-0.7556939850000001	-0.7354139158	-0.6627036219	1.3150054358	-0.4583132973	1.7901746653
P66	610.54031	18.538	C18	POS	0.8879260869000001	-0.8823591433	-0.0293514055	-0.412289939	-1.9587666653	-1.695522672	0.1673491229	0.6779399642	0.8898058537	-0.9801137006	1.305058463	-1.7114928111	0.9171010886	0.8918675065	0.6195117596	0.4964981831	0.2111496526	0.6056886557
P68	568.33953	10.002	C18	POS	-1.5145284547	-0.5355002417	-1.0601580497	-0.1052152647	-0.8049728585	1.1860669464	-0.4731009642	2.1090800859	0.8299535803	-0.094882045	-0.429052133	1.2654793906	0.7762534682000001	0.6985695412	1.0294420507	-1.2254450226	-0.9959039404	-0.6560860888000001
P69	926.81688	23.685	C18	POS	1.0767092558	-1.5213363026	-0.3208490178	-0.9296042671	1.4828028888	-2.1040837546	0.7670860172	0.34906842	0.5853441724	1.4206602843	1.3693725084	-0.2453205232	0.3812642697	-0.3525173598	-0.0940221236	-1.0302736628	-0.7626585614	-0.0716422436
P70	552.53444	17.445	C18	POS	1.1397517705	1.2062272452	0.3209353141	0.6063669075	0.9168774054	0.2814472254	0.5443604949	-1.9879755249	-0.842957088	0.1061103702	-0.7931430009	-1.7176459902	-0.639227866	-1.3793307911	0.0295857289	0.5515251753	1.6399127631	0.0171798606
P72	792.70756	22.261	C18	POS	0.060966163	-2.3248629963	-0.4857380054	-0.7992375478	-0.4679609618	-0.7597033484	-1.0551506685	0.0929702164	0.0818661291	1.0194975453	-0.275106809	1.6012478289	1.0587953223	0.8698118824000001	1.992620113	-0.1712892743	-0.4829525834	0.0442269945
P73	768.5904	19.141	C18	POS	2.1505465677	0.121917422	-0.1990461735	-0.0852217348	-1.6932359886	-0.1583249142	0.4649054245	1.9499444153	1.5320113057	0.1028469064	0.3275723414	-0.6198303134	-0.5717500074	-0.4005664073	-1.3599153078	-1.002993672	-0.4450489014	-0.1138109625
P74	928.83243	24.171	C18	POS	0.8617228388	-0.8055740231	-0.2054215807	-1.0714342577	2.5668812731	-1.9328826048	-0.0921212363	-0.2516365573	0.3423233632	0.6221643075000001	0.8019806279	-0.4441157653	0.1520657208	-1.061845596	-0.7133432652	0.1424570932	-0.2935821903	1.3823618525
P75	792.55353	17.89	C18	POS	-0.2108309464	1.1968789148	-0.3298361421	0.7289459124000001	-1.1353279242	0.7328506609000001	1.0207630643	0.4831502761	1.0678615343	-0.5162208233	0.1234420281	-0.5124833586	0.9635229885	0.802148433	0.5560530233000001	-2.4471064103	-1.40785398	-1.1159572506
P76	689.55902	16.185	C18	POS	-2.0581524716	0.7998444544000001	-0.5206483944	0.874376912	-2.0809274994	0.4456770552	0.5143758564	0.8772489133	-0.0012498253	0.444604256	0.4595817859	0.5870497123	-0.0059368587	0.9778830534	-1.6547011513	0.5616751915	-1.0425347199	0.8218337303000001
P77	742.5383	17.553	C18	POS	-0.3504956506	0.300560825	1.2080907031	1.2145563094	2.1952295494	0.9466114274	-1.0655305267	-1.0222575054	-1.0858634829	-1.4505561607000002	-1.5592316855	0.1169585634	-0.2708152767	-0.7119968866	0.4176028748	0.5535700622	0.3477472168	0.2158196435
P78	1613.13724	17.855	C18	POS	-1.082834319	-0.2735884306	-0.8014124497	0.9739571445	0.3159617719	-0.4935310521	-0.5527694581	1.2855566033	1.1805147972	-0.6128042462000001	-1.1257263725	0.8015225743000001	1.2868143135	1.5242408674	1.0461630691	-1.3686931544	-0.9462295301	-1.1571421284
P79	796.58426	18.918	C18	POS	-1.3377452631	-0.6222153305	0.0304487115	-0.6817142753000001	0.5134436405	-1.6095596624	0.3757942333	0.568678169	0.1943933694	2.0673519745	-0.1119451973	0.0063830959	0.5018513466	1.3078394278	1.6835716413	-1.2189006744	-0.689972099	-0.9777031076
P80	1571.18446	19.613	C18	POS	1.0852750833	-0.3118998833	-0.9300765959	1.1781639293	-1.4692954745	-0.9842642638	1.4592550627	0.9997455967	-0.5957223526000001	-0.4042890435	1.0203423825	0.4833362061	1.0577260729	-0.5605076083	1.1754162402	-1.4205666816	-0.8719800114	-0.9106586587
P81	1537.19337	18.938	C18	POS	0.3605935965	1.0064195424	0.8691123846000001	0.5749857473000001	1.6252032125	1.060028553	-0.6726091063	-1.3551160533	-0.9823597294	0.0426203013	-1.0255473285	0.5789787063	-1.3448882801	-1.5727786222	-1.1509883064	0.285712379	1.1885388015	0.512094202
P82	860.77012	23.146	C18	POS	0.7602136730000001	-2.2014179374	0.0592164379	-1.0230170907	0.5548262629	-1.6603970059000002	-0.9922222628	0.2010528758	-0.2931661922	1.3482629977	-0.3321413075	0.6695668828	1.0110140089	0.7660500284	1.7578040611	-0.3271174524	-0.3975243618	0.0989963823
P83	1572.19639	20.643	C18	POS	-0.481120958	0.1187133976	-0.1030086663	0.1878296221	0.2726431619	0.2722570189	-1.5095589887	-0.7011016825	-0.7430168232000001	0.9257816	0.0125764311	-0.3973189171	-1.0530759487	-0.4170704133	-1.1186194133	0.1139997137	2.3472007791	2.2728900868
P84	834.75464	23.095	C18	POS	0.8423622231000001	-2.1152590305	-0.1037857384	-0.8325714779000001	0.2583642593	-1.8164905225	-1.1947287628	0.0218014496	-0.1396283158	1.5337952222	-0.7451574656000001	0.7499236961	0.963015336	0.517030396	1.5891155378	0.2397912439	0.2251382772	0.0072836722
P85	520.33989	9.919	C18	POS	-1.5721870084	-0.5984092124	-0.5559243751	0.1822057971	-0.3808875797	1.5014375663	-0.9720090157	1.7850303335	0.3824598877	-0.9860387574	-0.9148162385	1.3465090559	0.5915825866000001	0.8500035453	1.4197351644	-0.6857297775	-0.7090202927	-0.6839416795000001
P86	782.56724	19.44	C18	POS	0.4963316529	0.6069642902	0.7704358283	0.6539250324	0.1311380546	0.8708241966	0.7218568101	-1.4215243098	-0.7287550896	-1.9533361442	0.3074642647	-2.0443637602	0.5859353387	-1.0723160692	1.1592972547	-0.1040291291	1.2373402238	-0.217188445
P87	906.60684	16.22	C18	POS	-0.4863061351	-0.3292817663	0.158694263	0.9705162496	1.7518357087	0.6847968889	-1.695674971	-0.2261898907	-0.8153009911	-0.5813485559	-2.0535230589	0.624599519	-0.6494705095000001	0.0325230931	-0.5004408418	1.116081579	1.5899863772	0.4085030417
P88	794.72337	22.738	C18	POS	1.1934395662	-1.5036143198	-1.0566377412	-1.0303011086	-0.4976346678	-2.3548701445	-0.061288285	-0.074594688	0.5847988313	1.5171188933000002	0.0092368576	0.3766408654	0.7924172044000001	-0.1538532744	1.5962870619	0.2677599959	0.5133094681	-0.1182145148
P89	1566.14898	18.375	C18	POS	-1.5511445487	0.6949262175	0.7217186956	-1.3428668517	0.9291624392	0.701067102	0.7635420646000001	1.001019742	-1.1120476379	-0.8954115917000001	0.5448232423	0.9548061965	-1.2478203064	-1.0573578656	1.0754071287	-1.4081862063	0.7388766602	0.4894855198
P90	720.59014	22.505	C18	POS	-1.5519825582	0.8218881773000001	-1.3328396951	0.7182584219	0.4023132251	0.7365856156	-1.3152552361	0.8590354502	0.6108118743000001	0.8435907571	-1.4387894658	0.7361959435000001	-1.1986291351	0.8267577145	-1.5706797287	0.6431970127000001	0.500052858	0.7094887689
P91	1564.13357	18.09	C18	POS	-0.9878670376	0.5958591506	-0.6145541159	-0.3153593037	-2.2839517001000003	0.1959630586	0.8359268217	1.3997145449	0.9750418851	1.4763569386	0.2270799341	-0.2964051934	-0.0600746827	1.2648925534	0.3976454905	-1.5643896884	-0.5127867486000001	-0.7330919072000001
P92	502.29279	9.651	C18	POS	-1.2104872141	-0.4442373966	-0.7983891628	0.0755760309	-0.7585265012	2.1040294204	-0.9885100394	1.970278573	0.5247946408	1.0925218346	-0.9364701883	1.159439535	-0.401837548	-0.0961267543	-0.2824545884	-1.0181467372	-0.6496923024	0.6582383978
P93	922.78543	23.037	C18	POS	0.2810843117	-0.6765618619	-0.5755845552000001	-1.2445443713	-0.4062166591	-1.301340594	0.0642305331	0.516358149	0.2872372788	1.076489432	0.2285127968	0.7877501106	1.5221072444	1.5525707746	1.4706279634	-1.6203951379	-0.7590819995	-1.2032434156
P94	896.77001	22.705	C18	POS	0.3643605284	-1.7895149307	-0.3911646202	-0.6387813162	-0.0904213283	-1.0277467413	0.2283116809	0.7679605634000001	0.5663727510000001	0.9988964029	0.1797455658	0.8814417194	1.2203023849	1.281339072	1.3702429008	-1.1371588819	-1.606765255	-1.177420496
P95	887.56492	15.506	C18	POS	-1.441572232	0.6652354161	0.6505668263000001	0.7418745647	0.0524037728	0.6156644967	-0.5162707046	-0.5327217926	-0.2816172019	-0.4700165653	-2.185193037	-0.1035928115	1.2570412184	1.5759151287000002	1.7775216345	-0.7929912085	-0.2579568144	-0.7542906906
P96	820.58442	18.498	C18	POS	-0.9246872352	-0.3456591815	-0.0383193845	0.0727812482	0.6859511002	-0.8165434518	0.3757473175	0.9302386389	0.4478328074	-0.132843835	-0.9669066128	0.3209398934	1.2220386559	1.9218198417	1.4132927246	-0.7377071155	-1.6276530575	-1.8003223541
P97	1540.13309	18.234	C18	POS	-0.0229939586	0.6240608436	0.4778918804	0.8071020943	0.3985441822	-1.5584529395	0.4810299511	-1.6588647023	0.6262169419	-1.8429869129	-2.2143164325	0.7455217408	0.2799650061	0.5923138077	0.601314133	0.4320117966	0.9122508463	0.3193917217
P98	603.53438	19.296	C18	POS	1.315869974	-1.57253263	0.687280459	-0.498279741	-0.240473995	-1.3203967435	0.8981556650000001	0.3944225838	0.062951269	-0.4413994846	1.9086487535	-1.8979620977	0.8872640643	-0.172063757	1.0781323634	-0.2803996892	-0.8956342964	0.0864173023
P99	636.55621	18.731	C18	POS	0.5592404058	-0.9108620183	0.2456985812	-0.6297558491	-1.3106589688	-1.5452819593	0.3463335782	0.8500940090000001	0.6948743102	-0.5874887287	0.8261729612000001	-0.5733631314000001	1.3861172669	1.5754370592	1.6650016376	-0.8395975642	-1.1904865202	-0.5614750691
P100	577.51875	19.187	C18	POS	1.4864017747	-0.5602791401	0.3769950712	-0.6198005678	-0.6650967518	-1.6939506171	0.5161911707	-0.4829139429	0.1226816973	-0.1707551404	1.2380730242	-2.5490015087	0.6180953624000001	-0.5429583683	0.4083933403	0.6435484598	1.0954085769	0.7789675596000001
P101	812.65201	21.395	C18	POS	-0.0238792767	-1.7562867712	-0.7718565273	-0.935606927	1.0286536099	-0.9503323311	0.5007888196	0.4185349802	0.8314098246	1.6834645315	1.1071566991	1.14245473	0.888642413	0.278363934	-0.111769764	-1.3245105361	-1.4243886124	-0.5808387962
P103	824.61565	20.933	C18	POS	-0.2647781646	-1.0925104585	0.7842222141	-2.1591520919	0.6078142254000001	0.3235454991	-1.2314197918	0.6219200542000001	-0.6475849585	1.4905420154	-1.1660570136	1.6954073773	-0.4567160262	0.8228081569	0.8437892163	-0.1479393825	0.5298758963	-0.5537667675
P104	902.57572	15.006	C18	POS	-0.424039514	-0.8211277071	-0.1466822702	-0.6414313065	0.1008479148	1.1835206977	-1.2646173246	1.3995452264	-0.0503873191	0.0137520747	-1.2525316161	2.5336281817	-0.7672690102	1.0552694967	0.8788495704	-0.7649275893	-0.2328547375	-0.7995447679000001
P105	520.50864	16.949	C18	POS	0.5148298156000001	1.4405726971	-0.0405018666	0.6264434587000001	-1.6889268648	0.4431794574	0.6326108456	0.6184574499000001	0.689454542	-0.2608314603	1.0943768119	-0.864762923	-1.0059041264	-0.9459689976	-1.9919449476	-1.119622755	0.7171127212	1.1414261419
P106	762.50642	16.138	C18	POS	-1.5468406011	-0.1640398278	-0.7046662909	0.0856252777	-0.3958796958	0.4407225084	-0.0729897562	1.3479527774	0.7601369022000001	0.8919749089000001	-0.4283865146	1.7924547658	0.5519061516	0.8607056452	0.8894031072	-1.2256583442	-1.3928181267	-1.689602887
P107	526.29278	9.716	C18	POS	-1.2930182801	-0.1744922755	-1.0544388123	-0.1555410988	-1.17534043	1.6266243926	-0.217629239	1.9375216843	0.9212162421	0.9570642167	-0.2847764194	1.1068716227	0.2192665945	0.2521052106	0.2651912822	-1.660660859	-1.1428714713	-0.1270923603
P108	716.5227	17.295	C18	POS	-1.3167257661	-0.7706754202	0.4954963721	1.0774642313	0.6584121443000001	1.3656356685	-0.0702096877	0.3765598179	0.118465139	-0.9216513606	-1.4034680514	1.1140891098	0.5430506524000001	0.2902115617	1.6183201695	-0.6738643407	-0.4869111689	-2.0141990709
P109	339.28915	19.286	C18	POS	1.472347986	-0.7972556061	0.6135571886	-0.8158229145	-0.5713516297	-1.8612508985	0.5285537014	-0.0887381473	-0.1714514647	-0.077655475	1.4858924666	-2.2857345559	0.7624743268	-0.549947672	1.0478134864	0.5268729057	0.2427143053	0.538981997
P110	762.60039	23.069	C18	POS	-1.2201533475	1.1302936756	-0.5153387291	1.0524361484	0.961289247	0.9268621471	-0.6007876363	0.8126981451	-0.8617494322	-1.0367176567	-1.094122059	1.0418685418	-1.1034552068	0.8840780468	-1.2968020647	0.8669888973000001	-1.0966249492	1.1492362323
P111	577.51887	23.786	C18	POS	1.1319487372	0.3656901657	-0.7830609341	-1.044735897	0.4381353054	-2.5894524108	0.5245403513	0.1081573398	1.1487975419	1.4086816131	0.3857144591	-1.5794017127000002	0.364000678	-0.3607948726	-0.637984953	-0.2616555787	0.5226111457	0.8588090217000001
P112	794.60535	19.171	C18	POS	0.127318005	0.9860679429	-0.1690224182	-0.0396167264	-2.2701229251	1.0136667491	1.3471250167	0.1900108094	1.1430502764	0.5447697272	1.0743528964	-0.7196193816	-0.0565644098	-0.1710631109	-1.7820411843	-1.5030769944	-0.1458448921	0.4306106197
P113	836.7705	23.617	C18	POS	1.3498580361	-1.1335575387	-0.2947050122	-0.0349175081	-0.0291471123	-2.3327257656	-0.4805944914	-0.4662063139	0.5133839913	1.8877333935	0.444890471	-0.814608795	-0.2821538537	-0.9448193625	-0.0735936165	0.5102915866000001	1.6423676935	0.5385041978
P116	1612.1338	17.857	C18	POS	-0.8868638074	1.4142396949	-0.1288965832	-0.0491465514	-1.7828703683	0.7239131368	0.4485351058	1.1143332976	0.9070347854	0.4638847864	-1.0210080926	-0.2101103652	0.926889514	1.5341517612	0.0217889569	-1.6982106783000002	-0.5373506555	-1.240313937
P117	864.80189	24.255	C18	POS	0.9099164537	0.0454067673	-0.5371134034	-0.3927256726	1.5639870382	-2.7156038404	-0.4645540647	-1.0772747544	0.6679647025000001	0.9076501952	-0.1886441786	-1.229322151	0.6777660789000001	-0.5398075211	0.1578172804	0.3313643098	0.7758875209	1.1072852394
P118	932.86436	25.442	C18	POS	0.8286360774	-0.1366948317	0.9922026176	0.3212110688	2.3904034662	-2.2322065317	-1.2944878694	-0.6626277843	-0.2590402863	-0.4872996511	-0.3589838074	-0.1936149878	-0.6532678833000001	-0.4760925317	-0.2103550468	0.6391158973000001	1.2212178955	0.5718841887
P119	854.56909	17.306	C18	POS	0.0799052105	1.1960458042	0.5680585771000001	1.0897445503	0.1601906595	0.5338714917	-0.4091760863	-1.007262035	-0.2753572728	-0.2997226141	-0.6222406326000001	-0.2465799125	-1.268373923	-0.9615411989	-2.3454959795	1.416269394	1.0441723386	1.3474916288
P120	916.8328	24.354	C18	POS	-0.0594572329	-1.1042590616	0.0258725838	-0.7251132663000001	2.9742202699	-1.5252807964	-0.6193614702	-0.4050025641	-0.3245935105	0.6438468046	-0.0754479767	0.5698276696	0.7138061826000001	-0.7717895261000001	0.6877396519	0.57010916	-1.1852362162	0.6101192986
P121	1570.18059	19.63	C18	POS	-0.1381577483	1.8025842523	0.1412502371	-0.385945155	-1.5452233047	-0.2463831507	1.1122110453	-0.0372513229	0.9474187767	1.4948362826	-0.2562265489	-1.7210210613	-1.1484213795	0.9273701601	0.4404266544	-1.5259911594000002	0.1195949834	0.0189284385
P122	759.58769	15.952	C18	POS	0.1966907744	0.5643414112	-0.3306946403	0.2027232018	0.6535607413	1.3198487243	-0.0998797813	-0.6838119707	-0.9632215144	1.7329103862	-1.2206067803	0.3952068711	-1.5985489559	-1.1708675422	-1.2147272487	-0.1415669678	1.9091583279	0.4494849633
P123	629.55033	16.219	C18	POS	-0.5904891604	-0.3119326945	0.2332977726	1.0039538131	1.6715329769	0.6633485602	-1.6803804887	-0.239882925	-0.8197258178	-0.5732319217	-2.0557354767	0.7824272614000001	-0.6610217961	-0.0469239291	-0.4746274314	1.1838662262	1.5221325282	0.3933925027
P124	842.72306	22.138	C18	POS	0.0149728281	-1.7703942984	-0.1337547195	-0.9656194672	-0.7305019566000001	-1.1053606247	-0.6214063715	0.6428777392	0.1951854872	0.7899517774	-0.3522190984	1.2985377056	1.2213674933	1.350366153	2.0722822129	-0.7315834935000001	-0.7503523648	-0.4243490022
P125	754.53826	17.306	C18	POS	-1.8823677468	-0.7700840830000001	0.1732597841	-0.5033364941	-0.5741282184000001	-0.2807633906	-0.8158803963	0.7069249549000001	0.6268347692	0.2603478122	-1.4910644275	2.2323378337	0.378538717	0.8176395822	1.8157255192	-0.0238396608	-0.2834387394	-0.3867058156
P126	1511.17757	18.674	C18	POS	-0.8721917677000001	1.4242973328	0.3877211273	0.3936753042	0.9139791745	1.3917611206	0.1537776559	-0.641948634	-0.3042292686	-0.7344251427	-1.8634137713	0.5052343923	-0.8124944445000001	-0.7583480205	1.4512699716	-0.9739236329	1.3923804655	-1.0531218626
P127	920.77005	22.592	C18	POS	0.0988058114	-1.0346089441	-0.4395265943	-1.036159495	-0.3908989036	-1.1431775178	0.1004277408	0.8137623867	0.5533061402	1.0675745762	0.3355326486	0.7597888808000001	1.4008001586	1.4649978041	1.32248594	-1.6137900708	-0.698775373	-1.5605451889
P128	705.5907	17.291	C18	POS	-1.8691438862	0.8344436175000001	-0.6000173868	0.9660328516	-2.2224612619	0.4568284171	1.0600431135	0.9464348593	0.5279525998	0.493359312	0.2857897357	0.066304774	0.1281883042	0.9584998368	-1.5283573053	-0.1762672315	-0.9960793734	0.6684490237
P129	804.55119	18.175	C18	POS	0.7203166465	-0.4891441029	0.6032291032	-1.165253593	0.0353825419	0.1881074942	0.9427277401	0.3209958167	0.290843097	0.3761912696	0.9348292017	-0.1422977862	0.3945539283	0.4071497467	0.7057766539	-3.3658061412	0.3054181133	-1.0630197298
P130	924.80096	23.243	C18	POS	0.4720738061	-1.3204701834	-0.4508706724	-1.1325416594	-0.1243631814	-1.2284165157	0.0760709638	0.6572132302	0.3810593831	1.1652878696	0.563205531	0.7362034263	1.3419405917	1.1126274114	1.4662955521	-1.7469466266	-1.1346086491	-0.8337602774
P133	838.55928	15.439	C18	POS	-1.6397438991	1.2997050314	-0.4903275922	-0.8427214862	-1.3071740027	0.8195850108	0.9547260343	1.3901933165	0.9178211481	0.676998438	0.0614096861	-0.3413501418	0.9537760497	1.1486094205	-0.483569407	-1.2821168357	-1.2600035994	-0.5758171712
P135	701.55915	15.921	C18	POS	-2.4686804702	0.3172386325	-0.6511863532000001	0.9454202139	-1.8264343773	0.2543158377	0.2669097484	0.7055998977	-0.4004599825	0.492291861	0.4946752214	0.7406286711000001	-0.1074109812	1.393306189	-1.2605629124	0.7170754861	-0.5778757119	0.9651490298
P136	836.54346	16.526	C18	POS	-0.6136566004	-0.3508418851	-0.2805595939	0.7864783014000001	1.929296622	0.9839542666	0.1224574993	-1.6637300928	-0.5438704581	-1.8715807422	-0.7993773187000001	0.465799245	1.2307883801	-0.7751231603000001	0.9003159123000001	0.6821373682	0.6934602619	-0.8959480054000001
P137	603.5345	23.839	C18	POS	0.7896443105000001	-0.4207821561	-0.9915263859	-1.2753231723	1.7138080394	-2.2813544276	0.410114163	-0.0097226421	0.8393191961	1.5355624609	0.6033144465	-1.0605058529	0.6366004860000001	-0.373475624	-0.3106573215	-0.0676252534	-0.592728704	0.8553384374
P138	738.50661	16.197	C18	POS	-1.101340216	-0.1050392947	0.1898645649	1.0967105379	-0.1488158422	0.9912686563	-1.7614050055	0.6148351971	-0.3938302221	0.8566718256	-1.7082434927	2.1201227694	-0.6556817469	0.3455964103	0.8799084712	0.2812016455	-0.4196627614	-1.0821614968
P139	1589.13698	17.956	C18	POS	-0.4475559996	0.6985317391	-0.2673402936	-0.0715728325	-1.0145543437	-0.1038013071	0.7088564265	0.7903895189	0.6236922745	0.6665933051	0.3320345686	-0.0414675598	0.4578585925	1.0806047407	0.363813763	-3.5437832473	0.0010623845	-0.2333617298
P140	575.50319	18.524	C18	POS	0.6313293636	-1.0373634436	-0.0714775518	-0.365902441	-1.7844853212	-1.6428452395000002	0.1902902843	0.7352510747000001	0.9958030771	-1.1190401588	1.4770248285	-1.6921542391000002	0.8588059560000001	0.9162741327	0.5132794839	0.6154592753	0.1511777473	0.6285731715
P141	778.5375	17.147	C18	POS	-0.7184998828	-1.3204014328	0.5382739655000001	-1.0703427432	0.316619047	-0.8464636485	0.939899176	0.4221879626	0.0844024611	-0.8696274757	-0.508161973	2.485839642	0.3311451746	0.3237702015	1.6858340738000002	-0.2543674711	-0.0924354636	-1.4476716135
P142	894.75451	22.491	C18	POS	0.4318943629	-0.8612276461	-0.2129503395	-0.5397001871	-1.4434077587	-0.9578123654	-0.2169271728	-0.0104617595	0.5224718314	0.9406673669	-0.6506568514000001	0.930584807	1.4722212002	1.4911644943	1.6861107618000002	-1.8303944909	0.056186793	-0.807763046
P143	1528.04082	16.97	C18	POS	0.1984376358	1.1259293306	0.6941267905	1.072865192	0.4042876033	-0.4895233442	-0.4369444868	-0.0678401071	-0.1101938935	-0.2944141845	-0.7958780761	-0.3625377256	1.6984796346	-0.2926835576	1.5601691019	-2.259636673	0.1090117578	-1.753654998
P144	811.66752	20.612	C18	POS	-1.0826807624	1.4030757243	-0.9822926059	-0.8110810147	0.2088429138	-1.0508351307	-0.3604569555	-0.847229109	-1.0149303369	0.8566026978	-0.51240724	1.0224519988	1.4586727212	1.4422540403	0.9481543954	1.163231915	-1.0036222994	-0.8377509522000001
P145	1590.14843	18.246	C18	POS	0.5472670982	0.8818083922000001	0.8727405098000001	0.6834579524000001	0.7336401736	-1.341581476	-0.9104281901	-1.0103490882	0.87289439	-0.6107683365000001	0.9035801259	0.6986001860000001	0.5960660499	0.8841206864000001	0.8400729232	-1.6283959526	-1.3754634847	-1.6372619598
P146	750.54356	17.623	C18	POS	-0.1556983004	0.9850719392	0.7569280604	-0.5405909435	0.7034144324	-1.8713337689	0.8999716897000001	-2.2604004309	0.5130174424	-0.0325801262	0.0504283337	-1.8409443198	-0.4374678538	0.2383097017	0.56626516	0.8366294824	0.9306909156	0.6582885860000001
P147	744.55418	17.791	C18	POS	-1.1743114727	-0.5091507076	0.8555250039000001	0.4023390112	1.0116883843	0.4719285113	-1.9630042634	-0.0921233691	-0.9813872395	-1.1705881757	-0.696288833	2.1455528624	-0.1144327099	0.4545712663	1.3266426076	0.1387319238	-0.1745873413	-0.6273942918000001
P148	868.73873	22.229	C18	POS	-0.6898366565	-1.9429465091	-0.0908984806	-0.5693633449000001	-1.3183415418	-0.6988604928000001	-0.3087981086	0.7410417276	0.3990529552	0.7035317362	0.0174813421	1.2361338253	1.2711454036	1.4854764805	1.7821256261	-0.7458054867	-0.6176823104	-0.6534561652
P149	546.35252	11.942	C18	POS	-0.8814683386000001	0.9168704339	-1.3629793751	-0.0204356361	-0.8510960635	1.1555990911	-1.3580397961	1.0074639479	1.4029293	0.2586976023	-0.5234967150000001	-0.8336401493000001	-0.5722108570000001	1.1229558502	-1.7596345168	0.6879685512	0.534970433	1.075546238
P150	482.32405	11.33	C18	POS	-0.5564847399	1.1656202305	-1.1525282699	0.7196729719	-0.0653234915	1.9425635013	-1.0961281918	1.3329151518	0.7501981159000001	-0.1858106766	-2.0728204993	0.4454563288	-0.4432161162	0.6091772622	-1.1176334446	-0.6052476892	-0.2823088548	0.6118984113
P151	338.34204	13.961	C18	POS	-0.3342690519	0.7522784377	0.198056424	0.1216644491	1.4940729338	-0.9362010419	0.8050205107	-1.0039949444	-0.0102159407	0.3307849182	1.6949208801	-1.0790067598	-1.8972804484	0.1308497988	-0.5039706713000001	1.4579278417	0.288479034	-1.5091163697
P152	876.55998	14.83	C18	POS	-1.4533463003	-0.1807854937	-0.5603213076	-0.035821763	-1.1949402263	1.4780358138	-0.6220778755	1.1148871726	0.5803389995	-0.2640946874	-1.0456126985	1.743584469	0.2064365638	1.6218648447	0.7536730903000001	-1.2397934274	0.0840100496	-0.9860372236
P153	1569.16833	19.048	C18	POS	-0.3145035885	0.8486099469	0.7349957941	1.2574350677	0.3801325471	0.9176702739	-1.5496098545	-0.057135976	-0.4744647855	-0.5522222687	-2.1477230982	0.1935944686	-1.373489576	0.1061520911	-1.0403065263	0.5471774644	1.3720012783	1.1516867416
P154	1527.12109	18.281	C18	POS	-0.7529992031	0.1066360592	-0.2955388982	0.2751583969	-0.1695650235	1.7562972724	-0.5005845631	-2.9372522527	0.8363599522	0.1118917448	-0.625131281	1.6646456012000002	-0.2956817203	1.0983587905	-0.2866804917	-0.0796266615	-0.0106278349	0.1043401126
P155	1529.04472	17.005	C18	POS	-0.5733510148000001	-1.2366659814	-1.2653489386	-1.3237541722	-1.230437336	0.8094877039	0.8115001371	0.8870775572	0.8755442995	0.8499767985000001	0.7385549848	0.8373754743	0.1153910325	0.8476818781000001	-1.37705308	0.4683678125	-1.2662042428	0.5738971051
P156	761.58895	20.554	C18	POS	-0.5095902213	1.4911376273	0.6891849281	0.0380459271	0.5407122927	-0.8373545729	0.033013517	-0.2300968897	-1.0459425337	-0.9754243585	-0.3100648422	-2.0463842696	0.1913389315	-0.3390983104	1.1760644791	1.1419343163	1.9680410193	-0.97551704
P157	770.56884	18.668	C18	POS	2.2243296449	0.3477000908	0.7759082443	0.6169241933	0.8691671897000001	0.0671760856	-0.1375069717	-1.637616214	-0.5909323001	-1.7004020475	0.6586742572000001	-0.3321765386	-0.6588426091	-1.5593709833	-0.4225815669	0.8134148176	0.9558091936	-0.289674486
P158	1542.14804	18.594	C18	POS	0.0358537161	0.7558935034	-2.1081307439	0.9498070319	-2.0719327914	1.1871352569	-0.6496339219	0.5299379076	-0.1146102165	-0.9818171925	-1.2786883906	1.2571038458	0.147372151	0.5894287531	0.6156511585000001	0.6808126602	0.5176676359	-0.0618503638
P159	675.5435	15.566	C18	POS	-2.3993956147	0.6721938146	-0.3794454395	0.9199547621	-2.0789038573	-0.2160448917	0.6369077748	0.3048695511	-0.401105086	0.5341854705	0.6330347342	0.5561596767	0.390686549	1.0041722699	-0.7938427822	0.4832228066	-1.1046022208	1.2379524827
P161	454.29275	10.136	C18	POS	-1.3112410173	0.0984492491	-1.4799562395	-0.0497526761	-0.5186884356	1.6111040819	-0.454391232	2.1424996662	0.7702838591000001	0.3648759775	-0.7986417531000001	1.1335180013	0.7064434089	0.4842371986	0.2768981024	-1.033749425	-1.0112611508	-0.9306276156
P162	1494.14938	19.262	C18	POS	0.9985015893	0.7631567783000001	0.5405544741	-0.2683767937	-0.6134916460000001	1.0885860755	1.4205962584	0.2847836763	0.4476796576	-0.4234752442	0.5880865081000001	-0.1250712737	-3.1784769466	-1.2174766957	-0.2509062283	-0.0554470298	0.0424788714	-0.041702031
P163	906.84874	25.509	C18	POS	1.0812421466	0.4063027418	0.8973628006000001	0.5595879213	1.8270146622	-2.1696100697	-1.1072813109	-0.9934902479	0.0189662678	-0.3581496908	-0.5389424327	-0.7469079951	-0.7678586584	-0.2210890144	-0.3745619843	0.3775917043	1.8181782146	0.2916449449
P164	810.52837	15.897	C18	POS	-1.4373430991	0.4463883321	-0.060073534	-0.3463440672	-1.2781443397	1.0710242908	-0.9389931181	1.1957945662	-0.2918583936	0.9019948425	-0.8870608646	0.7801278133	-1.2024407184	-0.0459584561	-1.4604526572	0.6807267529000001	1.2714584117	1.6011542383
P165	718.53841	17.97	C18	POS	0.26471138	-0.0988913133	1.3329519047	0.7256408133000001	1.9544278617	1.1079373301	0.3838091332	-0.7944516643	-0.6226551228	-1.2881113592	0.6494262386	-0.3326457614	-0.4421133704	-1.961673731	-1.7004077564	0.2169511987	0.4551362429	0.1499579757
P166	786.60112	21.605	C18	POS	0.8100687892	0.6380000760000001	0.7844677475	0.4073555866	1.5962452963	1.2028894933	-0.9735385144	-1.092579194	-0.0288977927	-0.5430019765	-0.5358221968	-2.2810121311	-0.8363408045	-0.5211765544	-0.9745794395	0.3676717408	0.6611977333	1.3190521409
P167	546.35524	10.516	C18	POS	-1.4067460568	-0.5392743951	-0.0946480965	0.6205626965000001	-0.3524415126	2.3256726655	-1.6022471291	1.9124626612	0.4348759469	-1.0512940853	-0.4527501891	1.03260012	-0.1910200368	-0.1306395327	0.2796901881	-0.9258718174	0.1540862307	-0.0130176573
P168	1614.14519	17.989	C18	POS	0.5959446871	1.3910055588	0.8382903117	-1.1426480205	0.7016646048	1.0903722497	1.0748381843	-0.7835484376	-1.22930081	1.0194147839	0.5035830653	-0.9990442896	-1.3095607867	-0.8662077924	-1.638803314	0.2650335438	0.6707588157000001	0.5198722505
P169	577.51884	16.462	C18	POS	0.5966977583	1.1681310869	-0.3149016365	0.4015845765	-0.1244222416	0.9098316305	-0.2938485124	-0.5692079143000001	0.0278767255	-0.7516300052	-0.4800881428	-0.8733192933	-1.3210084898	-1.2480593776	-1.6034328837	1.0692508732	2.1432648974	1.2632809491
P170	766.69225	22.189	C18	POS	-0.117036753	-1.8856889181	-0.9647193238	-1.3401692646	-0.3414373097	-1.0673793197	-0.6937853189000001	0.0455064772	0.1708262792	1.1489811801	-0.4260377382	1.6093077826000002	1.0405220463	0.5897090955000001	2.0231751207	0.133599449	-0.3496122939	0.4242388092
P171	832.73905	22.607	C18	POS	0.6652313625	-2.4301581232	-0.0638238687	-0.8182048428	0.2877038299	-1.6573737268	-0.9602123562	0.4257749966	0.0519999367	1.2991943421	-0.2147456793	1.0274485353	0.8606411111000001	0.4551991011	1.6728941458	-0.2144596761	0.2454971757	-0.6326062635
P172	790.6924	21.821	C18	POS	-0.1397189909	-1.835580256	-0.7007796124	-1.0839284117	-0.6414343625000001	-0.8005342232	-0.6354064468	0.4449399745	0.1303845852	0.8612310762000001	-0.3314409752	1.6181378771	1.1760607841	1.0775314217	2.1591960206	-0.4708625722	-0.5433727692	-0.2844231193
P173	182.19038	0.915	C18	POS	0.7198247652	-0.4141853532	0.3714943364	1.1469421523	-0.5293340432	0.5420322228000001	0.7338791884	-0.0198542423	-0.4351577948	1.4945718574	1.6304866164	-0.4608313688	-2.1848004001	-1.5538406602	-0.7577143303	-1.1461878362	0.3986456017	0.4640292884
P174	538.51931	16.949	C18	POS	0.5455495714	1.4461236703	-0.0091097587	0.5469686127	-1.5924706928	0.50789984	0.5824640586000001	0.656280411	0.7473123507	-0.1468353763	0.9458102194	-0.7612087738000001	-1.0379259384	-1.2109528212	-1.9673549169	-1.169787461	0.7670007089	1.1502362962
P175	792.57516	16.342	C18	POS	-1.0724672135	2.0012081683	-0.0009599582	0.6056695506	-1.46601351	0.5498399033	1.5426869244	0.5422981305	0.2935533243	-0.0599005246	0.9084595898	-1.5342009706000002	-0.2842048054	0.2320947202	-1.908280859	-0.2340423986	-0.4087052619	0.2929651905
P176	1526.11756	18.277	C18	POS	-1.579244035	-0.085011676	-0.6617640562	0.2562856629	-0.5696181026	1.5714101435	-0.8499049732	2.7926515254	-0.0017582988	-0.0644146187	-0.5367266036	1.4125443372	-0.6577522644	0.4503787638	-0.7243782649	-0.3982024488	-0.2514124084	-0.1030826822
P177	788.52189	16.464	C18	POS	-1.227139514	-0.0381537874	0.0208946981	-0.2454090332	-0.5393832672000001	-0.2063255395	0.3289013751	0.9731237555	0.6422716024	0.8295310844	-0.4005826598	1.7366520907	0.4643688994	0.9989461193	1.4150295685	-1.488138816	-1.5725511542	-1.6920354221
P178	744.55463	18.41	C18	POS	0.3943035282	1.1319306144	0.8746320996	1.4507034655	1.0578389576	0.635727206	-0.1326484077	-0.8247613169	-0.1319899925	-1.506405108	-2.9139389486	-0.4239359496	-0.0052975681	-0.2189170837	0.0201312825	0.4641465138	0.4129906506	-0.2845099431
P180	339.28917	16.344	C18	POS	-1.0400766919	1.9100631312	0.2191262771	0.6285882112	-1.4650238144	0.5444579595	1.4422823296	0.6220462009000001	0.3209729168	-0.1819836789	0.9119510966	-1.6434283698	-0.2924632242	0.0308096868	-1.925718173	-0.2725147536	-0.329335848	0.520246744
P181	812.61662	22.779	C18	POS	1.1456094411	-0.3760272895	0.6702920933000001	0.4447106791	-0.9699134124	-1.1552823029	-0.9336645606	-0.5195895145	-0.8221257122000001	0.1267695204	0.050424084	-1.5377642445	1.3321584049	-0.3210187602	2.1685987999	1.5675980531	-0.4891486048	-0.3816266741
P182	706.53842	17.942	C18	POS	-1.5481248186	0.700876205	0.6183497649	0.1931864317	-0.6563670694	1.6015807405	-0.5715834796	-0.3905188129	-0.077441751	-1.4861304128	-1.1372481079	1.2328883543	-0.2583135393	-0.4584103328	-1.2552227779	1.2470643073	0.7615835662	1.4838317323
P183	824.77051	23.924	C18	POS	1.1465763231	1.6623938926	-0.333699311	-0.2892935061	-0.7086049507000001	-1.4999876808	0.5810808731	-0.5838668669	0.7081882286000001	0.1880918207	0.1810667284	-1.4370809942	-0.3856042677	-0.7960399157	-1.5291042087	0.7882521449000001	1.9465246262	0.3611070643
P184	575.50317	23.226	C18	POS	0.9128030977	-1.7707459375	-0.3315954771	-0.8879816167000001	0.6568809160000001	-2.2090252821	-0.326877569	0.1968765259	0.7154733	1.8800747852	1.0790873807	-0.7978152884	0.6063471989	-0.1444077257	0.3180266112	-0.6915675091	-0.124732674	0.9191792638
P185	625.51915	15.007	C18	POS	0.8063211376	-1.0988483082	-0.5635863673	-0.9016118372	-0.1625285728	0.8418313040000001	0.4557074824	1.0892191674	-0.3958767133	-0.2698784485	-1.5692406031	2.1771864325	0.2915948519	0.8375528451	1.2943507848	-1.1583316534	-0.4862402247	-1.1876212772
P186	1550.1175	18.086	C18	POS	2.7728683963	0.5769145866000001	0.5590591387	0.4767902538	-0.1390789049	-1.4877747306	0.7367802039	-1.4440642807	-0.3346271525	-0.285387319	0.2968227834	-1.7083432441	0.0271937193	-0.8465270075	0.4626006103	-0.0739774173	0.6274960177000001	-0.2167456535
P187	1561.19324	18.762	C18	POS	-0.1009484599	0.1022791569	-0.2385525595	0.0686246123	-0.0140188859	-0.1486095998	0.293048131	-3.4872860045	-0.0657606425	1.8630897691	-0.3120983	0.6680432349000001	-0.2935753803	-0.3392931647	0.5508584619	-0.0366300261	0.8225988284	0.6682308289000001
P188	784.51279	15.519	C18	POS	-0.5526278692000001	0.7876048386000001	-0.0960346727	0.8831851675	-0.5123189507	0.5696594660000001	-0.135541301	-0.3468822071	-0.5220279428	0.7514991486	-0.5612244390000001	-0.8953750723	-1.219186056	-1.593374957	-1.348831851	1.6393564518	1.3464940704	1.8056261758
P189	958.88014	25.492	C18	POS	0.338100983	-0.3954397389	0.8327546839000001	0.0190479874	2.8111568876	-1.8506819393	-1.0055740147	-0.4975363633	-0.3297600202	-0.5922892355	-0.0603737302	0.4031020645	-0.4883947499	-1.3572888477	-0.0196899221	1.0306206269	0.5326296786	0.6296156499000001
P190	658.54061	18.306	C18	POS	1.5694293071	-0.0481971174	-0.0129975824	-0.4727763155	-1.3201575355	-1.5212079736000002	0.1922283811	-0.0554842587	0.3526109847	-0.3284089269	0.2709206009	-2.0768298508	0.2128283207	-0.5049095765	-0.4717903624	1.1392439094	1.3875508992	1.6879470966
P191	518.3213	10.516	C18	POS	-1.3693096193	0.2340931103	-1.5930490261	0.5591815374	-2.0461415787	1.5420735477	-0.4984641519	1.4867459181	1.2024516627	-0.1227465847	-0.3756044788	0.326829365	0.5067124597	1.1552593062	-0.6159945079	-0.6488079334	-0.0484409382	0.3052119119
P192	487.35283	10.452	C18	POS	-0.3709844331	0.8546902155	-0.3397201048	-0.0452337147	0.4476352717	1.2603567926	-0.3599746944	-0.9513247027	-0.1048006878	2.0994592577	-0.8153747887	0.6346973269	-1.3079311769	-1.6487558969	-1.0133183638	-0.5095156957	1.6482509740000002	0.5218444210000001
P193	918.84918	25.019	C18	POS	0.802624848	-1.0929361512	0.1501411093	-0.2486037611	2.429094656	-2.3375038981	-1.2673924461	-0.2641852081	-0.4746199367	0.3661240919	-0.5927084413	0.6727862290000001	0.1433409261	-0.3210178488	0.729731321	0.9571191477	0.5207314154	-0.1727260527
P194	704.52287	17.212	C18	POS	-1.4446388158	-1.1126625231	-0.0852532161	0.2059697639	0.3226302919	0.9114849557	-1.0456629924	-0.1879076725	-0.1271654204	-0.7721953717000001	-1.5271353763	2.3430404531	-0.3657486795	-0.6207537263	0.7323759249	1.0669168284	1.3417381945	0.3649673817
P195	1616.15849	18.244	C18	POS	-0.7909646613	1.1211470879	-0.2235989523	-0.747037656	-0.2012524296	0.1934345711	0.6140454367	0.4243496953	0.3972993728	3.1038874747	0.0975497425	-0.3041072511	-0.7958597282000001	-1.7634429955000002	-0.8653281255	-0.2223572015	-0.4869978466	0.4492334666
P196	582.50915	17.636	C18	POS	1.0367113583	-0.7520327279	0.6742299794000001	-0.0653840397	-1.0758825108	-1.1319864987	-0.0551189763	-1.0832156239	-0.0355978572	-0.9223273996	0.9025858655	-2.1055800472	1.2912937787	-0.4429628608	1.6971808861	0.616398074	0.7878750125	0.6638135873000001
P197	1625.23166	21.511	C18	POS	0.1850674192	0.9390017436	0.2849378402	0.8246068305	0.6727237697	0.9147787271	-1.0423474672	-0.232606948	-0.1609950921	-0.1552487577	-1.2509768121	-0.4293742995	-1.319768113	-0.2903156005	-2.424712023	0.6989953989000001	1.2979351106	1.4882982732
P198	832.58241	19.886	C18	POS	0.9013185645	1.0626050495	0.345273156	-0.0756577331	-0.7059270232	-0.7027915914	1.4902302619	0.0325610362	0.8428000916	1.4395542416	-1.3825690086	-1.6992784311	-1.6981344175	0.5324198692000001	0.8032188979	-1.0825401312	0.220755689	-0.3238385212
P199	724.52783	17.446	C18	POS	0.8794027910000001	1.065734518	0.2612146325	0.3667319496	-0.5035497828000001	-2.0465488434	1.2373644047	-1.9898405625	0.5106072276	-1.0771496732	0.9638761192	-1.3330512223	0.1859376626	0.0198776501	-0.5044980427	0.6176349854000001	1.027711395	0.3185447911
P200	1551.12138	18.166	C18	POS	1.1772875715	1.0708440599	1.1628510496	-0.449434748	-1.0344785628	-0.6251362514000001	1.2168869908	-2.0825514529	0.3776664431	0.2853362112	0.8137615894	-1.3255639778	0.5417061338	-0.1851551286	0.9682699223	-0.9009213604	1.1521246741	-0.9862055923
P201	369.35119	15.261	C18	POS	0.1258859037	0.8242462408000001	0.6616199306	1.6810349322	0.288493191	-0.679887674	0.7031449973	-1.865263291	-1.16447461	0.3772971914	1.6894234813	-0.6211718529	-0.522328648	-0.6928652326	-1.8405672872	0.3759235601	-0.0473074999999999	0.7067966673
P202	834.59854	21.379	C18	POS	0.4845336725	1.1685247634	0.5928145401	1.0033515055	1.0365175655	-0.3427355791	-0.7105252398	-0.4302014805	0.0264362938	-0.2745458428	-0.9610528455	-1.8750926501	-1.1857676121	-0.3330455509	-1.6817428137	0.7476159119	1.3768107075	1.3581046544
P203	731.60629	17.811	C18	POS	-2.0362199674	1.8520901344	-0.554611064	1.0946572901	-0.6393160518000001	0.3674443542	1.2917768156	0.0089284045	0.0799451532	-0.7490627723000001	0.8759951247000001	-0.1840658939	0.7852041413	0.4012550327	-0.9019564798	-0.4399956902	-1.8024590007	0.5503904694
P204	889.58052	16.221	C18	POS	-0.4673299126	-0.3256927063	0.1698823963	0.91353524	1.7537233939	0.6497371472	-1.6670148464	-0.2034150401	-0.8193555699	-0.6167308509	-2.0506919541	0.7069856744	-0.7121895604	0.0303316483	-0.4705169422	1.2162908282	1.5535410535	0.3389100012
P205	886.78547	23.225	C18	POS	0.6922038343	-2.0530912393	0.0593640577	-0.9302094267	0.7326339072	-1.4942447407	-0.7993024225	0.5293285803000001	-0.1427451511	1.3049260165	-0.2387908141	0.7372976936000001	1.1866910414	0.8707180027	1.5880198092	-0.6694303823000001	-1.1020314177	-0.2713373484
P206	480.30893	10.485	C18	POS	-0.871269685	0.296060907	-0.5568481881	0.8631181305000001	0.1742703066	2.132451186	-1.6846097478000002	1.6683190845	0.2644686963	0.2121885676	-1.4315282014	1.3326388671	-0.1409088829	0.1127215138	-0.6125086935	-0.7911795483	-0.9619655287	-0.0054187836
P207	447.38309	16.371	C18	POS	-0.428073239	0.2590850354	-1.5404485115000002	1.1438755299	-1.8228680287	0.6153945842	-0.8493605902	1.0482441062	1.0494812854	0.8926687677	-0.7415043415	-0.5907528958	0.323131277	0.678933631	-1.1904207619	-0.1056292072	-0.5882750877	1.8465184466
P208	1562.11714	17.808	C18	POS	-1.2659562351	1.0914498514	-0.6748236188	-0.5578061956	-0.6573086201	1.2148465633	-1.2057372392	1.3351662808	1.0599147231	0.8181525763	-1.3997424167	1.6150395921	-0.6453876448	-0.4651387711	-0.1342128028	-0.6362434562	1.1893434856	-0.6815560724
P209	1594.17986	19.11	C18	POS	1.5434864167	-0.7590422541	-0.7034022863	-0.4592363176	0.1211304217	2.3238188529	-0.202548667	0.6918099329	-1.300349308	-0.5099846616	-1.3185024616	0.7470437204	-0.3961274306	1.1935810975	-1.3206943431	-0.5347766485000001	0.1666114883	0.7171824480000001
P210	274.2747	7.805	C18	POS	1.2070285857	0.1656132691	-0.316288392	-0.5095307844	0.2040311138	-0.5242245455	0.7820312201	-1.086027209	-0.7756958582	-0.0460535657	1.4626505045	-2.5222459403	0.4520078069	-0.5790054017	0.1530289562	-0.4323780369	2.0182781824	0.3467800948
P211	1539.11995	17.93	C18	POS	-2.9349543477	0.3346103709	-2.6151743998	0.6109292377000001	0.3763754002	0.7585686473000001	0.0570676602	0.4719713261	0.3221816784	0.1968548652	-0.0173821669	0.104392201	0.2294870116	0.4162494477	0.3218406375	0.4554489568	0.5347170304000001	0.3768164433
P212	599.50333	14.831	C18	POS	-1.37946576	-0.203710915	-0.673537167	-0.0311784378	-1.2108773133	1.5840458675	-0.6383774794	1.2161824133	0.4462518717	-0.1659953414	-1.0104024405	1.7294161746	0.3125032434	1.5640240051	0.7422796974	-1.1523200391	-0.0950449205	-1.0337934589
P213	1588.13333	17.956	C18	POS	-1.3630006765	1.262311426	-0.5938027422000001	-0.1977503365	-1.9429815182	-0.180440994	1.0667834025	1.2227038478	0.6639480375	0.6076063581000001	0.2983957866	-0.5084493487	0.5958535826	1.4202756338	0.5715045735000001	-1.6764215224	-0.2540829473	-0.9924525624
P214	773.58618	20.195	C18	POS	0.2697281075	-1.0955103829	0.5222055294	-0.834843207	0.2469014433	-0.6901764021	0.2395673685	-0.5362569233	3.7724030243	-0.5362151207	0.08983528	-0.2226372843	-0.2498770257	-0.3047401578	-0.2204186975	-0.1596986185	-0.0279485851	-0.262318348
P215	828.55049	17.85	C18	POS	0.3116418527	1.6542650051	1.7316758378	0.5692011674	-0.1047636515	-0.7478681084000001	1.0901604863	-1.2908240167	-0.453514183	-0.9628151326	0.2124336793	-2.4819776595	0.199793799	0.1930735296	0.5628919841000001	-0.5614202227	0.4681655595	-0.3901199264
P216	787.60442	21.337	C18	POS	1.3743578505	-0.0221742512	1.6093346465	0.3417495498	0.9892814676	0.7641424798	-0.0045342299	-1.2284661746	0.051333189	-0.4898270041	-0.9570935933	-1.5241170467	-1.6148728368	-0.8541369472	-1.0531827596	0.7244831867	1.1543508269	0.7393716469
P217	1568.16456	19.09	C18	POS	-0.4599801232	0.8346991585	0.8202930372	1.2709253532	0.3452989148	0.9958207013	-1.4756771726	-0.0116070029	-0.4529219377	-0.6082015851	-2.1220723628	0.1144281329	-1.3582373715	0.131051226	-1.0698193745	0.5636313092	1.3369137905	1.1454553066
P218	806.72359	22.533	C18	POS	0.478912311	-2.3748524461	-0.2940226054	-0.5109243581	0.0198154207	-1.3602873535	-1.2081587719	0.1080485786	-0.1017205152	1.2684236554	-0.3498362	1.45096217	0.7882617302	0.2093138192	1.9113001069	0.0661212903	0.3277800633	-0.4291368954
P219	856.5846	17.746	C18	POS	0.6160592071000001	0.7670986272	0.7323108678	0.7214517896	1.2688855611	0.1339376158	-0.5940886178	-1.2625264677	-0.7829280860000001	-0.7544789284000001	-0.4935638264	-0.3086717697	-1.0860808649	-1.2468018372	-1.6627569714	1.0203063238	1.3218758554	1.6099715217
P220	1621.19956	19.783	C18	POS	-0.7693624339	-0.1001337555	-0.7475615282	0.4741018808	-1.5440769331	-0.8724157406	1.0092438042	0.8805972195	1.2128231201	1.6603614073	0.49830647	-1.2505328315	0.6495097629000001	1.2663864859	-0.630749446	-1.4864992124	-0.8217318304000001	0.5717335606
P221	1104.06375	17.465	C18	POS	0.5952439373	1.6092832414	0.0706423343	0.6738140263	1.0038819359	0.905364481	0.3787353788	-1.3825046542	-0.9911564919	0.7308676213	-1.3211428063	-0.9528279905	-1.1533344103	-1.4948665206	-0.6871879695	0.6188936076	1.4564060762	-0.0601117968
P222	770.56946	17.934	C18	POS	-0.53671285	0.3893946956	-0.3634640844	0.7123729564	-0.3241421192	1.1087632227	-1.2125628403	0.5735790286	0.1755022583	-0.8283360443000001	-2.7377348623	1.6694130367	0.0001324679	1.268838495	-0.6559220685	0.1545259049	-0.0341116251	0.103751578
P223	584.52488	18.371	C18	POS	1.5262751317	-0.9103841792	0.0445927842	-0.3398698162	-1.5679400148	-1.4676713974	-0.0495045949	0.116220485	0.7248622237	-0.6281102052	0.1783947312	-2.141841441	0.5523411886	0.2732371613	0.175431026	1.2957323692	1.1672318762	1.0510026717
P225	848.61582	20.331	C18	POS	0.1500004628	-0.0886192447	0.3331320331	0.2916430029	0.4194727101	0.2720931651	-4.0483167722	0.3133311265	0.0114493356	0.3393186673	-0.144399111	0.5074600322	0.2675901647	0.4934737262	0.49486015	0.2051811104	0.2011943848	-0.0188649438
P226	795.62922	21.394	C18	POS	-0.2497930443	-1.4408646268	-0.8408491459	-0.9450858897	1.7236849935	-0.9320267995	0.0880737926	0.0530592021	0.3294034672	1.7469865547	0.4789286742	0.4434341192	1.6712097058	-0.0309284799	0.8985019606	-1.1815900238	-1.2103694637	-0.6017749963
P227	764.67669	21.723	C18	POS	0.0031705105	-1.9053853232	-0.889003407	-1.2528819078	-0.7481034407	-0.8864578165	-0.5333361271	0.4586450104	0.2652926028	1.0844375135	-0.2023091536	1.5652122486	1.0681904403	0.7963861815000001	2.0750968256	-0.2770044476	-0.5116657206	-0.1102839891
P228	808.51271	15.451	C18	POS	-1.5871160871	-0.0025501526	-0.2119777559	0.6435242452000001	1.1483552517	-0.0114264208	-0.501307307	-1.3547517195	-1.1096574719	0.3991963477	-1.4063755546	1.8645215249	0.3389435674	-1.1778683224	0.5260200467	1.6283653857	0.4761384539	0.3379659685
P229	948.80119	23.073	C18	POS	0.1098407386	-1.198401255	-0.3897899883	-1.1578366156	0.3885405989	-1.2865911082	0.137009291	0.6244388327	0.3176073059	1.2150465259	0.5273445254	0.8350036860000001	1.4603105892	1.2990742646	1.0806542676	-1.5332889418	-1.1762955649	-1.2526671523
P230	917.82787	23.949	C18	POS	1.5278381295	0.3457919717	0.0104163282	-0.6365746627000001	1.0694005358	-2.37171026	1.0022590621	-1.2237675947	0.0239365271	0.3808501836	0.6714826593000001	-1.8115710321	0.4577432723	-0.75772961	1.080003065	0.1505854563	-0.0480689711	0.1291149396
P231	794.56944	17.772	C18	POS	-0.3003870661	-0.3989295492	1.5092341095	0.4458341094	2.4932011771	0.0842500437	-1.6671596589000002	-0.7373706319000001	-1.50660223	0.4722249778	-0.4203919595	0.7733089126	-1.4314869717	-0.3166881478	0.2089907084	0.2847099382	0.0842842149	0.4229780234
P232	339.28928	15.418	C18	POS	-1.7278493486	1.2968580321	-0.2352038379	-0.3067805692	-1.7418393761000002	1.0883470361	0.8733735419	1.4969514569	0.6147423359	0.4268283459	0.1150143851	-0.211055995	0.5671959357	1.166705724	-0.8645404663	-1.2684261162	-1.1307198817	-0.1596012026
P233	798.59826	20.636	C18	POS	-0.5406901536000001	0.1750545362	0.042396917	-0.0600717122	0.47345265	-0.098346017	-0.5800019546	-0.3120552587	-0.4462827194	-0.412473091	-1.0619129299	0.195513372	-0.7225796443	-0.2655509522	-0.0870598894	0.0151259676	3.8523393379	-0.1668584585
P234	385.27369	9.698	C18	POS	-1.315399294	-0.1757950097	-1.0328717219	-0.150596152	-1.1871312028	1.5876315494000002	-0.200612621	1.9009222003	0.929512964	0.9455987697	-0.2428572449	1.1220583834	0.2798977804	0.2544394298	0.2757319729	-1.6895691868	-1.1841294907	-0.1168311263
P235	1575.12148	18.01	C18	POS	0.543052763	-0.0921313868	-1.0206436717	-0.5088570664000001	-0.9788606392	1.4494087223	-0.6450988844000001	1.6682140426	1.5211016825	1.3453363391	-0.9500452573	-0.0816735081	0.8460309493	0.6648288929	-0.4336545813	-1.2916310542	-1.1163342928	-0.9190430496
P236	737.64126	16.879	C18	POS	0.2946679889	0.5182173703	0.1347403694	0.1423074869	0.611434221	1.3001602313	0.0908174236	-0.5582623849	-0.9367268276	1.7851481314000002	-0.8616234831	0.3026368201	-1.7201917014	-1.6732445229	-0.9336479342	-0.6531682927	1.76428292	0.392452184
P237	858.75442	22.693	C18	POS	0.6186677872	-2.0553097426	-0.1492635875	-0.6980297583	0.2581638691	-1.7008132501	-0.4367967046	0.4495944589	0.0873420125	1.0584291571	-0.2785419471	0.9883061359	1.1613356543	0.9312298632	1.8423642652	-0.4174858234	-0.5230829473	-1.1361094423
P238	720.55427	18.596	C18	POS	-1.695471635	1.4007090533	0.5783704486	0.2299792058	-1.4251289408	-0.7345996376	0.4860721048	1.0333329113	0.5709120121	-1.6812670703	-0.8370549262	0.7510936195	0.8970677763	0.6132604787	-0.7008242642	1.5157049779	-0.5798797383000001	-0.4222763759
P239	1530.05567	17.15	C18	POS	-0.1965478094	0.6267136947	0.294021916	0.8623696712000001	-0.0178782355	0.9556641703	0.6270592498	0.8055803338	0.9049879487	0.9397986558	-2.0735556189	-2.0111821739	0.3891938338	-2.0064948091	0.4943291834	-0.5443593705	-0.1158552872	0.0661546472
P240	954.84836	24.264	C18	POS	0.8663063416000001	-0.2309124247	-0.3654119704	-0.3670439967	2.5798584314	-2.1938512561	-0.2250039415	-0.2740705365	0.0858132614	0.6515595149	1.001918274	-0.5608968875	0.0895088912	-1.2627469929	-0.4584806851	0.2757584132	-0.7059491507	1.0936447143
P241	808.73914	23.018	C18	POS	0.7717010243	-1.3769850189	-0.6400056007	-1.0170646111	-0.2067765447	-2.1852352102	-0.8224634651	-0.6681958095	-0.1171283457	1.6364950070000002	-0.363926209	1.0852880918	0.8046059002	0.2731621752	1.656654501	0.6725758568	0.4471057095	0.0501925492
P242	1532.07147	17.307	C18	POS	0.3005074236	0.6553785097	0.8382306540000001	1.0973920378	0.6556054833	1.0340510368	-0.2372859853	0.0992949285	-0.429353475	0.4762014542	-0.3806665977	-3.3822200963	-0.946968511	-0.4311620795	-0.5570371901	0.2151975134	0.2958095803	0.697025313
P243	648.62902	19.763	C18	POS	0.3750193395	2.3830210674	-0.1292555731	-0.4873850629	-1.2151614037	0.6351749648	0.9430653923	0.776006042	0.7139456676	-0.2523737884	0.5876715135	0.0168197558	-0.8982582674	-1.4435074744	-1.9661614642	-0.7773314997	0.3363226922	0.4023880987
P244	818.56858	17.801	C18	POS	-0.9430721087	0.0934537345	1.3411454342	0.7252354839	3.2217591906	0.1209350629	-0.7894802962	-0.6629334365	-1.1469973547	-0.1883257239	-1.1894943947	0.1836419433	-0.4218053182	-0.0875936736	0.1996070888	0.2306947784	-0.3979440202	-0.2888263896
P245	834.5285	15.849	C18	POS	-2.2014603364	-0.3960840454	0.1692348223	0.7915764322000001	0.6496208611000001	0.7415721679	-0.2075057507	0.4004044486	-0.0582083598	0.2120096078	0.0178212754	1.9796204145	0.2360692252	-0.1477473116	-0.0704757528	0.3690196531	-2.6375655849	0.1520982332
P246	630.61824	19.75	C18	POS	0.3793410487	2.3507965178	-0.1513630387	-0.5279157943	-1.1278061488	0.7666722432	0.9899875037	0.7219961681	0.8362835136000001	-0.1442322561	0.561009153	-0.1998181745	-0.7510539506	-1.4566190792	-2.0063150262	-0.8315322562	0.2075961814	0.3829733951
P247	634.54059	18.455	C18	POS	0.5794307915	-0.9674589589	0.7768308332	-0.5275364054	-1.373252842	-1.8456569357	0.1254159419	0.2320594389	0.3785892894	-0.0213179104	0.5070230595	-1.6412106792	1.6500305296	1.8961913252	0.9009743175	-0.4859856999	-0.1521013004	-0.032024795
P248	339.28925	18.51	C18	POS	0.8680645939	-1.1795949106	-0.1435110758	-0.1875020586	-1.6636215805	-1.6115671005	0.2270189701	0.7080826753	0.9915729184	-0.9956639923	1.5250528828	-1.8570024547	0.7325655912	0.761604554	0.3769241347	0.5865991486000001	0.1483100731	0.7126676310000001
P249	660.55629	18.578	C18	POS	0.7430140658000001	-0.9834223958	-0.4653251357	-0.9445213114	-1.2421086928	-1.8737326292	0.3346202373	0.9240500191	0.9980958083	0.0933616682	1.5249453609	-0.6133227019	1.309193125	1.3318575166	0.878508472	-0.8194288859000001	-0.6032972099	-0.5924873106
P250	1598.21141	21.268	C18	POS	-0.3494729485	-0.1244531907	1.3325154444	-0.1906342197	0.6746671724000001	0.1254955701	-1.2131305247	0.7031064276	-0.6110618973	-0.777987121	-1.4551267526	1.2942266402	-1.081926171	-0.6991006483000001	-1.3537386653	0.5488612452	1.5801113275	1.5976483116
P251	666.60316	20.024	C18	POS	-0.1478227234	-0.4215072833	-0.1129984727	1.3954481668	1.0143597557	-0.1019945478	-0.8195286643	0.3561129678	-0.0556763736	-1.2770184635	-0.030769777	-1.3481950093	-0.4821502421	-0.1530181132	-1.5105963912	1.8906509294	-0.2828454285	2.0875496703
P252	860.61599	19.203	C18	POS	0.1892097819	0.0952927644	0.4606323654	0.7874168739	1.117072326	0.0084469061	0.1405878121	0.5177840266	-0.7458170462	-0.6315445976	-0.6017501212	0.9747752955	-1.5749308887	0.2191387708	-3.0530710476	0.6834012095	0.7527561013	0.6605994677
P253	684.55636	18.449	C18	POS	0.7487095513	-0.8635503258	-0.4139627023	-0.8242952099	-1.3767910377	-2.0085955875	0.3585393957	0.9431269168	0.7967930748000001	-0.0508019963	1.0568400952	-1.113831679	1.48556661	1.5661247352	0.8715032194000001	-0.4098128566	-0.4819889437	-0.2835732595
P254	361.27388	9.639	C18	POS	-1.2838283559	-0.4082266646	-0.8209330264	0.0844741477	-0.7452630895	2.1294354468	-0.9992356879	1.9201121439	0.5525555201	1.0599545498	-0.9543887999	1.1652602269	-0.4144893548	-0.0838245782	-0.2764821014	-0.940315679	-0.6601462508	0.6753415531
P255	766.55941	16.462	C18	POS	0.5353990213	1.3060395577	-0.3418733343	0.3022581854	-0.1207738625	0.915231503	-0.206112398	-0.4838195122	-0.0173982076	-0.7745844804	-0.5234877542	-0.9357572114	-1.4005513037	-1.0875420868	-1.6087685838	1.1038119148	2.1155599237	1.2223686292
P256	909.54628	15.535	C18	POS	-0.7843209237000001	0.6691034405	1.2532513118	1.2243427883	1.0741927225	0.0479176936	-0.2619917135	-1.0754028248	-0.5624851203	-1.1756413724	-1.4762327466	-0.9103783472	0.1331929887	1.106786416	2.0958727454	-0.6408702567	0.1292846275	-0.8466214292
P257	790.55989	15.715	C18	POS	-0.8079577943	1.5840045721	0.2991221144	0.6552297258	-1.9739680643	0.7577772033	0.8078016520000001	1.0376216445	0.6615092151	-0.0468338536	0.2214673516	-1.4573011883	-0.0413815299	0.6150243438	-1.5505548293	-1.4446221269	-0.1070144247	0.7900759886000001
P258	662.5717	19.228	C18	POS	0.9117789853	-1.7833048591	0.6149151868	0.1639164617	-0.3828446645	-2.1677108547	0.5479184503	-0.2970944972	-0.0055879367	0.3182941198	1.4716879176	-1.5030943228	0.6033589848	-0.3607489817	0.964447524	0.8314058021	0.9595747314	-0.8869120471
P259	885.54895	15.014	C18	POS	0.2900821032	0.1773049105	-0.0133482479	-0.2633242757	-0.0103363957	0.5338429897	-3.8280408426	0.8249247114	0.6763626767	0.5749210571	0.215064026	0.7336813854	0.4224964849	0.6197209128	-0.1512274081	-0.3377277254	-0.1440386302	-0.3203577321
P261	836.54406	15.187	C18	POS	-0.8167576871000001	0.8590408679	-0.0147585072	-0.6199866912	-1.9434487221	-0.100983383	1.2813032226	1.1255275638	1.1101255504	0.8832774518000001	0.3570896638	-0.6568438950000001	1.0855483778	0.9824759012	0.1629355795	-1.5545284245	-1.2523294514	-0.8876874172
P262	1543.15113	19.419	C18	POS	-0.1727292102	-0.2427201469	2.7591761296	-0.0611558004	2.7594855371	-0.6246220075000001	-0.0886224013	-0.7011986354	-0.5579454536	-0.3859435318	-0.0956270262	-0.7022352818	-0.2769681169	-0.6723949618	-0.0948140134	-0.1736292876	-0.1991850461	-0.4688707461
P263	549.48755	23.161	C18	POS	1.1731702187	-1.8271654533	0.0577198795	-0.7596921367	0.2789247427	-2.2288414167	-0.6673473442	0.1250558429	0.6778475227	1.8119097696	0.2557385551	-0.6648376037	0.3954186212	-0.6485177753	0.2721205984	-0.0013473657	0.2559362986	1.4939070461
P264	700.57237	15.716	C18	POS	-1.2098534035	1.1575137406	-0.9841663786	1.4580953214	-1.2538528324	1.5207814482000002	0.0258733648	-0.2542351733	-0.1029301151	-0.5496732015	-0.6707435024	0.4384251915	-0.0176099664	0.3368556526	-1.7640852421000002	-0.1524560791	0.0354980936	1.9865630816
P266	794.5689	18.381	C18	POS	0.5029091744	0.2969514862	0.4067888008	0.6475515528	0.2843813129	-0.0018347138	2.6108054188	-0.3186839747	0.0308437166	-0.4478579335	-2.1972308766	-0.8719210466	-1.1285543891	1.2590682909	-0.4704653503	-0.4302465334	0.6228127463	-0.7953176815
P267	1480.04028	17.13	C18	POS	-1.0405766524	0.8636822779000001	0.9326110798	1.3943037208	-0.8646134638	1.245215616	0.3363762779	-1.0091834696	-1.0888579291	0.7456827352000001	0.1569004794	0.5002594698	-1.4620110849	-1.2251739442	-1.1166380607	-0.6400515299	1.268175884	1.0038985938
P270	714.50681	16.33	C18	POS	-2.148049973	-0.2410975089	-1.0617397193	-0.0930704106	0.8426321370000001	0.6566417961000001	-0.2929939405	0.7737091943000001	0.458292492	0.099195432	-0.8688670105	1.3542464619	1.114873761	0.5811105978000001	1.7005568645	-0.8672988047	-1.4017428864	-0.6063984827000001
P271	772.62159	22.921	C18	POS	0.3324094263	0.3138463081	-2.970618389	0.2316647971	-0.1645400597	0.5371942752000001	0.6610605193	0.5348182845	0.5806546300000001	0.4528688265	0.4788362102	0.2966404393	-2.3820334189	0.383251207	-0.472709194	0.1998282571	0.1533895119	0.3607291751
P272	892.73909	22.068	C18	POS	-0.7250977166	-0.9250784092	-0.9475959426	-1.4163387093	-1.3071696185	-0.5419501789	-0.2142864163	0.8554975224	0.4067509806	0.7942660594000001	0.0158016008	1.3270790211	1.3431918647	1.5783759265	1.6784410592	-0.7854666440000001	-0.5423592947	-0.5940611043
P273	385.27354	15.312	C18	POS	-1.4377060032	0.7766657432	-0.4457284831	-0.7568480483000001	-1.423032844	1.1567991417	0.7969349235000001	1.7551598019	0.5080377395	0.7063599217000001	0.158840332	0.2230327488	0.5167083	1.4066131722000002	-0.5371229569	-1.4095443065	-1.258511889	-0.7366572936
P274	608.52493	17.886	C18	POS	1.197715554	-1.6454224321000002	1.2469091234	-0.101821966	-1.3893709619	-1.1415651839	-0.821610766	0.4143959321	0.0828402431	-1.2648598127	0.3475938154	-1.1035255283	1.0689944278	1.2333867735	1.5898482642	0.1151007979	-0.0688247499	0.2402164692
P275	918.75474	22.179	C18	POS	-0.1235587997	-0.8897427116000001	-0.2231249053	-0.8051547178	-1.2398100835	-0.6042221795	-0.0121251323	0.8738961820000001	0.412854024	0.8582090013	0.1255200508	1.0568705028	1.3693229988	1.5929299115000002	1.4380515669	-1.1902228793	-0.8680763057	-1.7716165234
P276	729.59098	17.217	C18	POS	-2.2310836708	0.5499374289	-0.7758167446	0.9182651267	-2.0944628687	-0.2226879965	1.4108578997	0.6190199504	0.2644472431	0.5532648469	0.8457750102	-0.2223755872	0.6246888555	1.068862926	-0.2744882723	-0.1171052552	-1.2590318889	0.341932997
P277	764.54408	15.757	C18	POS	0.0590818688	1.8226131309	0.0826364619	0.5622941277	-0.7784930518000001	-1.5420939738	1.1071379317	0.8743109374	0.9582566549	0.8788615646	0.3766810551	-0.9713459607	-0.4416121052	-0.471324485	-1.4493540345	-1.8841204545	0.0918208976	0.724649435
P278	1680.51301	23.335	C18	POS	0.9703395571	-1.4688299133	-0.2804352579	-0.3492041756	-0.4417113098	-1.8495938859	-1.231549968	-0.2691961258	0.845701154	1.9525184664	0.5249400106000001	-0.8026247506	0.339092434	-0.2839150896	0.1345284441	-0.3401573874	0.7918817786	1.7582160193
P279	798.60013	19.211	C18	POS	0.7087856037	-0.3173481105	1.4803657862	0.4815339069	1.8946623566	0.7435017408	-1.6225851418	-0.1735695619	-0.4602558581	0.7324441044000001	-1.7213772571	0.7861262166	-1.4854486413	-0.6528426368	-0.9317766386	-0.2100999724	0.4572668905	0.2906172128
P280	1538.11576	17.943	C18	POS	2.0141863106	-0.8282090305	2.4121435067	0.3856693928	0.2871282726	0.910460043	-1.4304271218	-0.0398724452	-0.6513300774	-1.2119002919	-0.9195230015	0.7161226026	-0.7149390196000001	-0.1654876765	-0.5521754762000001	-0.0324538149	0.2412127823	-0.4206049549
P281	914.8168	23.798	C18	POS	0.8538882366	-2.2054298393	0.3674620361	-1.4202309461	1.2877229453	-2.14142483	-1.194867214	0.4807481596	0.2957905598	1.0288592192	0.5965817626000001	0.404397593	0.4779289221	0.0472966699	0.4067268451	0.3293214958	-0.0396456386	0.4248740229
P282	792.58999	18.812	C18	POS	-0.7203212214	0.6507239562	-0.2083545602	0.3700741398	-2.0367264971	-0.5173952149000001	1.6212996348000002	-0.1730352176	1.1356828642	0.465386877	1.1858367818	-0.0676256964	1.0101845232	1.046153222	-0.6120490726000001	-1.8989509288	-0.6878810588000001	-0.5630025312
P283	1624.22823	21.509	C18	POS	0.200733679	0.9583975354	0.2839194786	0.7982818539000001	0.7502871641000001	0.9553558906	-1.0709521263	-0.2690862454	-0.1820546262	-0.2113225747	-1.2926025406	-0.47497395	-1.2045436472	-0.3150168294	-2.3949692696	0.6756433283000001	1.3208679134	1.472034966
P284	1207.07965	19.183	C18	POS	1.0741761938	-0.9598313949	0.5349691642000001	0.0177383086	-0.2923452938	-2.0411277664	0.5934887510000001	-1.16308128	0.2566267684	0.1133267916	0.9946533579	-2.498052445	0.5780184521	0.0163356624	0.4351836226	0.722142795	0.9077707814	0.7100075312
P285	826.6322	22.674	C18	POS	-1.4052445921	0.281997566	-2.0476466647	0.4938222525	0.7442247563000001	0.5780498798	-0.6668406178	0.4209194719	0.1981992947	0.5455683688	-0.1510744835	0.6873787058	0.1838126219	0.4586403699	-2.7133156568	0.5641472971	0.6631314254	0.497389387
P286	632.63393	20.535	C18	POS	0.0362959176	0.7686179912000001	-0.2752376875	-0.8438603774000001	-0.6472171657	-0.127219732	1.0631388254	1.3234679514	0.8406208092	0.4405609086	0.4208079782	1.7045594884000002	-0.9513254178	-1.5895771587	-0.6235189156000001	-0.8581761253	1.1640678624	-1.8460051524
P287	748.5278	17.298	C18	POS	0.9751608981	0.93024365	0.1264936553	0.0514437557	-0.5373383869	-2.2506679505	1.5498293259	-1.7898039044	0.7589888379	-0.931620147	0.9965049087	-1.2068210445	0.447566345	0.1509530514	-0.3557033084	0.1523492773	0.9684514118	-0.0360303753
P288	650.64469	20.461	C18	POS	-0.0734171445	0.6893762928	-0.2883313506	-0.8684064033000001	-0.5149032014	0.0541537184	0.9738878703	1.3750345079	0.9863984189	0.5103152303	0.4653877465	1.4875298577	-0.8736320077	-1.6055784361	-0.7640461169	-0.9269848512	1.2568824843	-1.8836666154
P289	615.4958	18.525	C18	POS	1.0978541512	-0.9582861939	0.2194422121	-0.3017885698	-1.6508108775	-1.8759083112	0.6002934079000001	0.4047068104	0.8355792167	-0.9757672872	1.3980135661	-1.9071750251	0.700577179	0.6126374812000001	0.4224785958	0.495335332	0.2879670779	0.5948512345
P290	1592.16424	18.687	C18	POS	-1.0425433997	-0.4332231378	0.0348882946	-0.1198516988	2.6961554198	-0.2401771379	-1.2514666047	-0.7185153489	-0.5535056854	2.2466748986	0.9471121407	0.2223962203	-0.7439971669000001	-0.0759825808	-0.6243340624	-0.195497036	-0.1039009854	-0.0442321292
P291	950.81668	23.408	C18	POS	-0.5485070579	-0.5446623969000001	-0.0238199406	-0.1391596664	0.8327644086	-2.1321492852	0.4893508444	0.6176542395	0.6709330491000001	1.1965172536	0.8215900866	0.916699148	1.1831457988	0.8700882989000001	-0.0763801974	-0.9645804298	-1.651554406	-1.5179297471000002
P292	766.57382	18.573	C18	POS	0.2429056772	1.0886754926	0.1747893055	0.2792649222	-0.7628509316000001	-2.4463831429000003	1.1692023864	-1.5834013214	0.8723819548	-0.9378477357	1.1627946587	-1.0104046733	0.8548429804000001	1.0664420928	0.3072755033	-0.0992722016	0.0835297851	-0.4619447524
P293	544.33735	10.75	C18	POS	-1.7482982364	-0.7309017734000001	-1.529548701	0.5588722853	-0.224335273	1.9621783447	-1.0293120485	2.0479462158	0.5825527651	-0.2933465223	-0.0745749261	1.0360523265	-0.4561487118	-0.1643073832	-0.7039204021000001	-0.0632130419	0.3159460678	0.5143590145
P294	775.54835	16.355	C18	POS	-1.1837577643	1.929504062	0.0009480526	0.5068998638000001	-1.4920344946	0.6015295633000001	1.5018096885	0.7272013071	0.3881708861	-0.0227466981	0.8132143824	-1.561127993	-0.2275948599	0.3823048889	-1.8848927779	-0.2260927553	-0.4120687718	0.1587334202
P295	852.80109	24.662	C18	POS	0.9254351414	1.8590309162	-0.2996355473	-0.053584233	0.4096863764	-1.6025767366	0.3238471977	-1.1491068006	0.7732139654	-0.2703850261	0.3742726025	-1.2114500322	-0.5415308627000001	-0.6844379660000001	-1.4003860472	0.5185155439	2.0403592996	-0.0112677914
P296	892.8331	24.988	C18	POS	1.2723432224	-0.0387536655	-0.1761398172	-0.1913375225	2.0354835805	-2.8199890371	-1.0135162416	-0.6416104466	0.1855967533	0.4632746186	-0.5920751397	-0.0161913027	-0.0553411432	-0.2611427224	0.230447521	0.6638685952000001	1.237979722	-0.2828969745
P297	1560.19626	21.032	C18	POS	-0.8264216779	-0.1041882065	-0.1169012507	0.3646632377	0.6821643711	2.6345903143	-1.313597556	-0.1284077162	-0.5947564418	-0.5391692207000001	-1.6238755746	0.2887421057	-0.7105042394000001	1.6583451637	-0.9273491213	0.4662150473	0.423850805	0.3665999603
P298	530.32396	10.586	C18	POS	-1.1186082677	-0.4821268455	-0.9778581877	-0.1019160396	-0.8767534859	1.9475656351	-0.6345078797	1.8406032629	0.7036355587	1.2867428685	-0.5941854168	1.1068439606	-0.5292542793	-0.3401214272	-0.8963494105	-0.9055278211	-0.5159243559	1.0877421313
P299	482.32458	9.843	C18	POS	-0.913581349	-0.6348221034	-0.9441642511	-0.3791464481	-0.8141288618	2.1560167112	-0.7155870497	1.9399314933	0.2162413721	1.4977964857	-0.9507052091	1.1312954709	-0.3121695695	0.0154546199	-0.2894753866	-0.7667318283	-0.7774568719	0.5412327753
P300	313.27397	19.165	C18	POS	1.6092610119	-0.5252518887000001	0.4925287952	-0.6222712290000001	-0.6908968688	-1.730753041	0.4887945538	-0.5651201285	-0.0382112715	-0.1961968614	1.2582298487	-2.4603563668	0.6212468856000001	-0.4957472089	0.5264516999000001	0.6768583912	1.0079125202	0.6435211582
P301	884.54414	14.953	C18	POS	-0.6734022218	0.3616379518	-0.6010280224	-1.1769477031	-1.2685371953	0.2053979897	1.8331489863	1.1757139201	1.1560750289	0.9064390575	0.6267612877000001	-0.21005547	0.8648311823	0.8831910131	-0.1909052194	-1.505561362	-1.2116864354	-1.1750727881
P302	822.59968	19.083	C18	POS	0.0389012116	-1.0669595495	1.0384094997	0.0743688858	2.0758292195	-0.4416254003	-0.6708168625	-0.5828445221	-1.0096022207	2.0192405962	-0.6920562529000001	1.1951000557	-1.6356002125	-0.375261057	0.3425065001	-0.6583654145000001	0.0146473433	0.3341281801
P303	818.605	19.015	C18	POS	-0.2204400637	1.2407348313	-0.5737235217000001	-0.213488601	-1.8381526273	0.5841193880000001	1.4849452309	0.4981888744	1.3496026674	0.4517827368	1.0367076375	-0.0246398505	0.459670907	0.3217700475	-0.9270848028	-2.0525258011	-1.045350419	-0.5321166334
P304	494.32456	9.493	C18	POS	-1.3054289873	-1.1837819402	-0.8595624507	0.7486321019000001	0.1858837855	1.9927876409	-1.514284241	1.8483748251	0.1841907633	-0.1254727425	-1.3536589866	1.1912517774	-0.5958614609	0.0620838567	0.3078252877	0.0245280204	0.3503316343	0.0421611158
P305	1499.17754	18.867	C18	POS	-0.1877225521	0.3291595143	0.2684172707	0.7301129077	1.0090702796	0.8909046692	-1.8591774601	-0.0780596845	-0.1352657128	0.5814387051000001	-0.1510108238	0.912262546	-0.1335101724	-2.3266593306	-1.9399431072	0.6600631259	0.9524171879	0.4775026372
P306	782.56945	20.609	C18	POS	-1.6437762492	0.0712877591	0.5752919473	-0.3871693976	0.4972028947	0.3823790855	0.5462344133	0.1315203163	1.508359702	1.2133757812	-1.0279587384	-0.7036137225	-0.6785827884	2.0002473252	-0.8336996237000001	-1.3409120082	-0.5265677373000001	1.4297568218
P307	956.86412	24.84	C18	POS	0.9426681998	-0.4187237292	-0.0142100834	-0.6193257779	2.6068308018	-2.5958618289	-0.0770429458	-0.2031628181	0.1107963036	0.4534062892	0.6621030688	0.0946074311	-0.4638300018	-1.190020174	-0.4221755453	0.3104737448	0.2372930011	0.5861740641000001
P309	814.55975	15.497	C18	POS	-1.6858694615	1.2122875434	-0.621661047	-0.1377462067	-2.1373005884	-0.0202755999	1.1675103882	0.576619432	1.0798157263	0.3867237763	0.4895915809	-0.8288892485	0.5325976262000001	1.3934213701	-1.1563158119	-0.6918462919	-0.3441442375	0.7854810497
P310	1537.10568	18.129	C18	POS	-0.9194560402	1.6737951889	-0.4022645626	1.2857630618	-0.2503488397	1.6363554434	-0.8610219541	-0.3264399616	1.1014316188	1.0606740494	-1.537307391	-0.6651767707	-1.0731720134	1.0858952304	-1.1374460251	-0.3198467221	-0.0832751534	-0.2681591589
P311	518.49311	16.21	C18	POS	-0.6079249957	0.6199070194	-0.46456508	0.8852346747000001	-1.7660661446	-0.4011064576	-0.2442550667	0.6318161309	0.7900294492000001	0.3238835481	0.6512773478	0.1351980168	-1.3350708725	-0.0355425696	-2.2947293506	0.263754546	1.1399747307	1.7081850739000002
P312	810.60118	21.236	C18	POS	1.1825725992	1.6657417319	0.6574884071	-1.2353331941	-0.5323109181	0.9732125361	-0.414778371	-0.6450425435	1.076741307	1.400796259	-1.2905915508	-1.0108346559	-0.5834055369	0.0767215629	-0.9868094671	-0.9833458784	1.2581646501	-0.6089869376
P313	813.68343	18.0	C18	POS	2.5859523828	0.136868255	1.6705849756000002	-0.405496173	-0.2558850227	-0.7516451512	0.2317566517	-0.8011152447000001	-0.8718338083	-0.0432075114	1.1406589072	-1.931787624	-0.0461211949	-0.3615326095	-0.5294932304000001	0.2116418899	0.6266967762	-0.6060422682000001
P314	1576.13099	18.19	C18	POS	-2.7132317746	0.2470192297	0.8304980179	-0.1590965942	1.2259747632	0.9813817394	-1.0206187503	1.2281397206	0.5259168128	1.0910177107	-1.2346413524	0.6405793595	-0.6554105203	0.5351142882000001	-0.5510828922000001	-0.5097850903	-0.4019303385	-0.0598443291
P315	881.75666	23.964	C18	POS	1.8247919308	0.5656757181000001	0.6973632743	-0.2431014692	0.9402915515	-1.8166161902	0.887930536	-1.3849850103	-0.4022673123	-0.1635496735	0.4767287962	-2.0942085938	0.2500450345	-0.912183348	0.6817821647	0.1968952646	0.7914993558000001	-0.2960920293
P316	1231.35121	11.087	C18	POS	0.2754583836	-1.4738948048	-0.1759188829	1.0423916833	-0.0452969801	0.1727683695	0.0219756799	-1.6215326724	-0.0320028266	0.6359708817	-1.8212942379	0.7873030161	-1.626967417	0.4274821899	-0.0053463278	1.2048104961	0.4639435639	1.7701498856
P317	946.78567	22.656	C18	POS	0.1362750341	-1.0599418691	-0.4982152501	-1.0145242142	-0.0618004746	-1.1451032798	0.3371134812	0.7726219684000001	0.5986554564000001	1.2097848662	0.5369061967000001	0.9468135115	1.1197836342	1.2797685235	1.1301026981	-1.6473616325	-1.0218289606	-1.6190496895000002
P318	601.519	18.742	C18	POS	0.6325603585	-1.1193620335	0.1142152504	-0.7222590734000001	-1.2356617115	-1.505752349	0.418432584	0.9411849045	0.7432084717	-0.5638775579	1.0043638867	-0.4392204222	1.2467419988	1.4736208376	1.6016145739	-0.6833623261	-1.3467981041	-0.5596492884000001
P319	368.42494	16.201	C18	POS	1.4827550059	-0.1930054788	-0.6787407236	0.7549008043000001	-0.0832437971	-0.1425942481	-0.7145742817	-0.2114592329	-1.0972906462	0.5293786939	3.1532876076	0.1519559104	-0.6289871247000001	-0.6325624129	-0.0213029376	-0.1599139079	-0.1457384764	-1.3628647541
P320	643.52704	19.306	C18	POS	1.5564023786	-1.2361997572	1.0833631666	-0.2355245221	0.1649516749	-1.3614667458	1.0555563178	0.125399848	-0.3220046802	-0.7008748761	1.78425104	-1.71241279	0.5323411309	-0.4838582538	1.2094879637	-0.3688421112	-0.985537394	-0.1050323902
P321	1512.10105	17.86	C18	POS	-0.7156219799	0.1141833115	-1.0641628259	0.1971852162	-0.0924668382	0.6331855224	-1.1014344616	0.2801949058	0.1839745566	-0.3655097463	-1.5298985817	3.3156860819	0.2134353798	0.3153781235	-0.9184578434	0.2644122834	0.0818095353	0.1881073608
P322	549.48756	18.371	C18	POS	1.2370756124	-1.0201860246	0.0215456968	-0.2463433879	-1.7387004423	-1.3843033745	-0.0306269519	0.3117881689	0.7308834958	-0.6441268388	0.288958623	-2.1428424254	0.6402324422	0.2920748927	0.1464415211	1.2827973412	1.1408848406	1.1144468109
P323	1620.19611	19.8	C18	POS	-0.0544400991	1.0340629661	-0.2498837341	-0.468068389	-1.5293099011	-0.3787390895	0.8096549036	0.4282626224	1.345190166	2.0329005978	-0.2727413886	-1.1467569238	0.0288294013	1.3343069679	0.0784060878	-1.8988759812	-0.5064633041000001	-0.5863349023000001
P324	890.78023	22.343	C18	POS	0.7470380438	-1.5310707309	0.2613445481	-0.9796135175	-0.5995862711000001	-2.350221054	-0.8744073357000001	0.2807519807	0.0572473188	1.5587442338000002	-0.3200944229	0.8028871369	0.4976682766	0.4083443348	-0.4141896867	0.1052469696	1.8094720756	0.5404381003000001
P325	284.33198	11.586	C18	POS	1.4015851942	-0.290449486	-0.7558694601	0.6365032565000001	0.0644558077	-0.0767938674	-0.5456243711000001	-0.3081891639	-0.9317142092	0.4858715199	3.2103911036	0.308517296	-1.3450923078	-0.5308462164000001	-0.245683209	0.0125882163	-0.1443442284	-0.9453058748
P326	810.59923	23.545	C18	POS	-0.5136619035000001	-0.0840883831	-0.3063813029	1.1021386879	0.6949098815	1.8821948926	-0.6425291448	-0.0480579174	-0.014464688	-0.2774659157	-0.5529047056	-0.5883731499	-0.9095418838	-0.1667469849	-2.2643602493	1.5083095541	1.690036578	0.5931253229
P327	269.22708	19.79	C18	POS	-0.5193184365	-1.1273519034	-0.5277065046	-0.3960327871	2.5884576111	0.0793847276	-1.0707400041	-0.1246337551	-0.4927862782	0.9119871586	-0.7675643295	2.0931329128	0.0248359703	0.4662386843	0.7033730306	-0.2566209229	-0.9879917215	-0.5966634523000001
P328	866.72319	21.995	C18	POS	-0.2105083259	-1.2425154686	-0.4935332644	-0.7440116710000001	-0.6160348912	-0.6810743604	-0.7359394853	0.8376381235	0.3425207211	0.8383809851	-0.0572731947	1.5058586074	0.8514147388000001	1.5922303491	1.9326007994	-0.9986830567	-0.7481850999999999	-1.3728855062
P329	1500.10163	18.07	C18	POS	0.9919113817	-0.6445322338	-0.4184268665	-0.0315561669	0.0081300474	1.3871758659	0.5207585451	-1.0281110523	-0.9567842097	0.6514537109	-1.015655585	-1.0693706145	0.7415200040000001	-1.3092425856	-0.9964286119	1.5978102785	1.9286411313	-0.3572930387
P330	1259.11141	19.3	C18	POS	1.2009444516	-1.3973912003	1.0113742528	0.1631843116	0.3153074062	-1.2968345414	0.1603214556	0.8197937274	0.5232587466	-0.6971960268	1.6834030007	-1.5683220035	1.0027098336	-0.6466470024000001	1.1615455289	-0.6559931813000001	-1.2338712089	-0.5455875501
P331	469.36507	15.195	C18	POS	-0.7538795855	-1.7765000896	0.8641824287000001	-0.3529111545	-1.1623005993	-0.4498073635	0.9256252035	0.4447255371	1.0435036927	1.2647839967	0.8407602017	-0.4235282999	-1.6067635101	-0.1837262629	-1.3311180442	0.6704721897	0.5394878048	1.4469938547
P332	623.5034	16.964	C18	POS	-1.2466607971	0.2647265843	-0.4452810985	0.2113218047	-0.8530767324	0.6574896531000001	0.9639872432	1.0731202349	0.9702961362	0.7836102524	0.155665716	0.5779194305	0.5647484646	0.7490797376	0.7006830107	-2.4561571201	-1.2805875754	-1.3908849447
P333	830.56568	18.233	C18	POS	0.545797124	-0.0691648289	0.5269491051	-0.4417511158	0.7710785257	-1.4037710694	1.6412335871	-0.2585001401	-0.1565660568	1.0526115209	2.1061443503	-2.0560480906	-0.8294867258	-0.5828123350000001	-0.4495703574	-0.5216916317	0.6074482849	-0.4819001465
P334	690.50719	16.905	C18	POS	-1.0326375487	-0.8954317317	0.139654654	1.4135851897	1.0955020275	1.7998088077	-1.3939032472	-0.5623441291	-0.5453913679	-0.6004634595	-1.0778195246	1.1110474776	-0.4740831968	-1.0907682573	-0.5348240081	1.0720568065	1.1551522646	0.4208592431
P335	952.8324	23.785	C18	POS	1.5266898585000002	-1.1596653659	-0.3743997105	-0.7845790392	1.1814414026	-2.2024590903	0.7259585579000001	0.3673648221	0.4704886281	1.540787108	1.3682662313	-0.2251070783	0.1421197601	-0.2056834632	-0.2222705286	-1.0726650064	-0.925523931	-0.1507631551
P336	1599.12154	17.899	C18	POS	0.7232629507	0.4054705682	0.811116504	0.4303755144	0.5775055284	-1.4855619192	1.1299912211	-1.7286203885	-0.5912629931	-1.0774513672	2.0104553255	-1.4717125821	0.6666156324	-0.9355510911	0.7171876277	-0.0954737387	0.1790206899	-0.2653674826
P337	752.5606	18.529	C18	POS	-0.1140168794	0.8422717575	0.431215391	0.4859137742	0.4612881504	-2.088027371	1.144175924	-2.1193846771	-0.2502542336	-1.3164924841	1.5294197942	-0.9752390183	0.4645937526	-0.3790483699	0.2213270178	0.4841626235	0.7609063344	0.4171885137
P338	575.50334	15.764	C18	POS	0.1297031303	1.0614586946	0.0363052494	0.5880945125	-1.7340615697	0.6112790332	0.4270810663	0.3217633926	0.6820465050000001	-0.1558360824	0.0681569323	-1.4271813703	-0.7951290835	-0.9967656293	-2.1912989177	0.9875577606	1.0195164843	1.3673098917
P339	516.51398	17.452	C18	POS	1.1597945651	1.0423013421	0.0912014356	0.6249181352000001	1.1385715988	0.3601570918	0.5958484381	-2.077760436	-0.9015117418	0.1757625163	-0.7468934827	-1.6311689075	-0.5210139357	-1.4935637053000002	0.309237597	0.5856739359	1.4311180196	-0.1426724665
P341	859.53415	14.841	C18	POS	-1.5047892137	-0.1493028368	-0.6618317039	-0.0397873551	-1.2388219279	1.5290003499	-0.532097687	1.1650003529	0.5087855072	-0.2690125655	-0.9645848213	1.6764172746	0.2942300446	1.6425295937	0.7041593108	-1.2220947634	0.0185652402	-0.9563647993
P342	1617.16385	18.233	C18	POS	-0.8407040951	0.5480338063	0.3508834493	0.3036605689	0.4518796022	0.4755865218	-0.3572778454	0.6095693392	-0.4951439314	-3.7958699254	0.6844544227	0.3899959406	0.1690520134	0.2769892495	0.1217137852	0.215139905	0.3777919155	0.5142452775
P343	742.56144	15.949	C18	POS	0.2233108773	0.5323218482000001	-0.4106159558	0.3085840058	0.5220658741	1.2770314984	-0.1033320318	-0.6288572087000001	-0.9807245645	1.7845992267000002	-1.3289744628	0.6022143786	-1.5221568855	-1.1601212643	-1.1826060003	-0.1723864322	1.9004829334	0.3391641633
P344	821.53277	15.444	C18	POS	-1.602764283	1.257669066	-0.4201567153	-0.6580080174	-1.3266111782	0.9053200119	0.7993235095000001	1.4590949777	0.7368832836	0.6316504472000001	0.0016121691	-0.1865119898	0.9850611353	1.1711510797	-0.3297085991	-1.5827839946	-1.2845212747	-0.5566996278
P345	447.38317	15.272	C18	POS	-1.0025456182	-1.6788138335	0.5167844239	-0.1961571434	-1.3236547917	-0.3113663029	0.8880714324000001	0.6050318323	1.0266523465	1.4034099388	0.7683131921	0.0541699309	-1.4891392214	-0.0006139677	-1.5967462622	0.7137178393	0.2383045385	1.3845816661
P346	1464.10168	17.995	C18	POS	0.3652581307	-0.8733649101000001	-0.3889698515	0.2924319667	0.0601677142	1.5935656866	-1.3419039297	-0.70276538	-0.9898277692	-0.033676214	-1.1850796637	1.3047704805	-0.8653127168	-0.8599092700000001	-0.6047841457	1.4443465308	1.6407648189	1.1442885224
P347	1502.16531	16.914	C18	POS	-0.694302253	0.8229793613	-0.029101764	0.3341701682	0.6083129344	1.5537566976	0.7682220749	-0.5985446873	-0.0583941294	1.9844020163	-0.496733323	-0.3061263551	-0.8539146870000001	-1.4409352854000002	-0.063324384	-2.1710983306	1.022256636	-0.3816246898
P348	725.55649	16.651	C18	POS	-1.2624567411	1.118452843	-0.3330409105	0.6139603760000001	-2.2180577584	-0.1292133222	1.5343626542000002	0.1494002035	-0.1167318001	-0.3054616234	1.7652854265	-0.6592696365	0.6217110204	0.8075647370000001	-1.0584050016	-0.2884937741	-0.9641060327	0.7244993399
P350	510.356	11.138	C18	POS	-1.2741163682	-0.2778036828	-1.1494744833	-0.1427299696	-0.8386075116	1.1370565284	-1.1252382342	1.7221351118	0.5825097247000001	0.4872958778	-1.4274745967	1.2852427329	0.3042072053	1.7024329946	-0.1503285149	-0.0954475535	-1.1338107281	0.3941514674
P351	1574.11732	17.979	C18	POS	-0.4003756641	0.4745598999	-1.0627759911	-0.4101792874	-1.1018133684	1.2042997762	-0.3202956851	1.5406292767	1.4038771605	0.9745348676	-0.8549205308000001	0.4769737007	0.0971088141	1.6639958901	-0.1825496034	-1.6221205752	-1.1471329764	-0.7338157040000001
P352	750.5072	16.398	C18	POS	-1.3127245518	-0.2996340461	-0.2870030526	-0.2690351595	0.0767527748	0.1423370603	0.3883920686	0.8041850277	0.6281947856	0.755476362	-0.0724809491	1.5668166168000002	0.8176845866	0.8997756353	1.2346220267	-1.3638663937	-1.7130187275000002	-1.996474064
P353	547.47194	17.636	C18	POS	1.0637046818	-0.759098083	0.598522506	-0.0481897165	-1.0348302599	-1.091087238	-0.0785382925	-1.1514395202	-0.0598980941	-0.9353669083	0.9501529948	-2.1191775402	1.3112254754	-0.411065086	1.6127944915	0.5966655379	0.8514138790000001	0.7042111721000001
P354	533.32605	5.871	C18	POS	0.4581248892	0.8008727608	-0.0193105928	-0.0254154161	0.6273118048	-1.898604041	0.5662149424	-1.2981659317	0.8938165769	-2.2755725496	1.0783841351	-0.8164185215	1.0536541565	0.1706801696	1.3801026103	0.0504490509	-0.451056565	-0.2950674789
P355	1619.18404	19.124	C18	POS	-0.4464210599	-0.1686141169	-0.8758373668	2.4844744902	-0.2254959792	0.1259936747	-0.8933128903	-0.2085752632	1.756437991	-0.5110610003	-1.5001422341	-0.4751853582	0.6027798648	1.730433432	-0.6836168628	-0.5049352362	-0.1177702776	-0.0891518072
P358	796.7391	23.271	C18	POS	1.1117263659	0.6234253024	-0.8992916231	-0.2802652002	0.5344807059000001	-2.4260792037	-0.4103758291	-1.4848851926	0.3082733669	0.8521097072	0.0370795627	-0.5250236642	-0.0728790003	-1.1315823238	0.1912615543	0.9054896131	1.6049956036	1.061540255
P359	460.26955	7.215	C18	POS	-0.0248252519	-0.1193331545	0.4773001149	-0.2954958957	2.1751159926	0.998080547	0.1284510111	-1.1415838806	-1.255229354	-0.3403220003	-0.9435062997	2.0156678125	-0.776090845	-0.9666740756	-0.4501999272	0.1298060656	1.2304114487	-0.841572308
P360	719.56995	16.094	C18	POS	-1.021606629	1.8382878952	-0.8225031342	0.7159250994	-1.2305380876	0.0652722369	0.9233277505	0.774360271	0.9656258801	-0.3155405508	0.6646015873000001	0.1879060445	-0.9433133999	0.0637614604	-2.5672186368	0.1661818705	-0.0877953694	0.6232657117
P361	894.40054	11.972	C18	POS	-1.6514986436	-0.5411719431	0.0102377582	0.1160320805	-0.6746013543	0.9726922995	-0.0708332827	0.1344439874	0.2827983875	0.2718611287	-0.9361693443	1.7615453384	-1.6481718346	1.1087098773	-1.596304047	0.9340261719	0.1009270482	1.425476372
P363	462.26759	5.871	C18	POS	0.4458894127	0.8109234587	-0.0658097727	-0.0451570654	0.6260042717000001	-1.8614233785	0.5703969179	-1.2850911513	0.8888567084000001	-2.2793854998	1.0903124487	-0.8139415274	1.0679478269	0.1591927568	1.4061834792	0.0674485493	-0.4714512101	-0.3108962249
P364	617.51142	19.178	C18	POS	1.4803475304	-0.2269071065	0.8115060334	-0.3351780971	-0.1371968609	-1.9491819119	0.7396366161	-0.8585561039	-0.2482405628	-0.1632038753	0.9586512501	-2.5632003353	0.499395955	-0.5151722982	0.6605980482	0.4050852676	0.9966752361	0.4449412152
P365	656.52494	17.62	C18	POS	1.1629317809	-0.3945538844	-0.0238172863	-0.611673778	-1.5713318932	-1.8047548714	-0.0660164074	-0.3354709412	0.2224318377	-0.7152788868000001	0.6109215638000001	-1.9144730684	1.3320870021	0.5110629525	1.1973381028	0.5014456188	0.6753016460000001	1.2238505126
P366	879.74066	23.449	C18	POS	1.4468868245	-0.5117190056	0.9096315978	0.3074355003	1.4478763193	-1.9567999647	0.8347267110000001	-1.1486536446	-0.2631126606	-0.237245297	1.3251802518	-1.7807077233	0.0734147805	-0.9916723266	0.8219808864	-0.2243257795	0.0523440476	-0.1052405173
P367	744.59215	20.389	C18	POS	-0.1879985242	-1.2802366719	-0.5248399888	-0.6330403319	1.0590816854	-1.1270576624	0.2848440387	0.6025192258000001	0.9873488637	1.6796024932	0.9270876306	0.7761567450000001	0.9085945234	0.9345559518	-0.3510153309	-1.2138217757	-1.7541836737	-1.0875971982
P368	915.81201	23.449	C18	POS	1.6588994988	-1.1601808155	0.8231094975000001	0.1773140835	1.2866790302	-2.0907346487	0.7914048323	-0.5732178026	0.0765120814	0.300045578	1.3415746415	-1.6107310083000002	0.2845089697	-0.7825662132000001	0.5635724713	-0.8069022139	-0.2402652169	-0.039022765
P370	1506.05522	17.231	C18	POS	-0.045704252	-2.324301548	0.5102064368	0.9106629056	0.3318823928	1.5179798962	-2.7883637746	0.3150837339	0.0078652837	0.4675435806	-0.3548566733	0.3682575514	-0.2786233508	-0.1092125569	0.1216623339	0.3994564122	0.5787846904	0.3716769382
P372	1490.11668	18.271	C18	POS	-0.0743254202	-1.3988787475	0.1387157385	0.8955821918	2.7143541999	0.6278864670000001	-0.59384091	-0.3217490875	-0.4969069239	-0.6478953953000001	-0.452836512	0.345623287	-1.4214596733	-1.3716059711	-0.2708804096	0.9069095654	1.0262517875	0.3950558134
P373	528.3091	10.094	C18	POS	-1.2122958221	-0.4815599732	-1.0213238691	-0.294907967	-0.8239950907	1.9276222607	-0.7407657694	1.8721684861	0.7397472373	1.1531027303	-0.7198740273	1.3259257296	-0.4017280101	-0.0466408336	-0.3969028232	-0.9907783139	-0.7369046979	0.8491107533000001
P374	884.76979	22.895	C18	POS	0.3731191886	-1.4223003324	-0.037105492	-0.6665913509	0.3432229671	-1.2432695019	-0.1437850389	0.4757623061	0.0841796695	1.1493641658	-0.0215262335	1.0691946398	1.1695546508	1.0585607187	1.6223824454	-2.1012320116	-0.7745910321	-0.9349397585
P375	878.56926	17.168	C18	POS	0.4769276184	0.5838471704	0.078568079	0.9716336075	1.5254006728	0.244928835	0.0332478684	-1.0310815769	-0.35127519	-1.0267842105	-0.5107966902000001	-0.2259319717	-1.0814473963	-1.2268156895	-2.0992442145	1.3656143525	1.209522564	1.0636861717
P376	1593.16762	18.785	C18	POS	-0.4243874149	0.4282797301	0.8952717684	0.6527290642	-0.8297319764000001	0.0161161972	-0.5685483013	0.3709860569	0.3191995899	0.420498285	-3.451488587	0.1818918281	-0.4181105966	0.5713092083	0.8193828531	0.0031321029	0.7905514998000001	0.6434169775
P377	787.67048	14.568	C18	POS	0.0760992558	0.3209040415	3.5788796368	0.615409085	-0.7081631632000001	0.3459762265	-0.7305487707	-0.7405682734	-0.4580537938	-0.3159075082	-0.9582536802	-1.1270901421	0.1558950082	-0.4374969168	-0.2755728717	0.3311194708	0.0092235512	0.3181488443
P378	828.55342	16.945	C18	POS	-1.9417722774	0.2288210858	-1.1332893118	0.7823042656	1.0618427405	0.0205329891	-1.15379185	-0.2767923247	-0.55907215	-0.2460029637	-1.3982522879	1.3752280361	-0.7230228163	0.2480512014	0.0195969722	1.4555681427	1.5158329624	0.7242175861
P379	786.5038	16.959	C18	POS	-0.6843795427	0.2736678956	0.8183398899000001	0.1945916024	0.1684844148	0.1488374768	1.3735163695	0.0335300998	0.393021284	0.1789292365	0.463219244	-0.3285780747	0.6771160860000001	0.3057201062	1.2722896156	-2.9179749356	-0.5497628281	-1.8205679401
P381	601.51892	23.34	C18	POS	0.8518133727	-1.5252190449	-0.2252956487	-1.0275573487	0.3060444979	-2.1039198977	0.1734860772	0.4973056768	0.6527449913000001	1.4309139289	0.8228476573	0.045854754	1.0943471321	0.502219832	1.2311754374	-1.3780246504	-0.9162916446	-0.4324451226
P382	1561.19991	21.082	C18	POS	-0.1674908559	0.0529290384	0.5299739675	0.3204679306	0.8867049171	-2.197642993	-0.0622480232	0.5369969552	0.3661050162	-0.0686280704	-0.5052817606000001	0.6977480128	0.2040175416	-3.0044330385	0.1501625132	0.7811296781	0.7637259162000001	0.7157632547
P383	621.54518	19.296	C18	POS	1.3180499078	-1.5424881961	0.8450502771	-0.4545692141	-0.314378319	-1.3208042203	0.8910846001	0.4203874116	-0.0282885895	-0.3530697958	1.9599422172	-1.8096373385	0.9017449895	-0.3083982458	1.1008439267	-0.423115639	-0.7717714285	-0.1105823434
P384	604.60259	19.713	C18	POS	0.3686880883	1.1597370136	0.6962467339	1.1366919927	0.4261439853	0.6571200672	-1.5223369856	-0.1753907606	-0.7629459284	-0.5858508627	-1.5299951352	1.2181970316	-1.6390823247	-0.611221703	-0.8069155641	0.4051554614	1.7650021075	-0.1992432172
P385	1587.2153	21.411	C18	POS	-0.5540432641	0.4303844189	0.1563339133	0.8870711616	0.9518713064	1.0775128433	-1.1665626414	0.1861672422	-0.1823511262	-0.1200058066	-1.2294495606	0.2638616386	-0.965321324	-0.1646785959	-2.7068822601	0.8824523603000001	1.1083301301	1.1453095641
P386	728.52296	16.953	C18	POS	-1.8051281429	-1.5085552539	-0.1625120433	0.8481915358000001	0.0433612197	0.9711821793	-1.6132123108	0.8964102432000001	-1.9631061898	0.3008271398	-0.2470356143	1.1601144147	0.5362233772	0.7313133065	0.1331026593	0.8437260642000001	0.1756389567	0.6594584586000001
P389	759.63807	19.232	C18	POS	-1.1316874715	0.7132246059	-0.164120153	1.225238967	-0.4046628899	-0.5795383363000001	1.4551644811	0.3081716698	-0.3262269787	0.7376500335	0.7999288193	0.588422118	0.1251741824	1.1086295792	0.5136833646	-1.4702956003	-2.2702734169	-1.228482974
P390	724.63064	16.764	C18	POS	1.5145875828	-0.1766876749	-1.2637898844	-0.7755951372000001	-0.8038584736000001	0.0250939138	1.3766809305	-0.5050503575	-0.7712990747	0.0070224165	1.5178831703	0.0113390417	1.7194002784	-0.7731025741	-1.1917076412	-0.6306260533	1.3964422529	-0.6767327161000001
P391	506.49307	16.434	C18	POS	-1.1900192196	1.6324232923	-0.9322729442	0.3451630946	-2.1228586835	0.8908815566	-0.0361189215	1.1224473659	1.0910926116	0.46790129	0.0900113984	0.8917777227	-0.4669501254	-0.166165676	-1.7328193016	-0.5748590882	-0.0668370132	0.757202641
P392	759.57262	19.438	C18	POS	0.6570012154	1.9143073027	-0.4335334046	-0.3100347279	0.1702444766	0.9533154295	-1.6053765099	-0.5633100037000001	0.6195943212	-0.9174501529	-1.7434229535	0.0638330454	-0.3945337987	0.4893549678	-0.3499845773	0.2872656192	0.4168464958	1.3968072728
P393	944.86491	25.081	C18	POS	1.0014880587	-0.9644784074	-0.7764047849	-0.7562675156	1.8299097064	-1.5095063395	-0.9483347249	0.6632460813000001	-0.832823343	0.8574058655000001	-0.8459268975	1.1413314528	0.7681576761000001	-0.8412512602000001	0.9965798162	1.2756162761	-0.5353157571	-0.523425903
P395	311.25835	18.512	C18	POS	0.9434043813	-1.3835845862	0.1507152887	-0.0438895499	-1.6724999814	-1.665677073	0.0476391241	0.6531548354000001	0.9372585011	-0.9156791837	1.4269161999	-1.841124492	0.5674776108	0.7135907059000001	0.4621914011	0.6244950507	0.2773592238	0.7182525433
P396	944.7703	22.42	C18	POS	-0.8903771227	-1.8239013463	-0.3252959583	-0.7220916119	-0.3013916287	-0.5428307584000001	0.3256868436	0.8682896083	0.4111405839	0.808063088	0.3703227306	0.9685499408	1.4049201327	1.4931014639	1.3743128259	-1.4185009836	-0.9424733232	-1.0575244846
P397	802.53753	16.897	C18	POS	-1.0958203767	0.6199311094000001	0.6997987711	-0.2912286212	-0.1878097315	-0.5450530534	-1.2083126859	1.6151405208	0.7923909154000001	0.2983003337	-2.1417859431	-0.5900036506	0.7889699854000001	1.5069443329	1.2858458626	-0.4516714944	-0.080866252	-1.0147700225
P398	1639.15272	17.937	C18	POS	0.0643551514	0.9797803015	1.0886693841	0.77107992	2.3710169557	1.2514676427	-0.4375998661	-0.469823084	-1.124517939	-0.0765645296	-0.3089782216	-0.5009940147	-0.8345085641000001	-0.5727394871	-1.3731988538	0.3713949317	0.4665270636	-1.6653667907
P400	889.79642	23.344	C18	POS	1.8702990157	-0.888964266	1.037587693	0.3741737328	0.7557512446	-1.6573811422	0.3681203612	-0.9603053929	-0.8638173105	0.4242457477	0.9343748014	-1.8028928889	-0.0781692722	-1.237661654	0.615365974	-0.2632560556	0.9526295976	0.4198998144
P401	840.70711	21.902	C18	POS	0.0099594485	-1.3533122026	-0.7794418091	-0.871890563	-0.6891284165	-0.7182839762000001	-0.4103106137	0.7149003452	0.061321113	0.7296990360000001	-0.5611188457	1.7086976331	0.9837408835	1.7547876895	1.8151468661	-0.9487668647	-0.913175916	-0.5328238073
P402	536.50377	16.219	C18	POS	-0.6903574518000001	1.2797282479	-0.4432310106	0.9025691464	-1.8781451897	-0.6949414452	-0.1038323613	0.6389094226	0.7740834091000001	0.2171413221	0.5996553303000001	0.4534463446	-1.1529197742	-0.1461628587	-2.2809150847	0.3231740248	0.8250885844	1.3767093442
P403	755.55639	15.84	C18	POS	0.2438776701	0.8898052827	0.2796745695	0.4111713824	1.015525916	0.5396983472	0.0337372251	-1.5845874548	-1.2614836848	1.1282535122	-0.1215174111	-0.0314510087	-1.2674083265	-2.0685885964	-0.9316358389	0.1750568124	1.5505437531	0.9993278505
P404	618.61825	20.136	C18	POS	-1.129280688	0.8378853379000001	0.7057957103	0.4556372766	0.2254529399	1.5242038694	-1.0571929176	0.6680442174	-0.3771162655	-0.4159874479	-1.304490777	2.4776479997	-0.9536441703	-0.9527826103	-1.0491734653	-0.263017934	0.4640674706	0.1439514542
P405	816.64895	21.331	C18	POS	0.682210131	-1.9147210436	-1.3922868651	-0.7777742686	0.7543094004	-1.9767677579	0.7997623450000001	-0.0124695577	0.1757166066	0.0266869657	1.0206743829	-0.0278856738	-0.4489299239	-0.7283921564	1.239323302	1.5581659956	0.2049052959	0.0396985533
P406	337.27397	15.433	C18	POS	-1.3689626563	0.9804742739	0.0110550536	-0.2070278017	-2.1859239926	0.2754539947	1.1939330282	1.0151380282	1.0401551111	0.8223821132	0.3880667002	-0.6253386143	0.9703963653	1.08826423	-0.3352042819	-1.1701146042	-1.1839297194	-0.7088172279
P407	603.53454	16.697	C18	POS	0.2634899229	0.854091351	-0.1244626063	0.6234946578	-0.6800724503000001	0.4923773685	0.0432419481	-0.0911725209	0.3223498534	-0.4204557108	0.0949629409	-1.747027496	-0.7172514722000001	-0.9205598713	-2.2716854253	1.2747374171	1.3010875355	1.7028545579
P408	1552.12933	18.237	C18	POS	-0.5690824218	-0.4421418268	-0.2724258435	1.7141155944	1.4778335066	-0.1426325559	-0.9599263371	1.3592232885	-0.6296225391	-0.6512448683000001	-1.3457851908	-0.5598864861	-0.6466394804000001	-0.398792051	-0.8532556195000001	1.4768377432	-0.5548977026	1.4384363042
P409	682.56141	15.716	C18	POS	-1.0596242031	1.2169699576	-1.0704072426	1.443637413	-1.402194083	1.3302492522	0.2152039256	-0.0064928196	-0.0487992862	-0.3519068433	-0.6482515505	0.5493224304000001	0.0420081505	0.3152041218	-1.8594235384	-0.4885890472	-0.1075020509	1.9305954138
P410	282.27987	10.395	C18	POS	-1.4793046798	0.8759460621	-0.4922234851	0.1550755427	-2.6640430637	0.0437880169	0.9145541372	1.0706752569	0.6572073974	0.6041227128000001	0.8999143645000001	0.1390692825	0.437652592	0.484736027	-1.7373794229	-0.4262512449	-0.1355477981	0.6520083026
P411	1524.10074	17.89	C18	POS	-0.5727374535	0.0017966383	2.5500524519	0.5482599159	0.6209657521	0.1850856782	-0.088843441	-1.3131098564	-0.4809598773	-1.2098751562	-0.0936108733	-0.8605189466000001	0.040213942	-1.0609065287	-0.3250200854	0.0222155213	2.2359299153	-0.1989375968
P413	566.32231	9.907	C18	POS	-1.5814685315	-0.5042548032	-0.9245795223	-0.2150563907	-1.4166170979	1.2671709961	-0.3802709524	2.0092720583	1.0108461259	0.5148157971	-0.2710601946	0.9215131643	0.4360948905	0.8590830541000001	0.8622324885	-1.2939118015	-0.9270382429	-0.3667710379
P414	549.48765	15.468	C18	POS	0.5318774647	0.8891723962	0.0012171533	0.6073345439	-1.0841709897	0.527103351	-0.0321148622	-0.2649957512	0.0138190875	-0.0259319324	-0.1577172795	-1.3359976062	-0.6540653786	-1.5056708049	-1.9623878796	1.2955179666	1.6649307122	1.4920798089
P415	851.70957	22.875	C18	POS	2.0653801378	-0.4487723525	0.6760772447000001	-0.397152136	0.5628071181000001	-2.2439882721	0.7402685126	-0.9529497493	-0.4288912211	0.1237072098	0.6583396299000001	-1.6725974173	0.2754844511	-0.7383631046	1.1056495746	0.4081273898	0.6963292204	-0.429456236
P416	991.67417	10.502	C18	POS	-1.1025217547	0.2256414758	-1.4066967849	0.0755012186	-1.9446810695	1.4146650773	-0.4552902391	1.9290916214	1.1181638094	0.0753153865	-0.6307897702	0.6217028976	0.5186394753	1.1920990784	-0.7322205989	-0.6682622209	-0.5009094234	0.2705518217
P417	816.57528	16.2	C18	POS	-0.9262935578	1.5204179404	-0.1201209331	0.5083115191	-1.7817548073	0.3937278484	1.1840339791	0.8199956131	0.6704927693	0.0991816131	0.8353911869	-1.4695510124	-0.4128287033	0.3663066249	-2.1482953413	-0.4557350509	0.0782422827	0.8384780291
P418	814.56094	17.627	C18	POS	1.2729407953	0.8132392292	0.8186571058000001	0.5583886261000001	0.9128377128	-0.5993349942	0.7329714024	-1.5780962439	-0.2720345893	-1.1087114563	0.3909324218	-2.1363869633	-0.0739942445	-1.6500091806	-0.2842090273	0.6676421377	0.9451217701	0.5900454982000001
P420	892.79477	22.543	C18	POS	1.830172277	-2.2619671699	0.510801935	-0.5476158768	0.6992794377	-1.7173764517	1.3537368745	-0.2330729876	-0.2431848674	0.9565923365	-1.1758125645	-0.4177503854	0.494124586	-0.0580877673	0.0042691528	0.1629118767	-0.242341078	0.8853206725
P421	1577.13575	18.234	C18	POS	-0.8964552455	0.480344706	-0.8822003769000001	0.0718956195	-0.6691003876	1.2874563624	-1.4073445809	1.3318289013	0.8589612469000001	1.5186792558	-1.8560210322	0.9194167254	-0.9610315981	0.7951833387	-0.8518150877	-0.5198129618	-0.3998207788	0.2833806478
P422	718.57483	19.188	C18	POS	-0.3835092255	0.6762669141000001	-0.4272047429	0.7422939365	-2.5132119772	0.4800206052	1.3745800183	0.1705034129	0.0899286442	0.6915897008	1.1592657788	-0.3194803979	-0.1028094271	0.4810884402	-2.3585239535	-0.22210488	-0.1593153435	0.6206224965
P424	820.62049	21.191	C18	POS	-1.8737979526	-0.1150861607	-0.6263838111000001	0.3956676501	-0.5717277505	0.4980400547	0.7035462729	0.5467054673	0.7502825675	0.7219430775	-0.4597066752	1.8363023644	0.5113129914	1.3553597543	0.4240360942	-1.3565072204	-1.2741793532	-1.4658073705
P425	812.54432	15.286	C18	POS	-1.6162062038	0.9811688579	-0.7558941625000001	-0.493082937	-2.2379553566	0.8426004796000001	0.4813474976	1.1788094827	1.1262577795	0.5772882862000001	-0.1239300839	0.2382713158	0.6473811857	1.5400355423	-0.7731148246	-0.8189358286	-0.7307092513	-0.0633317791
P426	785.58907	19.937	C18	POS	0.0946595123	0.3588159434	-1.1883495196	0.4764719418	0.9507653243	-0.6044380583	0.2028256326	-1.3569145977	-0.0972974882	0.7600323103000001	-2.2492695706	-0.3228600874	-0.5975063876	-0.3589048027	-0.4294570711	1.6243140135	1.7334656627	1.0036472421
P427	636.62903	20.133	C18	POS	-1.0518379824	0.9529135243	0.4729130429	0.5357974773	0.2686308124	1.5506046233	-1.212169207	0.6073715457000001	-0.4373166146	-0.414972512	-1.2113460609	2.5230671331	-0.8443715844	-0.801636494	-1.1896649279	-0.1598686307	0.408588326	0.0032975287
P428	1536.10226	18.086	C18	POS	-1.1793810378	1.2347896007	0.3955947153	1.6619561155	0.5207656655	1.0947739236	-0.841850312	0.3655400277	0.3737653453	-0.0439861871	-2.1736260371	-0.6784357913	-1.4052425408	0.0121071015	-1.0850714379	0.1604028008	1.0042707533	0.5836272948
P430	813.68626	14.604	C18	POS	0.6310112365	0.986323539	-0.1252817204	0.4957873944	0.0419537751	0.5422247882	-0.2162525188	-3.5158515395	0.3103594693	0.1663860189	-0.8229506672	-0.5805219879	0.3083813673	-0.4228568739	0.941856532	0.9612664452	0.5940537766	-0.2958890348
P431	744.59082	19.231	C18	POS	0.3880577835	0.4577929064	0.3225756361	-0.0632792881	-3.2989847731	0.1375612196	1.5432434925	0.7409466121	0.6228397687	0.3823259203	0.720967274	-0.0613908033	0.2043438051	0.2064655356	-1.3253276977	-0.4661987745	-0.7313778737000001	0.2194392567
P432	911.56215	16.203	C18	POS	-0.0518829451	-0.3891624866	0.6418908379	0.8872875797	2.1571142672	0.5332666825	-1.4304984594	-0.9485714976	-1.3756494158	-0.4166420876	-1.5844494381	-0.0345438034	-0.6193248999000001	0.065452226	-0.0125598393	1.1735850415	1.5489171781	-0.14422894
P433	833.58586	21.321	C18	POS	-0.0501357819	-0.3607751546	-0.1876329429	-0.3317007613	-2.3484805373	-0.2225738822	0.0768091201	0.070254039	0.2788890429	0.4740678929	0.246956899	0.1470221313	3.3617287868	0.0352616175	-0.124468189	-0.5222962858	-0.3789441096	-0.1639818851
P434	300.29032	10.422	C18	POS	-1.4868859956	0.9313382629	-0.5216327962	0.1623531478	-2.6665167396	0.1193305737	0.7917969502000001	1.1109271496	0.6885981355	0.5171492359000001	0.8825676804	0.1938303806	0.4104451809	0.4996311374	-1.7194929191	-0.4188210701	-0.19546729	0.7008489757
P435	1233.09558	19.25	C18	POS	1.4115486938	-1.4625402479	1.0915844295	-0.916886381	0.222484323	-1.8533006014	1.1361145972	-0.6657053079	-0.6090532830000001	0.1250474684	1.5584225164	-0.1304328699	0.9038860008	0.0927072049	0.8545962634000001	-0.6995027008	-0.7532578161	-0.4361451592
P436	337.27386	18.714	C18	POS	0.8850513803000001	-0.7412465634000001	0.3910368605	-0.7435803858000001	-1.5942859352	-1.9931443606	0.5164543811	0.840339676	0.9273775358	-0.3339581119	0.9955028109	-1.0029270672	1.1364839065	1.3505153959	1.1296357255	-0.6893034398	-0.7134871941	-0.3604646145
P437	836.61253	19.728	C18	POS	1.9577091614	0.7010043157	-0.2500217155	0.3271636437	-0.0448882609	-0.3091628356	-0.6317321315000001	-1.9326898167	-0.6641219437	0.522135105	-0.4387964872	-0.2966070198	-1.2775524554	0.1174429473	-0.8670388738	0.3329188684	2.3718074302	0.3824300684
P438	622.61335	19.704	C18	POS	0.0619158575	1.1021970334	0.8176630294	0.7607162287	0.4103213336	0.8880082477000001	-1.1821525243	-0.0143638022	-0.8434033384	-0.8054004692000001	-1.4275866205	1.2488108242	-1.8447098302	-0.5429108345	-0.9822088042	0.6883010168	1.7543392115	-0.0895365593
P439	448.29097	10.052	C18	POS	0.6028112196000001	0.3342215156	0.4299779688	-0.8945413154	3.3755815324	0.2709147255	0.256435078	-0.793671643	-0.575060887	-0.3581765257	0.9667654486	-0.0340953098	-0.4064404451	-0.5478330734	-0.5316872699	-0.1183729879	-0.6240762841	-1.3527517473
P440	822.56436	16.304	C18	POS	0.1641931534	-2.7274987104	0.9430079016	-0.6800693572000001	-0.2357013019	-0.066640173	0.3578947091	0.7047114669	0.4617188919	0.3730817012	-0.1179714373	0.7940424408000001	-2.2852204993	0.4766950059	-0.1379402627	1.3537482176	0.2562343177	0.3657139359
P441	830.72316	22.218	C18	POS	-0.9227543245	-1.5421960198	0.2358794514	-0.3516517591	0.3477971947	-1.5128111153	-0.5195796922	0.4532044	0.2573700928	1.0620586481	-0.3077772895	1.2927634704	1.2011412001	1.2603006267	1.6991988663000002	-1.0471422591	-1.2727875525	-0.3330139383
P442	632.52497	17.711	C18	POS	0.8328242872	-0.7768042276	0.3474480751	-0.3032349602	-0.5364977114	-2.0251188727	0.1279961873	-0.1422436475	0.066905203	-0.9697544197	0.9845509884	-1.4027612329	1.6095355764	0.8522922152	2.1334223242	-0.5265855831	-0.1362516118	-0.1357225899
P443	362.23689	12.28	C18	POS	-1.9773785346	1.2163295223	-0.7626454209	0.7827133911	0.833665206	1.4384276072	-1.1693930203	0.7661446117	0.6372156683	0.5795284101	-1.6351581514	-0.2817660756	-0.8413774604	1.1023505571	-0.3672226115	-0.1685814037	-0.8196088162	0.6667565208
P444	583.32474	10.314	C18	POS	-1.2104154948	0.2045625437	-0.4441080015	-0.6886042653000001	0.1693366914	2.0834178968	-1.1369612393	2.0114226285	0.4086843992	-0.4812858569	-0.9123943246	0.6741088023	0.7875413317000001	1.0487493011	-0.6048600107000001	-1.3940029326	0.1073572569	-0.622548726
P445	853.72553	23.327	C18	POS	1.8488257293	-0.1164065081	1.1716528096	0.5969927057000001	0.187780092	-1.3800310987	0.28232949	-1.3585154137	-0.4380577263	-0.4194662822	0.9046978283	-2.0728934968	-0.2193449488	-1.2877279158	0.3514667362	0.2840392646	1.1444047005	0.5202540343000001
P446	1679.50955	23.336	C18	POS	0.9014501952	-1.3333672303	-0.0522684723	-0.2474995247	-0.6067263059	-2.0732605052	-0.8628804955	-0.2804831951	1.1142384961	1.9236647011	0.2419308231	-0.8105152461	0.2578443333	-0.3430695954	0.1599691651	-0.5544012204000001	0.8407652728	1.7246088042
P447	794.56608	19.0	C18	POS	-0.2913897174	-0.2446073984	-0.1094979076	0.1875136994	0.6453243421	-0.3136878769	0.8788866420000001	-0.8230745075	-0.7224219625	-0.1769280213	3.4685797961	0.1666156843	-0.9284822833	-0.4361373127	-0.9989299779	0.1072990573	0.1638110387	0.0146236304
P448	1502.11662	18.398	C18	POS	-0.3708912173	2.2556578315	1.3517101251	0.4256734328	-0.402010137	0.3685504509	-1.9799703945	-0.0618711211	-0.3676725524	-0.9807103633	-0.3319776073	-0.3596602033	-0.769523756	0.052115533	1.5610667163	-0.3488112462	-0.4844133825	-0.2601309332
P449	878.57626	15.346	C18	POS	0.4833109574	-0.7486048395	0.5297988021	0.6490908419	2.184613967	-0.3195715905	-0.9699927379	-0.1665337837	-1.6253141063	-1.191408636	-1.1013616573	0.5946645503	-0.9576957566	-0.5423346558000001	0.2576148793	0.9171361893	1.6744789358	0.3321086404
P450	313.27402	18.417	C18	POS	1.2800515693	-1.0162984556	-0.1778920445	-0.4573636028	-1.5293729156	-1.8010606592	1.0850637562	-0.4637415745	0.7350252399	-0.7541529570000001	0.7855301564	-1.5924747030000002	0.5915970684	0.5119684081	-0.2639186228	0.8887431955	1.0325248089	1.1457713324
P451	804.70798	22.08	C18	POS	-0.1764214471	-1.9588608195	-0.2966109332	-0.6014382787	0.2088759447	-0.579031143	-1.9022605181	0.3599556532	-0.3197677723	0.7463810347000001	-0.2905755365	1.6728598609	0.9631283477	0.9619186867	1.9224701307	-0.0595028633	-0.6779941269	0.0268737802
P452	664.58758	19.508	C18	POS	1.6610740279	-0.9146901851	-0.4244007632	-0.253059359	-0.2201598506	-2.0426922048	-0.308133732	1.4164471069	0.9092616979	-0.5221626328	0.9361952704	-1.2649393796	-0.4725231866	0.4200029186	-1.1381660171	1.0513569865	-0.0415357685	1.2081250712
P453	912.80089	23.375	C18	POS	0.0784529626	-1.5906074755	-0.2357223668	-0.5144410992	2.1472598287	-1.2155379903	-0.4448938428	1.2959578594	-0.2698944801	2.1275121101	-0.1226201224	0.3673977962	0.2267443419	0.1105560912	0.4395409702	-0.8073634512000001	-1.1513417879	-0.440999344
P454	907.53131	15.008	C18	POS	-0.7111978141	-0.6541845145	-0.0041390149	-0.5775973876	0.1975222253	0.9947240057	-0.8626237674	1.265838182	-1.8772313794	0.0003303186	-1.1462067292	2.239205087	0.3300740141	1.2117877015	1.0388532458	-0.4802754683	-0.2057932906	-0.7590854137
P455	766.65607	20.595	C18	POS	0.5831312597	-0.4690530677	1.6448834815	-1.0707555899	-0.2900613363	-1.6964080441	1.0292960601	-0.6800287373	-1.331240308	1.3567332881	1.2018335462	-0.7291239711	0.6628735861	-0.2485043813	1.1887103299	0.439631749	-0.5309630255000001	-1.0609548395
P456	1126.04564	17.478	C18	POS	1.2833194762	0.7050093907	0.5818635714	0.5073848076	1.1085474848	-0.3984868615	1.0295037304	-1.6078232435	-0.6914502951	-0.0325077469	0.3637037731	-2.1485755122	-0.7368378191	-1.6074368318	-0.2535932162	0.5640533388	1.215051615	0.1182743383
P458	587.46448	17.634	C18	POS	1.0934567953	-0.5331672980000001	0.7881684948000001	0.1707170919	-0.4029012391	-1.1548100567	0.4284621548	-1.5109273155	-0.0948616967	-0.8664850357	1.0975683401	-2.3901662532	0.970986362	-0.7174642444	1.2502567899	0.5454865566	0.7913053237000001	0.5343752302
P460	599.50342	17.12	C18	POS	0.0113487283	0.360799773	0.8541403667	1.8390357596	-0.0671391304	1.1237359181	-0.1244352385	-0.5273890891	-0.5529460721	0.1018384377	-0.9023496395	-1.103125803	-1.911774341	-1.2651076247	-0.6580500911	0.2399596738	1.9120095106	0.6694488616000001
P461	327.22724	12.285	C18	POS	-0.9858072782	1.2455633945	-0.6634966474	0.7303342476	0.8741815891	1.423260622	-1.4064773411	0.956370706	0.9372236877	0.6110663605000001	-1.9735733536	-0.9768729656	0.1172838587	0.3715057537	0.6699495193	-1.2290148541	-0.7763412948	0.0748439957
P463	636.49634	17.388	C18	POS	0.5042649552	0.8486270283	0.0068112199	-0.6983512881	0.6594978410000001	0.3857782082	1.147728122	-0.6518948360000001	-1.2809163767	1.0042936672	0.0581971514	0.0402604858	-1.554095347	-2.0078470034	-1.279380971	0.7764704391	1.6484180782	0.3921386259
P464	943.84463	24.094	C18	POS	1.1061247322	-1.0823059411	0.7998932797	-0.7654964444	1.9324224666	-1.322377766	-0.4143486983	-0.987783102	0.5760494207	-0.565020476	1.2019375692	-0.907134152	-0.3739531257	-1.0754426599	1.0369242212	0.8572194776000001	-0.9367202047	0.9200114031
P465	1623.21484	20.828	C18	POS	-0.113990662	0.6877124656	0.5165923535	0.9895414246	-3.607984076	0.1576986527	0.0691217433	0.4736285206	-0.1177000887	-0.1564112666	-0.8670408287	0.7270309819	-0.4640359385	0.6328298583	-0.4351790307	0.7745847634	0.3245171218	0.4090840054
P466	840.68541	21.392	C18	POS	0.1846312615	-1.6569989904	-0.5622615891	-0.9651268441	1.2244629136	-1.0072957158	0.7874174448	0.2653079166	0.6976375813	1.4926569656	1.4259431309	0.5738674993	1.0251617247	-0.0218816386	0.1940244608	-1.3275730949	-1.4149965625	-0.914976464
P467	547.47183	22.654	C18	POS	1.3623472915	-1.8818752094	-0.3237691307	-1.3255359875	-0.1340306835	-2.0720926477	-0.4706306757	-0.0739690185	0.2083518808	1.6563870817000002	0.0978832808	0.3838788564	0.9654475527	0.1585541841	1.4621566162	-0.1586206739	0.3250831521	-0.1795658693
P469	776.52223	16.602	C18	POS	-1.3387210163	-0.4621693288	0.0302721392	0.3310231073	1.4608138914	0.5548376780000001	-0.7879426265	0.6984833593	0.2221116995	0.4576276691	-1.1645824738	1.6345362932	0.7267875137	0.5170052611	1.2404477942	-1.264249226	-1.2963527234	-1.5599290113
P470	754.53628	17.987	C18	POS	0.8421069021	-0.2909000526	0.4301483142	1.2019901731	1.1181416636	1.2030284066	-0.9972175642	-1.5221115374	-0.9804093694	-1.4369434349	-0.7560377002	-0.0058960611	-1.2301902946	-0.4721577604	-0.3650678042	1.0145792876	1.6462946801	0.6006421517
P472	590.32196	9.993	C18	POS	-1.5475657744	-0.520664902	-1.1204977994	-0.0364052623	-0.8576127739	1.2340880575	-0.5133856723	2.0422534776	0.8491482071	-0.081705735	-0.4403646403	1.2905218747	0.8146664363	0.7226843749	0.9369181083	-1.1090085034	-1.0771000803	-0.5859693931000001
P473	757.53804	16.35	C18	POS	-1.1474802814	2.0507345169	-0.0878636389	0.4299446297	-1.4145322442	0.5589801677	1.4043769949	1.0274638267	0.1930280577	-0.0116653872	0.8415997817	-1.4393141668	-0.4549274511	0.2389637467	-1.932295415	-0.1271436359	-0.2931336031	0.1632641016
P474	864.76416	22.181	C18	POS	0.867222115	-2.0899640278	0.5047886507	-0.8691317194	-0.7854184972	-1.3260180217	-0.8555291904000001	0.860058728	0.7808933755	2.0719333903	-0.295960279	-0.3949390772	-0.0699497962	-0.3100979115	0.9527772277	-0.2753211966	-0.1002503547	1.3349065845
P475	907.77192	24.07	C18	POS	0.8006184277	-1.3326984667	0.7233655436	0.4022005553	1.6255063046	-0.2467326169	0.6678226147	-0.2237164007	-0.1899462573	-1.2640652555	1.0774851595	-1.7019933172	0.7156072325	-1.7175041468	0.8966629220000001	0.7634009659000001	0.0774502344	-1.0734634992
P476	1600.13062	17.978	C18	POS	0.5168657694000001	-0.0606519033	0.9102653393	-0.0480323107	2.1944526992	-1.2292758644	0.882033461	-0.8041808331	-1.8242644302	-1.0327206624	-0.01065521	-0.4276423059	0.0688169049	0.2460318153	0.4141054045	-0.2199820583	1.471724583	-1.0575456082
P477	909.78789	24.68	C18	POS	1.6325470083	0.134240009	0.6624512698	-0.0139461419	1.3429907419	-2.0852293578	0.7140508551	-0.8176559788000001	0.1134509101	-0.0584660993	0.8247111088	-2.1297412797	-0.425777608	-1.0817646408	-0.161358465	0.1918822933	0.918564287	0.2390510879
P478	738.66111	21.641	C18	POS	0.3166312696	-1.7089577238	-0.841057354	-1.3040387867	-0.5976486056	-1.3133408347	-0.3562467914	0.3550493722	0.3609906852	1.270071937	-0.2598248405	1.2816269175	0.7900857187	0.306791598	2.4149618932	-0.4101463852	-0.0583837213	-0.2465643483
P479	1554.05702	17.088	C18	POS	0.0334287004	-0.8479238236000001	0.4702882431	0.6677522392	0.1763193195	1.3926718323	1.4592678898	-0.216508136	-0.2458008729	1.5715578126	-0.9626179056	-0.7345011176	1.2731922462	-0.5263304338	-0.8864929355000001	-2.3888872069	-0.2776145364	0.0421986854
P480	264.26907	17.377	C18	POS	0.878319653	1.032141514	0.3809547719	0.7180430049000001	1.135386965	0.4585359438	0.3794891828	-1.9865613399	-0.8884642072000001	0.2301665011	-0.5026691851	-1.868076762	-0.3330559518	-1.8141417526	0.4752586785	0.3836501826	1.2437573152	0.0772654859
P481	877.72511	22.978	C18	POS	1.4260160956	-0.7791682009	0.6252226732	-1.0158752285	0.2556352365	-2.4094256901	0.8148911303	-0.2128346984	-0.007353445	0.4169253157	0.6304792848	-0.5987609277	0.987820391	0.3738589218	1.8543520007	-0.8185069307	-0.6956214373	-0.8476544909
P482	1496.07092	17.424	C18	POS	-1.3543946016	-0.22208775	-0.1069178301	0.3991526453	0.1945374612	0.3559031704	-1.2238853189	1.7838063805000002	-0.5963948175	-0.5207086217	-1.212333774	2.9285399645	-0.0684007197	-0.3626259098	0.4500496729	-0.0274764241	-0.1773968469	-0.2393666807
P483	619.52962	18.746	C18	POS	0.4810374638	-0.8670473188000001	0.1507535132	-0.4326843495	-0.9632318414	-1.478322108	0.4132126926	0.7191145323	0.6969083472000001	-0.5315413071	0.8455021041	-0.4425419127	1.4016848495	1.5697887468	1.6200876922	-1.8266210995	-0.7706329224	-0.5854670824
P484	1381.12465	19.333	C18	POS	-0.6578806729000001	1.0297113454	-1.2360741321	1.5969439083	-0.5278005998	0.4261577261	-1.085288621	1.6797998262	0.5554673309	0.2073875196	-1.6443237417	0.0515410913	-0.6942026527	0.1680516307	-1.8001131628	0.3133403977	0.3477207344	0.6116813994
P486	1598.1173	17.877	C18	POS	0.8802934557000001	0.535004312	0.9016291874	0.5491717274	0.6438012347000001	-1.3270430609	1.3166548403	-1.8816177601	-0.5788041828	-1.1494465847	1.2202440328	-1.5108246273	0.8202141217000001	-1.0493275921	0.9405704717	-0.0487909043	0.2239371298	-0.4856658012
P487	616.17687	15.274	C18	POS	-0.7016710757	-0.2492685349	1.6731439844	-0.1760340416	0.5612754696	-0.7365596278000001	1.4272904241	-1.0368298968	-0.6869783166	-0.467697212	0.804485364	-0.4049820857	-1.4951639804	-0.4047116056	-0.4967265113	1.921781359	0.7123535002	1.1220536208
P488	601.51901	15.317	C18	POS	-0.152412421	-0.7214467117000001	1.4894176382	0.6263304277	2.1147402541	0.0311638236	0.2027582381	-1.0322383335	-1.4653387623	-0.9404412035	-0.4030667676	0.0467569269	-1.2235216733	-1.2194128776	-0.0107860523	0.734735596	1.5517948566	0.3709670416
P489	780.708	22.452	C18	POS	0.4405468511	-2.1140479415	-0.5379087725	-0.655195768	0.1562439257	-1.450882371	-1.1721019034	-0.0849396766	-0.1525205778	0.9468007819	-0.2780144925	1.4590925639	0.6330350056	0.1016060585	2.3445688271	0.0036578042	0.2461759456	0.1138837398
P490	798.54244	19.491	C18	POS	1.0460080068	-0.2162262109	1.5657842717	0.3703889939	0.1365888165	-0.8155458544	1.1026457818	-1.6749073439000002	-0.8531115924	-0.8382996154	0.9940276833	-1.517596049	-0.8635234492	-1.1941371989	0.8749186229	0.2707795943	1.3226068036	0.2895987393
P491	551.50296	23.859	C18	POS	1.0087466817	1.0247084059	-0.4348480895	-0.3494187626	-0.8550970004	-1.8351409547	0.5498086445	-0.328432391	1.0188176335	0.9873939969	0.4016375068	-1.839691	-0.3662768988	-0.5923949317	-1.3006811399	0.4505147885	1.5012106434	0.9591428674
P492	1554.14688	18.77	C18	POS	-2.425650547	0.3804487802	-0.6257105908	1.1803248369	0.9004216224	-0.6607130917	0.7621980247	0.2103323583	0.0942360544	-0.177647392	-2.2719786706	0.7031798745000001	1.1950719795	0.2980427228	-0.6770222376	0.6330745519000001	0.4911806193	-0.0097888954
P493	1578.14341	18.281	C18	POS	-0.5666350209000001	-0.5259598928	0.5277876501000001	-0.101034881	1.1263169458	0.9440527313	0.2967312491	1.081349867	-0.3063365725	0.9887952025	-2.485908718	0.8054174479	-2.1518602734	0.2687719848	0.8155121545	-0.3240483192	0.1544653636	-0.5474169187
P494	888.76461	22.26	C18	POS	-0.2270016634	-2.1380799514	-0.2078435002	-1.3434142836	0.6139986902	-1.6255620536	-1.1838754756	-0.0297854191	0.4751654683	1.3393483067	0.1503269655	0.7490553264	1.0709203739	1.2642107281	0.0628104782	0.8833380539000001	-0.6210197584	0.7674077142
P495	774.54266	17.456	C18	POS	0.7513126998	1.3208529691	0.0204047443	-0.0135678322	-0.7601110006	-2.1931002668	1.6271656218	-1.4908593071	0.9707732004	-0.9283350297	1.1461557412	-1.2009599846	0.7789684144	0.1989557943	-0.2852886005	0.0066595155	0.2930652461	-0.2420919255
P496	1491.1207	18.286	C18	POS	-0.4604162108	0.290203988	-0.1445119706	1.3478945052	0.3354561036	1.2095716461	-0.9729646731	-0.5242035394	-0.5397969497	-1.3547698413	-0.8538254158	0.8208170982	-1.625199593	-0.7286630908	-0.3637907668	1.4019637904	1.6112964921	0.8863945312
P497	844.65173	20.801	C18	POS	0.6105645385	0.6659520471	0.7236808376	-1.856945577	-1.8910713091	0.5823110173	0.3222051936	0.3537089586	0.4019912692	0.2191602692	-0.1243070563	0.3287739522	0.271958514	0.3426208214	0.3693369512	0.6670423506000001	0.7367782677	-2.723761046
P498	840.5748	16.098	C18	POS	-0.9714301917	1.1474102512	-0.1194568147	0.3796144876	-1.8044793846	0.6658776603000001	1.0975853606	1.2198568629	0.8936794692000001	0.8550459126000001	0.6317511687	-1.3601242547	-0.3088324327	0.2049566351	-1.7891598177	-0.9238993987	-0.6843561072000001	0.8659605937
P500	1650.46627	22.83	C18	POS	1.4561372166	-1.9086627735	-0.4908255794	-1.1027674451	-0.5392830116	-2.0106943668	-0.5336444995	0.1948116011	0.1555314224	1.8190079311	-0.2033024172	0.3603812697	0.9585721195	0.3636334876	1.1209295235	0.0109768301	0.5284138733	-0.1792151817
P501	803.52261	15.443	C18	POS	-1.88498466	1.0434663352	-0.4766646031	-0.8388223065	-1.1158477473	1.3666628528	0.7737270568	1.6064003008	0.7517390588	0.6045719645000001	-0.0189387784	-0.0677780759	0.6076102803	1.1485254726	-0.4388719901	-1.1611150755	-1.2379878458	-0.6616922392
P502	1557.16794	19.067	C18	POS	0.0997147946	0.3335326848	0.5169289996	0.3574532716	0.9052520963	0.8110476381	-0.9292681443	0.328050424	0.0328270833	-3.282794168	-0.9658130153	0.7060773803	-0.1600108262	-0.3081687807	-0.4642275691	0.6639490575	0.7114835284000001	0.7436803399
P503	641.5123	18.614	C18	POS	0.4688348308	-1.0857419742	0.0954118572	-0.7288712067	-1.5685049156000002	-1.9996963505	0.3523920458	0.495468006	0.4057170228	-0.6173832511	1.1130888787	-0.8872078957	1.3715807787	1.4551533833	1.4718697372	-0.5471481185	-0.1932598386	0.3982970104
P504	606.50922	17.485	C18	POS	0.8186902021	-1.1555766054	0.347835051	-0.2822331601	-1.6574082374	-1.9134360393	0.037472771	0.3708536688	0.5655009922	-0.5586534622	1.2678726463	-1.110266799	1.5896792867	0.8983210650000001	1.5021268017	-0.1799962938	-0.3224607229	-0.2183211649
P505	812.61089	20.454	C18	POS	-0.0292453291	0.6966437673	-0.7416671642	0.1145488505	-0.2617467208	-0.2801082254	0.27762432	0.0065636038	0.7618540932000001	-0.1110896454	-0.1840054617	-2.533772401	0.7348288175000001	-0.8477503025	-1.6159181544	1.0755390018	1.8801010399	1.0575999108
P506	897.73011	23.968	C18	POS	1.4423049278	0.969004986	1.1251253963	0.4813482985	0.5492445645	-0.3418750461	0.6914421821000001	-0.6968259868000001	-1.019017912	-1.3438743059	0.7817518122	-1.9859489868	-0.949027547	-1.2693504419	1.1006105807	0.8742827542	-0.4596588801	0.0504636044
P507	880.5918	15.443	C18	POS	-0.1048598352	-0.233599096	-0.1440923337	-0.0316065276	0.0120957982	1.8845585654	-0.7429113538000001	0.8081753733	-1.7617085475	-1.5358567428	-1.1584205568	1.8642018241	-0.8686707133	0.9630521495	-0.5293615133	0.3152225335	0.7214014964000001	0.5423794796
P508	1513.10501	17.905	C18	POS	-0.5095028922	0.3773760971	-0.7048876857	0.4615177649	0.0411839983	0.8979358405000001	-0.9632110175	0.6098992572	0.5447381794	-0.1234977473	-1.377624043	-3.0228349699	1.5617486588	0.5165590287	0.3533563306	0.4308584958	0.5073321157	0.3990525884
P509	752.52193	16.731	C18	POS	-0.4897261547	0.0573516576	0.8985267995	1.1216190371	1.6551255342	0.8168426851	-2.0017429145	-0.3785145161	-1.1498080021	-0.3016456068	-1.9125315621	0.6086003238000001	-0.5880969866	-0.333158794	0.9169902169	0.8156989038	0.7218525695	-0.4573831904
P510	788.60806	21.504	C18	POS	0.4017850278	0.3827966877	1.3400351328	0.7971740412	0.379356144	0.0306483664	-0.4429954819	0.7058740902	-0.7417598718	-1.1766514486	-1.1630799644	-0.1315720945	-1.3688327727	-0.3932990781	-2.0351925659	1.91067468	1.0380659506	0.4669731572
P512	818.63727	19.519	C18	POS	1.3652910729	0.9395595126	1.5770623814	-1.3995513197	0.0336858976	-0.7673260523000001	1.1813561703	-1.5555979922	-0.6328679267	-0.8507158504000001	0.7807099468	-1.3903464934	0.4109792517	-1.1539528011	-0.2069714426	0.2925389847	0.9702960308	0.4058506296
P513	1654.49755	23.31	C18	POS	1.4499257519	-0.6257250096	-0.32786876	-0.1234932434	-0.8885443337000001	-2.5605296013	-0.3965301414	-0.1076770237	0.561326706	1.8965459472	-0.1600105073	-0.7939649122	0.2215844926	-0.3469768084	-0.1401162122	-0.0226679056	0.7853527209000001	1.5793688403
P514	788.67464	21.467	C18	POS	-0.8130113291000001	-1.5221854633	-0.3920286474	-1.189753734	-0.7424848194	-0.7900515490000001	-0.0049128784	0.7678533943	0.2536693852	0.7991471922000001	-0.0242766112	1.0012689617	1.3191232582	1.1620614552	2.3108468027	-0.7663100128	-0.80029167	-0.568663735
P515	778.69236	21.994	C18	POS	-0.3149732798	-1.9997571734	-0.8449096804	-1.1597043509	0.1166972375	-0.8355767883	-0.7078681073	0.1242652673	-0.1240499835	0.9692753402	-0.2035437579	1.8663411445	0.9926784991	0.6601631746000001	2.0949862729	-0.2546350635	-0.4963764249	0.1169876738
P517	1550.19828	18.906	C18	POS	0.0453608914	0.5968167309	0.4235970668	-1.921935529	0.403178125	-0.6320032184000001	1.0178116657	0.9703137324	0.5497980823	2.4023238919	-0.8697193411	-0.5766377183	-1.0060177931	-0.0411807772	0.7026371765	-0.5708908573	-1.2510202975	0.0958786827
P518	1645.19922	19.273	C18	POS	1.2820019839	0.3720730798	0.0674607513	0.5117129454	1.2218210355	1.7592953906000002	-1.9305973948	-0.0484838378	-0.2421589602	0.3441298057	-1.1857207812	0.135943267	-1.8068957288	-0.0604998859	-0.992296668	-0.8107095863	0.4034070928	0.979517491
P519	802.5357	17.714	C18	POS	0.2857153539	0.2560530793	0.7142834631	0.8592276622	0.7104130471	-0.5351010275	-0.0805760012	-1.7869281599	-1.1991600991	-1.3341198497	-0.6482186078000001	-1.399640555	-0.0062251786	-0.6942252121	0.8876755844	1.571237866	1.6463968387	0.7531917960000001
P520	1676.4819	22.872	C18	POS	1.2235839227	-1.5016851442	-0.3816129682	-1.3028995509	-0.2116504409	-2.3457949662	-0.3273365264	0.7442670557000001	0.3443623751	1.8310893962	-0.2891269691	0.3411741517	0.8691506666000001	0.61745317	1.0466981794	-0.2590443245	0.0705964445	-0.4692244715
P521	820.54855	16.504	C18	POS	-2.1954743809	-1.0701686384	-0.4030264889	0.0367545156	-1.0082236733	-0.9879476787	0.5347532521	0.5515348371000001	1.6908028851	0.173600865	0.6084989324	-0.3228060018	-0.5473804458	1.8189278832	-0.9091672449	0.8106014729000001	0.8218376243000001	0.3968822848
P522	1579.14998	18.383	C18	POS	-1.8117451161	0.5185682137000001	0.2074664481	0.8482469308	0.5437196866	0.3241390895	-1.4006544777	1.8154917157	0.3000003987	0.6245307957	-2.2954242529	0.5626227262	0.2434938728	0.9980637469	-0.7004631179	-0.0007150862	-0.1501275741	-0.6272139997
P523	603.46671	12.28	C18	POS	-2.180843149	0.8708244249	-1.0364556903	0.4757888299	0.382710358	1.3883886116	-1.1796444877	1.2360950131	0.6090415761	0.3166608322	-1.7781234496	0.3648669276	-0.2490616518	1.1484468437	-0.0284748257	-0.3066724035	-0.7055955014	0.6720477419
P524	856.73935	22.369	C18	POS	0.1891877959	-2.0210057084	0.1240660235	-0.5809861314	-1.1322928635	-1.1792688416	-0.6355106366000001	0.5357596854000001	0.0594230659	0.9534350484	-0.2129258137	1.2627691765	1.1340022585	1.219066536	1.9575847978	-0.6176862137	-0.3438040576	-0.7118141215
P525	492.40484	15.408	C18	POS	2.6935488818	-1.0035045807	-0.1841085797	-0.1822573261	-0.0881484897	-0.6339856417	-0.2742854043	-0.1751321301	-0.1623823562	1.6442588297	-0.1251262744	-0.3921720664	-1.0462414004	-0.7749185427	1.9339452011	-0.5785192570000001	0.0445193097	-0.6954901728
P526	608.46513	15.978	C18	POS	-2.4179313768	0.8295561307	-0.4835926484	0.7644573117	-1.5543840427	0.1068130478	0.2513929363	1.023481724	0.0498032002	0.4077740139	0.3690393978	0.5061653694	-0.0029309009	1.2951355112	-1.8691880715	0.5231024168	-0.6350967446	0.8364027252
P527	625.51912	17.309	C18	POS	0.5850126822	0.607354487	0.9161511944	1.2745846215	0.6833149497000001	0.8625810344	0.1941067417	-0.0488513562	-0.3657962869	0.3719523445	-0.2734489448	-3.1604464291	-1.3990366202	-0.5455022183	-0.5855156595000001	0.1006370342	0.7941299999	-0.0112275744
P528	773.53264	15.718	C18	POS	-1.157695776	1.3582767645	0.3469658845	0.6548664576000001	-2.8646542375	0.779168882	0.6331578133	0.8688211694	0.3475334717	-0.2611025904	0.2709166272	-1.0444814034	0.297317811	0.9126181143	-1.1390791817	-0.3400745806	-0.3565654579	0.6940102318
P529	538.38732	12.307	C18	POS	-0.9906837609	-0.7401706734	-0.3447131237	0.3377956635	0.0765277794	1.2759338254	-1.824593121	1.1035564988	-0.2137167574	0.6348124936	-1.5877075235	1.907755659	-0.7569500381	1.0233614924	-0.9410258865	0.1842219925	-0.0928650173	0.9484604971
P530	960.8961	26.438	C18	POS	0.6940286344000001	0.067301986	0.7641078095	0.1876837609	2.1285745726	-0.8582874158	-2.3210597901	-0.4025867613	-0.5181711414	-0.5293565694	-1.6471311089	0.9279706563	-0.5252665575000001	-0.0273864006	0.2681292386	0.6473655338000001	1.0882021146	0.0558814382
P531	366.37304	15.181	C18	POS	-0.2515375101	0.6782909116	0.3213848574	0.0599979147	1.5143287464	-0.8430867562000001	0.8676226394000001	-1.0270314757	0.0087352247	0.2625097222	1.6574015453	-1.0672852097	-1.9914579132	0.1417297064	-0.4282948005	1.4014593309	0.2471782485	-1.5519451821
P532	526.31406	10.502	C18	POS	-0.7142404822	1.4814271698	-0.2143626344	0.3276384486	-0.5333631488	1.5468521947	-0.311812733	1.3228740285	0.6063166392	0.6431585234	-0.5826689628	-0.6802533871	-0.5740917778	-1.1639655762	-2.3967449615	-0.4139599596	1.0027643134	0.6544323057
P533	1581.07546	17.166	C18	POS	-0.2618618455	0.1398295512	-0.3535482453	-0.0953992014	-0.6331554741000001	0.179021444	0.9277031967	0.8391868282	0.8878659405	0.8800733309000001	0.7261293166	0.2616712064	0.6190948566000001	0.4181160609	0.4922088488	-3.0420185124	-1.3597404878	-0.8870386599000001
P534	892.59144	15.714	C18	POS	-0.6045503291000001	-0.8545537809	0.4460617602	0.9397053417	1.9038067227	0.6507641217	-1.9924342966	-0.4842216246	-1.0966985716	-0.5867163772	-1.7345222089	1.1449004975	-0.1467517453	-0.0099141567	0.3702499008	0.8403089812000001	0.8322591933	0.3823065718
P535	891.78388	22.342	C18	POS	0.7493685443	-2.8377723409	0.5816087907	-0.0072183071	0.2592509531	-0.5873941689000001	0.0184937775	0.5104545460000001	0.4095057401	1.0739315856	0.352430852	-1.3495153662	0.6641989059	0.6339567518	0.3253387664	0.43150108	-1.8826003202	0.6544602098
P536	934.63926	16.211	C18	POS	0.9980363897	0.0468090446	-0.5997739914	0.0691674457	0.3351186528	0.7390201149000001	-1.8510922367	1.6695441371	0.6986926303000001	1.5566470086000002	-1.2408262021	0.4895901629	-0.9732104238	0.054530999	-1.0696209615	-1.4168234046	-0.4050061174	0.8991967518
P537	727.56645	20.316	C18	POS	-0.0463532653	-1.2214892163	-0.4032499797	-0.5125806419	1.1056284591	-0.5153831678	0.2332279215	0.6841109554	0.8357063811000001	1.4950043309	0.6568474756	0.8297930132	0.6691096390000001	0.7786501588	0.0081803541	-2.6127767333	-1.2811203426	-0.7033053417
P538	838.78602	24.225	C18	POS	0.8569593519	1.2325572942	-0.2269954757	-0.1733015719	1.3925637953	-2.2476197537	-0.0778248566	-1.4107264787	0.2912703734	-0.3285046865	-0.4779659751	-0.7805030046	-0.0417640416	-0.9178082789	-0.4639820355	1.0176746178	1.801235708	0.5547350181
P539	860.54402	15.038	C18	POS	-0.5104186737	0.2827178343	-0.5816927775	-0.7801062412	-1.3041748413	-0.4947234102	2.0143216474	0.6078076246	1.8767981664	1.727980434	0.5375427033	-0.9337821243	0.4274255872	0.0891783695	-0.3815618707	-1.1370944466	-0.7677774719	-0.6724405094
P540	862.55828	15.365	C18	POS	-1.2268905971	1.4068695897	-1.1516545096	-0.7655483042	-0.5357130177	0.8238970983	-0.4071221935	1.396173425	1.4813907009	1.3670944012	-0.6259251545	0.4277751051	-0.1594827699	1.3094096478	-1.2917259611	-0.9067823545	-0.597243709	-0.5445213968
P541	524.27552	9.626	C18	POS	-1.2733862069	-0.4465492267	-0.8505005338	0.0886398517	-0.7760654619	2.1202835648	-0.9781441152	1.8516906929	0.5813000832	1.1117757827	-0.9560903186	1.1858905466	-0.3891770027	-0.0966981704	-0.2660355495	-0.9702199408	-0.6373693669	0.7006553717
P542	819.51723	15.266	C18	POS	-0.8646721219	0.9275605047	-0.0393955351	-0.3565987529	-1.5449640968	-0.3329479602	1.5491033048	0.6346283014	1.0136276107	0.8615470736	0.8094240791	-1.5293534586000002	1.0121323948	1.1674661947	-0.0081022	-1.4413060356	-0.9924991501	-0.8656501526
P543	778.57399	18.696	C18	POS	0.8890886934000001	1.2877652049	-1.2852812538	0.6952019872	0.2190255426	-2.1007508381	1.4689927771	-1.9462530371	0.8084357282	-0.3508433369	1.0205925841	-0.3838527511	-0.0085948056	-0.051613155	-0.0367121802	0.5995860173	-0.0003110764	-0.8244761005
P544	627.53492	18.246	C18	POS	-0.2714408347	1.8552377716	0.612010081	1.5080058092000002	0.6683656205	1.1659873041	-0.0491114348	-0.7559138630000001	-0.2958631346	-0.5523490796	-1.3002572087	-1.5927292754	-1.5044412212	0.1131590795	-0.9768378342	0.0461365798	1.2644554653	0.0655861753
P545	823.67806	22.333	C18	POS	0.761783883	-2.6374752086	0.5675704092	-0.5037576913	-0.1230197273	-1.2986522241	-1.1774813126	0.1138008016	-0.3258875245	0.537074269	-0.1865489307	0.4523761063	0.951503512	0.3709799808	2.2167501162	-0.2398677777	0.2271413374	0.2937099813
P546	1586.21043	21.365	C18	POS	-0.6528917746	0.4131345049	0.1543792814	0.9118742007	1.0002058281	1.2129416559	-1.4842039825	0.0836310591	-0.2324191395	-0.0762310411	-1.5384467007	0.1529136979	-1.1739326445	-0.2055636679	-2.0014051384	0.9589691908	1.2018796219	1.2751650483
P547	556.49327	17.441	C18	POS	0.4265074577	-1.776823928	-0.2671628969	-0.3565401904	-2.0870901658	-0.7641725208	-0.491454888	0.2038216071	-0.0056529191	-0.7496078096000001	0.3789808576	-0.4832076015	1.3739021213	1.1209524799	2.0879171231	0.7327254149	0.1796803864	0.4772254719
P548	692.55891	18.981	C18	POS	-0.6255306862000001	0.7831824522	0.3667447457	0.8054456614000001	-2.250744165	0.0401992079	1.1014194753	0.1584629432	-0.4254535563	0.540671782	1.180842451	0.3357107678	0.1854254452	0.7899025364000001	-2.3371276233	0.170101376	-1.2584338127	0.4391809993
P550	336.22141	11.96	C18	POS	0.6048669413000001	0.8723796488000001	-0.7373887682	1.264744319	-1.5826265772	0.623759391	-0.4770850095	1.4338650232	0.9418291841	1.0858321773	-1.3980101068000002	-1.1935262729	-1.6461297811	0.4035069378	-0.9688400784	0.3841836202	0.3854573098	0.0031820416
P551	747.517	15.422	C18	POS	-1.5532688021	1.7392397246	0.1895560311	1.2134340618	-1.7281269835000002	1.0664610461	0.4343695431	0.8221634468	-0.3509017035	-0.3017648711	-0.2792524073	-1.3210723212	-0.360829686	0.6608388848	-1.5201991319	0.1984985538	0.0375135662	1.0533410485
P552	834.52905	14.855	C18	POS	0.9995329712	-0.1562562439	-0.5514606065000001	-0.7376806981	-1.1212459649	-0.355722354	-0.0053889655	0.2867722121	0.214609632	-0.1131111813	-0.2340478567	-0.4266598116	0.2463959472	0.3285104648	-0.2168981143	0.7015009475	3.5554484857	-0.713264945
P553	825.69397	22.786	C18	POS	2.3036821446	-0.5988913841	0.3398892944	-0.203673793	0.2856874596	-1.9467576029	0.5985792089	-1.0203247663	-0.3523079633	0.2571458858	0.0249183163	-1.1751891152	-0.0240083339	-1.3408243541	0.6549920734	1.0270359027	1.4120312926	-0.2419842656
P554	624.55624	18.906	C18	POS	0.7053774499000001	-1.7681361068	0.7858212535	0.3742342138	-0.5483025654	-2.2347932949	-0.1491155923	0.1856030854	-0.2805936955	-0.4675224692	0.7275155355	-1.214511586	1.2594758544	0.8445237737	1.8571418318	0.0657156301	-0.3893245176	0.2468911997
P555	858.60021	18.449	C18	POS	1.1960926232	0.4312648056	0.2144348904	0.1568782393	1.1069379201	-1.4972660076	-0.0315088882	-0.5645007553	-0.1209512499	0.183657501	0.4336957934	-0.4137971282	-0.57646137	-2.3604444167	-1.5418492761	1.011709088	1.1828222789	1.1892859521
P556	595.52941	19.185	C18	POS	1.4252871246	-0.3131742775	0.4315490065	-0.4510239667	-0.4746533294	-2.0268485284	0.4989131225	-0.2547733955	0.069943793	-0.2338004839	1.1728528297	-2.6177393998	0.5548046229	-0.4707110232	0.4576280294	0.5921491074	1.0567676549	0.5828291135
P558	916.79573	22.566	C18	POS	1.4714671554	-2.4151338056	0.0157358828	-0.9339601624	-0.0316324308	-1.2160054456	0.8502349309	-0.0709768592	0.9150150561	1.8056995228	0.0385614114	-1.0639302029	0.0434760072	-0.3630909323	-0.5146853167000001	0.4114325518	-0.0017512026	1.0595438398
P559	788.51852	17.226	C18	POS	1.2196978284	0.4092491624	1.4926113638	1.1312214345	1.0103664752	-0.0196937455	0.1450319002	-1.2996058063	-1.211194847	-0.3123819078	0.1945953758	-1.7669419645	-1.4607580462	-1.2505655422	-0.2666959566	0.4452161579	1.1082277339	0.4316203841
P560	852.56077	14.912	C18	POS	-1.5075653714	0.1315632827	-0.0584254854	-0.1566494684	-0.4590402159	1.7103615381	-1.1556809425	0.6187897512	0.3000590287	-0.139733342	-1.8847061774	2.3579453633	-0.0783061371	0.4500864852	0.2894976747	-0.7597565929000001	0.7529170620000001	-0.4113564531
P561	882.75458	22.519	C18	POS	0.5828809269	-1.0334828078	0.0816840042	-1.3269706764	-0.7804753187	-1.075431607	-0.9207587235	1.2387368582	-0.3171383577	0.4598606625	0.5510272714000001	0.6167695339	0.8255734807	1.8658530744	1.5111471281000002	-1.3599961824	0.2338743076	-1.1531535745
P562	817.60922	21.332	C18	POS	0.2926111929	-1.572143594	-0.5191168601	-0.9887683617	0.7115686578	-1.0219104263	0.4958006935	0.2964442996	0.8307091569	1.4982630401	1.100126501	0.9545336208	1.2335935231	0.4633456032	0.1193905356	-1.3709228539	-1.7312156518	-0.7923090767000001
P563	1536.18619	18.851	C18	POS	-0.3699531865	0.9506828731	0.0667434222	0.0074979375	0.993658841	1.405086838	-0.1847473866	-0.5150024371	-0.5796352544	1.8401624813	-1.0972621443	0.9459149654	-2.0482408592	-1.0132521549	-1.0270138286	-0.6404938055	1.0715453679	0.1943083306
P565	341.30524	11.324	C18	POS	-0.4786711109	1.2000711795	-1.0725499839	0.8325094857	0.0650117546	2.1396059608	-1.0713243156	1.3423447824	0.5704154384	-0.266607737	-1.9959106142	0.6417196801	-0.3500389847	0.4879127617	-0.983446755	-0.5787746984000001	-0.6796313438	0.1973645004
P566	880.83252	25.499	C18	POS	0.8002250796	1.4885628802	0.3586634626	0.2133184273	1.6068634971	-1.716500255	-0.3877137511	-1.476495239	0.0840600834	-0.8528228864	-0.2771734744	-0.5722515783000001	-0.5926707267	-0.537879381	-0.9194343854	0.7199105329000001	1.9907476116	0.0705901027
P567	849.69401	22.449	C18	POS	1.5011709673	-2.0380975682	0.7538439036	-0.5921273789	-0.4967005468	-2.1007447479	-0.3545512983	0.1298901256	0.235514316	0.5364477621	0.1720115647	-0.3798530581	0.7688529314	0.3851503343	1.9735277152	-0.5568254231	0.4828626938	-0.4203722925
P568	1618.18079	19.14	C18	POS	0.0064923902	0.8635771303	-0.9201520727	1.6745960132	0.4981701943	1.323459776	-1.3064516835	0.3784217252	0.2736320658	-0.2440626415	-2.2907445642	0.008385311	-1.5783431808	0.4356227524	-0.5433091797	-0.164731425	0.5566902803	1.0287471087
P569	910.78542	23.02	C18	POS	0.7462776056	-1.4368620968	-0.8402247524	-1.1543228829	0.5539758370000001	-1.4472934514	0.3051506964	-0.3190890548	-0.4131395784	1.3097936265	0.5176027514	1.0900961165	1.1859807234	1.1471224647	1.3976999291	-0.3701619938	-1.0828433695	-1.1897625705
P570	798.56385	16.992	C18	POS	-0.3618137056	-0.5943604113000001	0.8492452168	0.2458069408	0.2891766962	-3.0388290476	0.8057309673	-0.753208952	0.2756883829	-0.2656479824	-0.6945739611	-0.416799766	-0.6323299138	0.7933868153	0.2219663374	1.2301933554	1.6194509069	0.4269181208
P571	762.5044	17.135	C18	POS	0.8802452675	0.0811516467	1.2126989755	1.3021448877	0.8178454103	0.0480781235	-0.0659965524	-1.3574006445	-1.0956236855	-0.4844295632	-0.1759522371	-1.3587102732	-1.4134172171	-1.2843840946	-0.3201477155	0.6043516914	1.8973016649	0.7122443157
P572	593.51387	18.517	C18	POS	0.8454296331000001	-0.7958453005	-0.106512188	-0.3561552738	-1.9984040106	-1.5390970978	0.3874510639	0.6805802111	0.9398631832	-1.1808876092	1.3309286237	-1.7849741035000002	0.5287641602	0.8903883022	0.5188963658	0.6183869649	0.3415533247	0.6796337505000001
P574	605.5503	24.669	C18	POS	1.3370246822	0.7865882802	-0.3520898521	-0.0772450039	1.140112319	-1.9038702019	0.5428748903	-0.2370262561	1.0119472344	0.5119625565	0.6019395415000001	-2.1380309481	-0.6452519697	-0.9458764833	-1.0474731385	-0.1467285786	1.180722482	0.3804204461
P575	908.76991	22.749	C18	POS	0.3872653111	-1.8397475793	-1.0105418329	-1.2020326439	0.3042002349	-1.0586648076	0.2479950171	0.7243501027	0.6015127346	1.2211857478	0.5114777355	-0.1418118074	1.150213595	1.2734560462	1.3625392512	-0.9350238051	-0.0514326307	-1.5449406692
P577	824.55767	20.707	C18	POS	0.374228341	0.7542576958	0.5973955103	0.8481352491	0.4341078037	0.6064706574000001	-0.5952481071	0.2333513709	0.2562454629	-0.3451459294	-3.3527304293	0.347766057	0.0922465016	-0.5676566468	-1.12171712	0.7211186508	0.3306995599	0.8205831759000001
P578	788.54572	15.508	C18	POS	-1.6196642475	1.3880383316	-0.8613968236	-0.8151271433	-1.8728313583	0.3605593242	0.3675185952	1.2236774141	0.9641465255	0.5912242554	-1.1790630305	-0.0837611363	0.6851602438000001	1.4020624124	-1.2198519083	0.2992350178	0.2745707329	0.0955027948
P579	603.53471	15.461	C18	POS	-0.234021321	-0.2142372825	-0.1620211725	0.0918313171	0.7709997513	1.7542332787	-0.7148357814	0.796067209	-1.7731290227	-1.5508991125	-1.0586344218	1.7414290566	-0.8987776953000001	0.7771113552000001	-0.9690911333	0.3559091249	0.7828468491	0.5052190011000001
P580	795.57228	19.007	C18	POS	1.2262403707	-0.1882645543	-0.2030573586	0.0981706857	-0.0042627982	-0.1446819153	0.8659558917	-0.4698023583	-0.7788535437	-0.5147586205	3.5797785773	-0.1138171326	-0.6682336864	-0.4213985798	-0.8044489357	-0.1614672927	0.3019998934	-0.1751360666
P581	1577.2316	23.743	C18	POS	-0.6263153452	0.9053548712	-0.4274849413	1.2136377598	0.8802728074	1.0969957814	-1.1187229924	-0.6415849966	-0.3742684888	-0.9357402555	-1.3627732474	-0.5923958983000001	-1.4317209785	-0.4363539445	-0.7474478039	1.4468235964	1.3494104423	1.05486583
P582	1263.17369	22.49	C18	POS	0.2236411312	0.7587556498	0.5098233726	1.0404026873	1.253288437	1.1218385785	-0.7565779558	-0.7950632518	0.5808073063	0.8031678566	-0.2979584359	-0.5447592124	-1.268487887	-1.7876330618	-1.9952960002	-0.4851906713	0.4554065283	1.1838349286
P584	369.38426	12.753	C18	POS	0.8767558725	0.0268731449	-0.4666781281	0.2461606086	-0.4369048033	-0.4114084022	-0.2925063495	-0.7882341227	-0.4229750717	0.7025046277	3.1795415446	-1.0620080412	-1.2447530005	0.0758803576	-0.2632701685	0.1323466933	1.1519193439	-1.0032441054
P585	542.32329	9.733	C18	POS	-1.6551857521	-0.6824577779000001	-0.5662145222	0.1629811325	-0.3924108811	1.4752281128	-1.0170980588	1.7046466878	0.4553047844	-0.8829402388	-0.9172426877	1.4693431709	0.6309019052	0.8017539914	1.3586795429	-0.7411489474	-0.7215097914	-0.4826306706
P586	718.57457	20.536	C18	POS	-0.1257503737	1.0995733631	0.4957154956	0.6005459828	-0.5012767025	-2.527265707	1.2637592016	-2.2174921085	0.4031860245	-0.2829798294	0.7208869072	-0.1773085546	0.6788466327	0.8530138248	-0.3929177382	0.5302336501	0.3410030853	-0.0408862467
P587	369.35149	22.458	C18	POS	-0.9237496046	-0.1413235064	-0.8400256877000001	0.4107457082	1.7058396039	-0.2759030615	0.6535196896000001	-0.33503601	-0.0776474797	0.6591297580000001	1.3135628027	1.6467833998	-0.9932357125	-1.3996050868	-1.9046855804	0.9813968387	-0.5543035878	0.0745375165
P588	524.50375	16.434	C18	POS	-1.1486264968	1.7136109272	-1.0615274166	0.369155411	-1.937117632	0.9166201286	-0.2307259094	1.2140463883	1.0540026482	0.3801978288	-0.1022516424	0.8756933129000001	-0.351926966	-0.0684091269	-1.8658509468	-0.5301011949000001	0.1232753532	0.6499353336
P589	389.30511	10.586	C18	POS	-1.2099627505	-0.4406397006	-1.1236119512	-0.0627206824	-0.8180320259	1.9053399993	-0.5371983854	1.8137016853	0.6655466793	1.3239922217	-0.5114763857	1.110839035	-0.4674437368	-0.3508869683	-1.0697154939	-0.8149323728000001	-0.4757770293	1.0629778621
P590	601.51912	16.048	C18	POS	0.2628347096	1.4704067062	-0.0619416467	0.3372164162	-1.8061498255	0.0936374893	0.8223949563	0.6278576985000001	0.9737844083	0.1116875309	0.368618522	-1.3818927481	-0.9403372177	-1.0430750959	-2.1196714042	0.6215485708	0.6457169557	1.0173639743
P591	627.53492	16.755	C18	POS	-1.1864941019	1.5255927935	-0.9254624191	0.2106643851	-0.1402220272	0.0443140862	-0.1103672651	0.5290619277	1.0377104779	0.0362601172	-0.3920063104	-1.134403818	-0.9596943077	0.1352758129	-2.2342953233	0.6963624827	1.3928924455	1.4748110439
P594	881.51574	14.831	C18	POS	-1.3293233785	0.0251151972	-0.4371634379	0.1900990764	-1.0864384073	1.6058491106	-0.3553000619	-0.1233361817	0.5818871915	-1.4166238398	-0.8172474735	1.5070037684000002	0.2888744158	1.6690949776	1.2994435088	-1.0809533937	0.4316254023	-0.9526064744
P595	946.88092	25.851	C18	POS	0.6078639159	-1.5829436781	0.7348860353000001	0.4321470475	1.6835845951	-1.9186978091	-2.1996817385	-0.0126236488	-0.3374327735	-0.0910330167	-0.4891263835	0.8843900060000001	-0.1853652928	0.1758864294	0.4897765165	0.7601958944	1.0075210845	0.0406528165
P596	228.19626	5.423	C18	POS	1.0505917853	-0.0266067658	-0.2080824337	-0.9420569601	0.20935272	-0.2965854509	1.3938375587	-1.3027255549	-0.0401492638	0.3927767417	-0.0532674764	-1.549298765	-0.1216707804	-0.0616802132	2.4458987694	0.9324224894	-0.1689497254	-1.6538066748
P597	810.52876	14.847	C18	POS	-1.570821546	0.8123893227000001	-0.3114687731	-0.4542830355	-2.0197797023	0.8887253372	0.5740296139000001	1.5099687772	1.2637261368	0.7010693359	0.2979116722	-0.2831256203	0.7467666481	1.1306760781	-0.4641365255	-1.1693120629	-0.9826553202	-0.6696803361
P599	631.46984	18.525	C18	POS	1.2133847564	-1.792441895	0.2231002875	-0.1901793898	-1.4653954738	-1.5248459665	0.4849321001	0.3096958549	0.7725708658	-0.8773124613000001	1.5127808616	-1.7656091912	0.6269210772	0.6225407734	0.5387020483	0.4708831492	0.3596127303	0.4806598729
P600	361.27416	8.755	C18	POS	-0.8077430980000001	0.0043173436	-0.3828634752	-0.4994369733	-1.6629844183	2.4167993450000003	-0.2614349603	2.0672552568	0.7749480316	0.0165937246	-0.4091543687	0.1682546825	0.131467312	0.7979390997	0.2171077623	-1.303800034	-0.6699908447	-0.5972743854
P601	1555.15099	18.735	C18	POS	-0.6272839322	0.167437524	0.7945571060000001	1.0171113378	0.5967321852	0.3000958522	-2.7173913267	0.2071613401	0.1388022385	0.099002455	-0.4094630615	0.3497276092	-2.4647642365	0.7221951735000001	0.1919824115	0.2906447254	0.8952606472	0.4481919512
P602	1507.1521	19.256	C18	POS	-1.4328878131	0.5476293600000001	-0.2838879211	0.8664915937000001	-0.5356758449	1.960468099	-0.9853102864	1.0234426422	0.8519786486	-0.2547095216	-1.4774814084	0.3725032003	-1.0195494131	-0.4380759288	-1.4270995282	0.7128990288	0.2010127044	1.3182523885
P603	492.47751	15.936	C18	POS	-1.7476703171	0.8755053989	-0.7068587528	0.7959687429000001	-1.8721436679	0.4088189249	-0.6031819083000001	0.9979993434	0.6423322416	0.7487750863	0.2921683516	0.9208527172	-0.5948991246	-0.2500682396	-1.6566945384	-0.322628359	0.445834482	1.6258896188
P604	1638.14892	17.939	C18	POS	-0.117419552	0.6755430811	0.7086751593	0.4885847583	2.8022155716	1.1705821107	-0.2388152846	-0.2005838408	-0.8643377221	-0.5553056251	-0.7526657899	-0.827290792	-0.5919609376	-0.9487714715	-1.7911690965	0.7235821533	-0.09464617	0.4137834479
P605	580.49361	17.128	C18	POS	0.3191253883	-1.5364254682	0.100593313	-1.2962446745	-2.4864453553	-0.6999162915	-0.1118759582	0.6563186356	0.2247757275	0.0147566816	0.4155040592	0.0560247488	1.2200413009	0.9383907943	2.0308255943	0.0463297894	0.0975011777	0.010720537
P606	1528.13003	18.486	C18	POS	-0.6870333443000001	0.6198688973	0.988961356	1.0842891558	1.1561725853	0.124753671	-0.9087948661	-1.32989704	-0.3465470246	0.3873996123	-0.9301386866	-1.7634280136	0.0301873933	-1.4572280794	-0.0631004262	1.0341000106	1.0705911376	0.7680503080000001
P607	862.74877	22.074	C18	POS	0.0124729809	-2.8704123442	0.4759261822	-0.1637380928	0.022868375	-1.8351659937	-0.5374777465	0.97174628	0.2431815067	1.4933071924	0.0330140463	0.59629399	1.1026482975	-0.021098812	-0.1652349076	-0.1346353155	-0.2021609523	0.9784653137
P608	905.75637	23.56	C18	POS	1.8325566118	-0.3065144147	0.4442117559	-0.3870421918	1.1735702475	-2.048495287	1.2850877915	-0.7070534155	0.0183055836	0.1316783538	1.2503570641	-1.7706241364	0.2425077174	-1.0851115775	0.4644544887	-0.4685695481	0.1721643338	-0.241483377
P609	570.35588	10.511	C18	POS	-1.6142232011000002	-1.2376916131	-0.9571017984	1.0335078529	0.0403773067	1.6456481921	-1.5371016054000002	1.7113590790000002	0.063316387	0.3265416455	-0.7877093424	0.8198463796000001	-0.5596292424	-0.6060021796	0.223379803	-0.2108716329	0.4086296792	1.2377242903
P610	834.52546	16.726	C18	POS	-1.4474643382	1.095210206	-0.4704374921	0.2635470342	0.3527747737	1.3367699004	-0.4299741254	0.3426151244	0.7115451965	-0.0229444722	-0.9391688937	-1.1338629976	-0.8127952428	-0.142372272	-2.1711203248	0.8886284932	1.379918026	1.1991314044
P611	1641.16769	18.263	C18	POS	-1.1308041652	-0.9802975456	-0.5828696745	0.3456804525	0.3570031552	-0.6178941241	-0.4106788317	1.2171352736	-0.6062649960000001	2.7365504814	-0.434955918	1.3397426672	0.3919432577	-0.6736582285	0.6393838040000001	-0.4147783852	-0.6923856531	-0.8976299549000001
P612	403.23294	10.052	C18	POS	0.3548484587	-0.0937343985	0.0979544705	-0.0622585046	3.4773723918	0.1354598183	-0.103834964	-0.7771112571000001	-0.6899641808	-0.4172782835	0.8840105058000001	-0.1081328667	-0.5148985887	-0.576800292	-0.6946232002	-0.2285009335	-0.7447666802	-0.4455921301
P614	573.48759	22.768	C18	POS	1.0510656536	-1.4238706563	0.0098071683	-1.4644254595	-0.5432988845	-1.9890379318	0.0657584621	0.460433504	0.3275123825	1.3233391145	0.1595375006	0.4453971308	1.1808418884	0.7845118846	1.6480502101	-0.8833881539	-0.5373037598	-0.6149300536
P615	854.56653	18.038	C18	POS	1.4401545665	0.1258453207	1.2051288412	0.0114702165	1.3679003625	0.2307974244	-0.5473018723	-0.4441075853	-0.6200171831	-1.843330614	1.092430235	-0.5798655312000001	-0.6123084913	-2.1577004351	1.2936189452	0.1226909427	-0.0725448243	-0.0128603183
P616	900.56092	14.791	C18	POS	-1.4362470557	0.3498967505	-0.5264338561	-1.0920719192	-1.4064814285	1.4052401655	0.3671358373	1.574161056	1.4194890381	0.4473858171	-0.4460232741	1.3026365421	0.3387100317	0.741706854	-0.2228791404	-1.3527426932	-0.5687734508	-0.8947092743
P617	311.25849	15.271	C18	POS	-1.5377822495	1.4113942555	0.2262182258	1.1022147256	-1.7823807705	1.3311281644	0.3973286625	1.2527778553	-0.3764236762	-0.46773723	-0.2147884985	-0.9461287905	-0.4870540086	1.0294865951	-1.6255750053	-0.0866970065	0.110748383	0.6632703687
P618	838.55849	17.304	C18	POS	0.927809177	0.3304889723	0.5465774247	0.4542258617	0.7873180505	-1.1599231498	0.6244767759000001	-2.3787290674	-2.5505805017	0.1783608577	0.0628634609	-0.149207057	0.2420096177	-0.2223044007	0.0480224153	0.6345216108	1.0529323869	0.571137565
P619	887.78094	22.878	C18	POS	1.7477826027	-0.686431015	0.1434936119	-1.0970577928	0.2843376448	-2.5977294091000003	0.2589794666	-0.7066495134	-0.15393589	0.6926850686	0.3259986163	-0.4691432702	1.0391904673	-0.0849211517	1.8585515778	-0.1607255162	0.2384661164	-0.6328916141
P620	205.07968	1.062	C18	POS	-1.8740103367	0.4412288444	1.166735838	0.2702923706	1.6951270423	-1.397175942	0.1274675305	-0.7134379121000001	0.1051760388	0.1965557558	0.3639786099	-0.1869007108	-1.2231930129	-1.1547722619	0.203840742	2.0959984417	0.0412208385	-0.1581318759
P621	631.56611	24.676	C18	POS	1.1929433255	-0.26016578	0.0665205051	-0.5863684663000001	1.9048315094	-2.4451833636	0.0857669793	0.0644168902	0.4159297857	0.8231210078000001	0.7361871208	-1.2658981497	-0.5040161712	-1.192899968	-0.8127416304	0.2762381764	0.6946946402	0.8066235887000001
P622	1624.45075	22.785	C18	POS	1.3635527091	-1.9339869227	-0.4698951913	-1.0786492935	-0.5768042911	-2.0551666264	-0.5044538430000001	0.4381568207	0.586931642	1.7388424207000002	-0.5606682771	0.4038101627	1.0102218596	0.1828388601	0.7774563462	0.2346922932	0.6435298804	-0.2004085495
P623	1545.16507	19.198	C18	POS	0.3395698824	-2.8509121621	0.1318870142	1.0597968133	-0.0701880452	-0.2820304868	0.2444623625	0.9450238885	0.3103310587	-0.6381866473000001	-0.6815594919	-0.2130719421	-0.2988563462	-0.3113602379	-0.3834409752	1.0877432332	0.4199122666	1.7835206196
P624	1576.22749	23.777	C18	POS	-0.6635630564	0.7803160683	-0.2654121478	1.1605268934	0.6711196455	0.9720096973	-1.1293080749	-0.3566045579	-0.2685699055	-0.7364744988	-1.616636305	-0.5197759075	-1.4823233123	-0.5596993567	-0.7701975248	1.7685719063	1.3195832667	0.9262396452
P625	568.48546	16.786	C18	POS	0.8923063253	0.0430616365	0.329823549	0.1748572565	2.367035572	0.4788273125	-0.7541603499	-0.9155969246	-0.5063788369000001	0.8719230002	-1.4001314098	0.3928729912	-0.9475130807	-1.8146465941	0.2188594316	-0.7322327405	1.3822474205	-0.0811545586
P626	1520.07054	17.277	C18	POS	-1.1283539966	-0.6786458167	-0.3017068144	-0.0294856965	-0.2628632562	1.7601917946	-0.7768923687	0.149869116	1.6237427627	-0.2177877469	-1.1541261367	2.6470744613	-0.1382683343	0.1329689103	0.2748579106	-0.5268612111000001	-0.7975604118	-0.5761531655000001
P627	772.5488	16.429	C18	POS	-2.6713148407	-0.2940960533	-1.2607721158	-0.2664820901	-0.594242968	-0.1447869302	-0.2722042659	1.2044123318	0.9548933558	0.2371604587	-0.6990347175	0.9844351038	0.1419243656	1.6452651626	0.9258995663	0.6416270996	0.305721963	-0.8384054258
P628	313.27434	10.108	C18	POS	-1.2433835378	0.0092972255	-1.4115863003	-0.1562549428	-0.6551145112	1.581512387	-0.4867403894	2.1795452595	0.8957297237	0.3774696565	-0.7102735309	1.1435042093	0.7078134577	0.4183289414	0.3286288706	-1.1109249282	-0.9215444928	-0.9460070978
P629	1003.58161	9.639	C18	POS	-0.8710311539000001	-0.5671128155	-0.9385844921	-0.1536163205	-0.8999931186000001	1.8426593937	-1.1355138481	1.7630379355	0.6092095247	1.0358952822	-1.086452676	1.1697652186	-0.5389951216000001	-0.2306700179	-0.4927493107	-1.0602992495	-0.438488042	0.6834196158
P630	1545.07525	17.24	C18	POS	-1.2557014734	-0.2916442162	-0.6985067255	0.0158821954	-0.5730106062	1.1973284574	-0.6551853554	0.8619762309000001	1.081295708	0.3073045271	-1.0778877264	2.9661322572	0.049090695	0.4442426255	0.3277467928	-0.5667031354000001	-0.6422822497	-0.6281017703
P631	426.32179	7.312	C18	POS	-0.6882582429	0.4806267773	-1.1689383407	0.1680643692	0.8139876506	0.9389078577	-0.3744025181	1.4220447834	-0.1118855944	-1.0677067808	-0.9496463332	1.2560613699	0.5909096496	-0.9069712597	1.8195334251	0.5149071537000001	-1.5533625217	-1.1838714451
P632	631.56553	20.044	C18	POS	-0.1194097442	-0.4420571153	-0.2285948489	1.0408267383	1.1744067547	-0.2540919102	-0.5481928217	0.3909143485	-0.3584013263	-1.0777097854	0.2176169695	-1.3814421923	-0.5877800582	-0.2997239252	-1.5282274893	1.8803400787	-0.1547744024	2.2763007295
P633	482.36094	11.072	C18	POS	-0.898473917	0.7454304884	-0.6378768015	0.409134165	-2.3936644874	1.2658598666	0.4202610857	1.0167269413	0.393400438	0.4715510736	0.304723006	0.4553779256	-0.1730916435	0.9719011469	-2.1945433225	-0.2360527999	-0.6651812007	0.7445180355000001
P634	762.66017	21.253	C18	POS	0.3105888835	-1.5153116475	-0.3416748911	-0.7103190763	-0.8105871126	-1.2814497335	-0.6961623891000001	0.4896461305	0.386963412	0.6723798475	-0.2738785733	1.3250456209	1.4318512995	0.9170798348	2.2040765231	-0.5021431401	-1.1485940941	-0.4575108942
P635	548.27527	9.71	C18	POS	-1.2486508063	-0.188948682	-1.0465546711	-0.1333213699	-1.1950937572	1.5694086262	-0.157941489	1.8526492788	1.0241150455	0.9739881469	-0.2645567564	1.0810059914	0.3389630575	0.2629461936	0.2569432906	-1.7502994914	-1.1611946512	-0.213457956
P637	415.21187	7.214	C18	POS	-0.0264558509	-0.0475778612	0.3886193252	-0.2420283321	2.0801037141	1.08149768	0.2515861243	-1.1925728374	-1.2329819642	-0.3031224093	-0.9664980827	2.1422029663	-0.8355669769	-0.9435405078	-0.3829085728	-0.0419453312	1.1093933911	-0.8382044745
P638	930.60672	15.862	C18	POS	-0.0494329165	-0.4311902711	0.9621000226	0.7753964782	1.1751548035	0.3774447167	-1.0485503119	-0.4651106433	-0.3267191153	-0.2841752972	-1.5789309246	0.1475694637	-0.5773262235000001	2.3539962468	-1.8080654613	-0.5018101671	1.1540941829	0.1255554172
P639	841.71173	21.886	C18	POS	0.2170526513	-1.0720109073	-0.3044978422	-0.874323213	-0.6395900145	-0.6924429127	-0.3847868194	1.0161746351	0.2072499916	1.0791950525	-0.6648574155	0.767539893	1.4914308405	0.9259586282	2.5671343798	-0.8599127115	-0.7480344664	-0.3377812485
P640	502.49814	16.965	C18	POS	0.403213343	1.419617089	-0.087667274	0.8261142835	-1.5832703138	0.2616209913	0.7381434530000001	0.7906722582	0.5539532658	-0.2108713616	1.0779810143	-0.8029405339	-1.0765208768	-0.9506064875	-1.9501872071	-1.2582559387	0.73706796	1.1119363351
P641	945.85997	24.735	C18	POS	1.8182130883	-0.0984461176	0.1853681785	-0.1979190343	1.1416627379	-2.0695050385	0.7542104841	-0.3245964774	0.5784697239000001	0.4689274544	0.6892001545	-2.1237737358	-0.447316664	-1.1674845075	-0.4428569348	0.074144444	1.0115453766	0.1501568677
P642	768.70783	22.699	C18	POS	1.1649773112	-0.4669423193	-0.8984836887000001	-0.4171439808	1.4581013866	-2.4464911066	0.1791312837	-0.8833850757	0.2895653871	0.6960903953	-0.107391617	0.4287113037	0.3296413698	-1.0062672325	0.8085366185	1.2293938961	0.9176737726	-1.2757177041
P643	814.69039	21.686	C18	POS	0.1244372091	-1.3866247701	-0.7700794205	-0.7918332686	-0.9253647203	-0.0787778754	-0.3688694114	0.7951330618	0.3378143779	0.6071593335000001	0.2778369055	1.0377677677	1.1267815917	1.0102401316	1.8178341778	-0.8451066410000001	-2.1304519494	-0.7632612202
P644	1577.23141	24.733	C18	POS	0.6961140024	0.6902610164	0.2893747572	1.0096391414	1.1864719029	0.8501941254000001	-1.4343741856	-1.0978181664	-0.7015439461	-0.2622009717	-1.5404030769	-1.4041579031	-0.3249471953	-0.4809981701	-1.0261049488	1.0160622334	1.3082470065	1.2261843783
P645	311.25842	17.638	C18	POS	1.172579098	-0.5973162673	0.6162247949	0.0105606128	-1.0563201997	-1.0266660822	-0.1900000607	-0.9753309976	-0.0804244174	-0.8106872606000001	0.8995641884000001	-2.5182692396	1.12792287	-0.2201054979	1.2898093532	0.5949914889	0.9899805702	0.7734870465
P646	918.81078	22.656	C18	POS	1.1217749948	-1.0640029685	1.4426783681	0.2084151978	1.0532044584	-1.7719939362	-0.7421477017	-0.3676491448	-0.2216244514	0.5452098795	-0.1411601746	-0.8425181769000001	1.401624961	-1.1059717787	-1.5920784602	0.5695039823	0.3715459045	1.1351890465
P647	837.61606	19.519	C18	POS	1.9382300021	0.3482722524	1.049275476	-0.597541744	-0.7792008145	-0.7198645271	0.6623193805	0.9018124351	-1.7885089451	-0.0571386943	-0.7852397378	-0.6583431271	-0.714014455	-0.3595389182	-1.3238544115	1.5961746171	1.0087910144	0.2783701971
P648	616.60263	23.162	C18	POS	-1.5516631745	0.6565703661	0.8497033982000001	0.9180039918	-0.5573112171	0.2674444274	-0.3831103433	1.1771225426	-1.4298450516	-0.936668902	-1.5910738606	1.4571052096	0.3008202959	1.168574857	0.125640836	-0.0368735337	-0.9699738749	-0.0586507179
P649	968.77052	22.26	C18	POS	0.1318583773	-0.6200567154000001	-0.3750651956	-1.8507257077	-0.7367402021	-0.7813638861000001	0.1918996285	0.8014793881000001	0.5808601123	0.8629923848000001	0.201201534	0.6715128889	1.4537541737000002	1.5042121761	1.2459397756	-1.9505028592	-0.6056140743	-0.7256417989
P650	504.30893	10.172	C18	POS	-1.2818354322	-0.3244053991	-0.6763225232	-0.0966171901	-0.1402615593	2.2750458431	-1.103879249	1.7977766969000002	0.2562054802	0.5990084623	-0.9346920882	1.4315788393	-0.494464536	-0.2450213182	-0.3358683364	-0.9046935441	-0.7881609661000001	0.96660682
P651	786.52887	16.103	C18	POS	0.2882277435	0.8758013640000001	-0.2340744854	0.0569441943	-0.9566464339	1.6168042781	1.1497989363	-1.4849451224	0.5161118155000001	0.0747234523	0.4891805441	-0.0032138051	-0.6675305546	-0.8164129273	-1.566871639	0.6733186116000001	1.6532526955	-1.6644686675
P652	798.52979	16.29	C18	POS	-1.8582727861	-0.258797042	-0.3438014024	-0.5383318033	-1.5237451093	0.6071872726	0.6535810384	0.6904547309	-0.3224637871	2.1801864195	0.0630408009	0.922687145	-0.5912903035	0.1309652306	0.6158916312	-0.6897236957	1.4557346765	-1.1933030163
P653	1611.21567	20.873	C18	POS	-0.0242848079	-1.1232387911	0.8906412126000001	1.0010898824	-0.2649950753	0.1671745957	-1.8994092745	-0.2286418243	0.0661019713	1.0534019017	-2.0275736558	1.8532495146	-0.197805385	1.0141498968	-0.6735853861000001	-0.4495564347	-0.0503225057	0.8936041653000001
P654	599.50355	15.564	C18	POS	-1.1394517544	1.6911219737	-0.2374260909	0.1131304044	-1.6493201601	0.0748889168	0.3098566962	0.3584233192	0.9022631717	0.9384890686	-0.5389405793000001	-1.3833305778	-0.4651713309	-0.5371765729	-1.6379237921	0.7012857525	1.0040817144	1.4951998407
P655	934.88033	26.419	C18	POS	0.9749978007	0.4738870398	0.8472104694	0.645960583	1.7486816664	-1.5320299285	-1.1556522507	-1.3251392311	-1.1288596799	-0.1875562226	-1.0951071186	0.6298616532	-0.9747357756	0.3743347034	-0.8121508823	0.6458847096	1.366222301	0.5041901627
P657	1510.08351	17.668	C18	POS	-1.7370622728	0.0238246984	0.4885738558	0.7401142071	0.8128540879	1.0633030433	-2.0621991502	0.2296393835	-0.168908042	-0.121073314	-2.1081808509	1.7556343718	-0.1196983653	0.3186450826	0.5747878388000001	0.2847006011	0.0385046971	-0.013459872
P658	550.38713	12.049	C18	POS	-0.3950686238	-0.069951001	-0.5471498907	-0.2036881904	0.5946100295	0.7241575031	-1.680553818	1.6048814764	-0.0709744975	0.4740058756	-0.8964917049000001	1.2635623536	-1.3025738946	0.5634465261	-2.1762864208	0.4817168394	0.4514284799	1.184928958
P659	857.7585	23.415	C18	POS	0.5046543519	-1.2523315622	-0.4760003369	-1.2225059914	0.7218923025	-1.8265028998	-0.0168640578	0.3109810385	0.2585814134	1.1752385782	0.3751873192	-0.1461127025	2.8085006627	0.275259771	-0.1317599612	-0.1544486731	-0.8867563272000001	-0.3170129252
P660	1582.17578	19.139	C18	POS	-2.0402857655	-0.0133213532	-1.3457972255	0.231639843	2.5631342219	0.218430645	-0.6856278924	0.2265588336	-0.037347371	0.374460048	-1.2518216993	0.2228887824	-0.490906194	0.3326431522	0.007560324	1.6323578314	0.1969322446	-0.1414984253
P661	749.53188	16.45	C18	POS	0.5888336915	1.3862336529	-0.3166086796	0.3773702405	-0.2673942821	0.6473876425	0.0376505004	-0.6166141635	-0.0501820493	-0.8433039368	-0.2442200992	-1.0956676428	-1.3494086885	-1.1127110089	-1.5821460043000002	1.1857025567	2.0617375514	1.1933407192
P662	920.86483	25.818	C18	POS	1.0007803427	-1.0655322049	0.8011418920000001	0.5950957352	1.427882642	-1.8365945387	-1.9655167029	0.0066508509	-1.016944924	0.2283195422	-1.3969875857	0.5411207508	-0.1250133994	0.4211996974	0.4099791324	0.6196595556	1.2243744207	0.1303847936
P664	908.62184	16.816	C18	POS	0.9784847484	-0.1748689563	0.5287374188	0.8201368339	1.8362338209	0.2191926248	-1.2469670479	-1.1390060948	-1.524976852	-0.7034235870000001	-0.5780236921	-0.3213690202	-1.1822023258	-0.7081504388000001	-0.4259025824	1.1932816264	1.4093542418	1.0194692822
P665	573.48763	17.891	C18	POS	1.2805410621	-1.4873838926	1.2625380753	-0.3681917782	-1.0329268272	-1.2187725362	-0.5676902994	0.1584971127	-0.2463526112	-1.1323191159	0.4630374028	-1.0134087911	1.1694535158	1.3381402804	1.918459187	-0.1692283545	-0.1313747891	-0.2230176406
P666	829.71475	17.243	C18	POS	0.7302437086	-0.5190973967	0.41048238	-0.7371918478	-0.6335020512	-1.2243220099	1.9641189118	-1.6785024459	-1.1592791192	0.1329018001	1.711976043	-1.0043137348	-0.3199566595	0.3714406255	0.4274021422	-0.4681561369	1.2284854701	0.0300784728
P667	842.59055	16.363	C18	POS	-1.8849546556	0.9094066561	-0.9682472828	-0.7527244912000001	-0.6628270268	-1.1755033225	1.2498768091	-0.0249636603	1.3970286613	0.1746845804	0.8200938277	-0.700331428	-0.5034128426	1.0011887254	-1.3457964205	1.1555461856	1.0586484837	0.252287201
P668	970.78594	22.474	C18	POS	0.0507270968	-1.4484563247	-0.3685002362	-1.4708643407	-0.140143888	-0.6044334163	0.3506692821	0.7939396971	0.7369362059	1.0479892149	0.573836601	0.8812801031	1.2358896243	1.1213961699	1.0618372425	-1.8079881849	-0.5045752976	-1.5095395492
P669	1586.1163	17.781	C18	POS	-1.4929323611	0.7132788254	0.4586736002	0.4319009992	0.0649456121	1.188125081	-1.7566065917	0.0941298312	-0.7060486189	-0.2814825644	-2.4952114973	0.6182037909	-0.2766276058	0.6355856352	0.0202929618	1.0576295352	1.0628430431	0.6633003239
P671	540.53503	17.293	C18	POS	1.2745511011	1.0423969228	0.1089520475	0.0070245955	-1.3051032961	-0.5355138204000001	1.6038955561	-0.1385095056	1.0138953273	-0.6310845303	0.9115806386	-1.7135297351	-0.0651819833	-0.9380486957	-1.7796051143	-0.4384500941	0.8457848115000001	0.7369457745
P672	589.48018	18.37	C18	POS	1.3679696595	-0.4681984374	0.4351135981	-0.0249735353	-0.9473686165	-1.239268933	0.3154403716	-0.0472685896	0.426230438	-1.5014756179000002	0.4903099094	-2.6979024922	0.6434692334000001	0.0576274647	0.3529251914	0.9801051018	0.9605231218	0.8967421323
P673	913.79881	23.118	C18	POS	1.1926854239	-0.9011345442	-0.1291714964	-1.2573910653	0.4035777523	-2.1805309257	0.244853307	0.1378065208	0.0764349232	0.3641232196	0.5135468325	0.3209795494	1.274737516	0.5502393607	2.0519383278	-1.1739627075	-0.6003166872	-0.8884153067
P674	692.52266	17.726	C18	POS	0.5123730121	0.4882518871	0.4630640383	0.4498913958	1.093267089	0.2422220778	0.2892416207	-1.9123707248	-0.9434647224	-1.3712369303	-0.0134850509	-1.0245665384	-0.0923474515	-1.6362319554	-0.5293932471	1.2538196722	1.3659259588	1.3650398691
P675	602.58693	18.931	C18	POS	0.8703703038	0.6710932129	2.0646317286	0.8881489441	1.2577515624	-0.6585344065000001	-1.1834780649	-1.1396453336	-1.0343309682	-0.163602224	0.1725832493	0.6184080967000001	-1.5792119181	-1.0160617041	-0.5126617895	-0.1012552464	1.2474237872	-0.4016292295
P676	895.71421	23.46	C18	POS	1.0520944204	0.4224814207	0.9137681727	0.5073904633	0.966808335	-0.2221273723	0.8009989913000001	-0.3159413724	0.0217033494	-1.7971677373	-0.4266287936	-2.459089663	0.410561209	-1.8085863489	0.6324549167	0.5142122916	0.5021588272	0.2849088902
P677	776.5582	18.218	C18	POS	0.3745322927	0.7019776421	0.2103895881	0.3289724676	0.2969150785	-3.1794280005	1.0174500755	-1.5650364433	0.4775931784	-0.6129314569000001	0.4088022851	-0.4874929736	0.7636011774	0.7483363553	0.8798328578	0.1506784384	0.2184832404	-0.7326758031
P678	738.52864	15.468	C18	POS	0.4940181566	0.9903727271	-0.0871453208	0.5690181366	-1.2964961243	0.3715711699	0.0418167106	-0.1182643255	0.1350010546	-0.1640833464	-0.3267343215	-1.5909187413	-0.8693427920000001	-0.7403001732000001	-1.9354423576	1.3453884583	1.6417256969	1.539815392
P679	925.7619	24.698	C18	POS	1.5155347779	0.4399046706	0.6851556327	0.0185609662	1.3550078698	-1.8024825172	0.5588559444	-0.8698212545	-0.0686525867	-0.2669631885	0.9155679399	-2.2698652943	-0.4160729239	-0.9761702561	-0.5548931433000001	0.3971133431	1.0764488724	0.2627711475
P680	1506.1488	19.256	C18	POS	-1.2393029349	0.3410105095	-0.976566333	0.6372508295	-0.4783771657	2.0284062906	-1.1799801246	0.8949992278000001	0.4425901693	-0.2662292596	-1.4250494215	0.9971256152	-0.8949867042	-0.0463674901	-1.3888513655	0.6656809328000001	0.6273518592	1.2612953652
P681	846.6002	18.829	C18	POS	-1.3499385356	-1.6406683854000002	0.7243601464	-0.2339878153	2.2468178755	0.9868089542	0.2235198315	0.4288528522	-0.107874897	1.1019668418	0.2078394614	0.7012731915	0.0358116353	-0.0163908466	0.0174843822	-1.524408249	-0.2146939902	-1.5867724531
P682	1587.12063	17.814	C18	POS	-1.3173804625	0.6511286329	0.4413135046	0.5963404409	0.1097912561	1.1704474473	-1.8883957638	-0.0196864438	-0.4842943348	-0.3457210007	-2.5166390029	0.6660835879	-0.3922407261	0.5287843278000001	0.0131886259	1.0948088481	1.1164713911	0.5759996722
P684	615.53488	15.717	C18	POS	-0.7342642819	-0.8660728889	0.5696915467	0.9930050026	1.861963281	0.7080631954000001	-1.6082463204000002	-0.6234820805	-1.210255059	-0.68297658	-1.7404203945	1.2313590074	-0.3452480106	-0.1773809197	0.5061554411	0.8275998636	0.8122200610000001	0.4782891368
P685	875.70976	22.612	C18	POS	1.0435106944	-1.6713155127	0.2913481432	-0.8340934626000001	-0.342176754	-1.6710803384	0.1704314724	0.4450174591	0.34216337	0.6867523997	0.2807877588	0.1221765322	1.2405008511	0.8724662329	1.9773020619	-1.1840383596	-0.4723736217	-1.2973789267
P686	387.28962	10.086	C18	POS	-1.2823428516	-0.3722190938	-1.107729702	-0.1241785474	-0.8666730974	1.8763781571	-0.8211015198	1.7991809817000002	0.7281258605	1.14208794	-0.7889070689000001	1.3136692826	-0.224316772	-0.0020255561	-0.2738295704	-1.022588758	-0.8345298036000001	0.8610001191000001
P687	601.51898	17.56	C18	POS	0.412054288	0.6381734551	0.9504664516	1.165765447	2.1535585094	0.7993363659	-0.9727416274	-1.3644690971	-1.2210240381	-1.6408737981	-0.7817840049	-0.3215048852	-0.3166322949	-1.0669619015	0.1190487258	0.8035964655000001	0.5116149838	0.132376955
P689	870.66801	21.544	C18	POS	0.022709514	1.4125224773	0.3005458356	1.3652475162	1.0960265647	0.9508319325	-0.5120678133000001	-0.9472784184	-0.6705755682	-0.8390758557	-1.0750927084	-1.5346715266	-1.1047851858	-0.0243760233	-1.3510955252	0.965826732	1.325381255	0.6199267978
P690	790.53439	18.182	C18	POS	0.8098442896	1.1677301946	1.243769573	1.4593429583	1.2296868005	-0.1212186325	0.1426318275	-0.9457181141	-0.369318664	-0.7261612934	-0.7780707423000001	-2.1193533135	-1.1803088294	-1.1444312392	-0.1488420203	0.2648777117	1.1405316565	0.0750078371
P691	387.28936	15.298	C18	POS	-2.1176997118	0.5632286065000001	-0.7297894844	-0.3293072149	-1.943807343	0.8098004388000001	0.3261550102	1.2360574283	1.0890101956	1.0865965417	0.1113984604	0.5694282753000001	0.747683993	1.0962665389	-0.6248505133000001	-0.8020469642	-0.9906362757	-0.0974879814
P692	796.58249	21.324	C18	POS	-1.5979577987	0.3414199622	0.64211121	0.8870037664	1.462711081	0.6626059211	-1.9957145597	0.6550943908	-0.7431225977	-0.5654085081	-0.8179159306	0.3004529797	-0.8261193790000001	-0.3706948535	-1.3645406858	1.123015304	1.0745673904	0.3063729285
P693	796.52655	18.486	C18	POS	0.2656710873	0.9828872337	0.8479917149	1.11706674	0.909460077	-0.0438365255	0.4050283142	-0.8836703772000001	-2.7011072057	-0.6206513484	-0.6278079215	-0.2732089087	0.4313096471	-0.4721504577	1.2089298885	0.5284861626	0.5457506182	-1.6201487387
P694	782.60474	20.407	C18	POS	-0.8870754538000001	1.3967885981	-2.733767632	1.0367349276	-1.0038507018	0.4124607231	1.0636162357	-1.106226384	0.5255559274	-0.591321513	0.2328446059	0.7727783605	1.008348165	0.6246121234	-0.6227633981	-0.3045151488	0.1069291979	0.068851367
P696	1560.10243	17.671	C18	POS	-1.5178954911	0.0174826866	-0.0018396434	0.460711648	-0.1766643996	0.6311287092	-1.4212156199	-0.0283936056	-0.6004536876000001	-0.5034809529000001	-2.0948601761	2.4145422412	-0.1879094428	0.3190121861	0.3861742269	0.9845723485	0.853392759	0.4656962138
P697	738.54373	17.774	C18	POS	1.1386969552	0.2510819554	0.7995328260000001	0.2959975734	0.9996203535	-2.331730269	0.7274271273	-1.5583657451	-0.4756409629	-1.8677260034	0.9089806181	-1.601491299	0.1145840631	-0.1889360161	0.191813938	0.5217507117	0.6772191823	-0.1611807537
P699	1469.01711	17.961	C18	POS	0.5233539216	-0.3583605933	0.5469638941	-0.2176957365	2.2567827435	-1.2351826693	-0.0868207618	-0.891854154	-0.8047076011000001	-0.6356721916	2.0817559157	-1.7240184192	0.4293161113	-0.9553329345	0.3720468119	-0.1778869768	-0.0147762845	0.0002347706
P700	918.60697	16.057	C18	POS	-1.546997724	-1.9583251433	0.9680621869	0.4413352953	0.6321988911	0.6659254803	-1.3132544951	0.3338166169	-0.6415540974	0.1547355978	-1.2571108685	1.5694737031	0.1449372538	1.117987682	1.1961504606	0.11709365	0.2221557927	-0.846630282
P701	379.28206	11.673	C18	POS	-1.9721085617	-2.0538175858	-0.5633513243	0.5540463824	-0.0928424992	0.6775617259000001	-0.3003339456	1.2364415066	0.2805678576	-1.4007577825	0.2613530738	1.2042316383	0.6885310057	-0.0752422304	1.2244828703	0.7149376131	0.5356211598	-0.919320904
P702	361.27386	15.387	C18	POS	-0.2947388889	0.8476229905	-0.4241749427	-0.4107536147	-2.2986993085	-0.412824225	1.6912216119	-0.0265305068	1.3878088533	1.3773269838	0.8613474195	-1.0418355914	0.6523018692	0.3381570267	-0.5231024946	-1.209758532	-0.7422186980000001	0.2288500475
P703	736.49141	15.836	C18	POS	-2.1433736295	-1.0369484626	-0.8126165492	-0.1005571287	0.2940792727	0.2662146677	-0.501672804	0.6769254328000001	0.5046304306	0.4050438806	-0.7624012975000001	2.4010220132	0.8940032141	0.3906919523	1.2417236051	-0.0140788323	-0.6457078642	-1.0569779012
P704	941.82856	23.583	C18	POS	1.2915707727	-1.2457618005	-0.6885358212	0.2367102085	1.2065617548	-1.5843105424	1.0690409954	-0.8202336087000001	0.8276175912	1.0097695031	1.0990963	-1.2074990465	0.4411536898	-1.3087630673	0.6614412175000001	-0.9063598712	0.6403907933	-0.7218890682
P705	546.28351	8.859	C18	POS	-0.9111787534	1.0728885736	-0.6353029196000001	0.2024203006	-2.1967842378	1.8493270013	-0.1676790948	1.4942333686	1.1822782864	0.6583775926000001	-0.6982082995000001	-0.492706479	-0.1029709806	0.1941768024	-0.3103585574	-1.4279520567	-0.2296439731	0.5190834264
P706	1669.20023	19.17	C18	POS	1.0847784993	0.7179757747000001	0.071980411	-1.3262628237	0.2365206666	0.8784193271	0.6160274976	0.5351618708	0.4752068941	0.5811201869	0.0576299135	-0.0226364594	0.2485842936	0.9961197397	0.5541397343000001	-2.328645472	-1.6892919185	-1.6868281356
P707	928.5911	15.425	C18	POS	0.4123658172	1.2159799593	0.1370106956	-0.4178720289	1.6454842561	0.8073002312	1.2830328762	-0.2589746408	0.0150994377	-0.4819070321	-1.1409104372	-1.1530358031	0.035022115	-2.3355073486	-1.1139787907	0.6723531919	0.9883831693	-0.3098456682
P708	508.37664	11.415	C18	POS	-0.999091937	0.6156290197000001	-0.4917793609	0.2316975956	-1.8455447928	1.9776261384	0.0329737366	1.1304675524	0.4663821896	0.2803354813	0.4639641514	0.2540785034	-0.2864244124	0.328987392	-2.181473898	-0.4267377535	-0.7561864984000001	1.2050968927
P709	797.53239	15.533	C18	POS	-0.91995962	1.2139895948	-0.1359616705	0.0305023466	-3.3590591735	0.2187984914	0.8290595067000001	0.3998340802	0.7768539010000001	0.1666568895	0.2784241179	-0.4245232316	0.6569920138	1.0210538877	-0.3532423692	-0.5638162397	-0.4934492114	0.6578466863
P711	774.56411	17.035	C18	POS	-1.6403972133	-0.6880023354	-0.1223184194	0.0323327923	0.5854076262	-0.6833424552	0.0632670877	0.4151983109	0.1598178612	-1.4646251444	-1.1798054883	0.8920463617000001	0.0599799706	1.3751718543	2.0756936498	0.936136943	0.6071987296	-1.4237601313
P712	942.7548	22.028	C18	POS	-0.4336617509	-0.8739151421	-0.7065220055	-1.1017548691	-0.6236519852	-0.7868572682	-0.1880247661	0.4314384576	0.832707081	1.0405441605	-0.1237709128	1.4024630399	1.4177970515	1.5132352359	1.4901834411	-1.477947857	-0.9127066479	-0.8995552626000001
P713	478.29347	9.637	C18	POS	-1.3623694642	-0.4994715084	-0.3694847173	0.4210804396	-0.1953810153	2.0552293436	-1.2315153609	1.905423261	0.24207968	0.0766836121	-1.2204530297	1.6273439661	-0.0423891168	0.0712736231	0.5490063555	-0.9481687888	-0.8391902589	-0.2396970207
P714	705.55421	15.53	C18	POS	-2.6391985498	1.2804170896	-0.1453210755	0.8597896905	-1.2966818788	-0.4772086799	0.4736108671	0.5402109476	-0.1943539122	0.2539841151	0.2240602519	0.6850024957	0.4500553042	1.0931470126	-1.3754412808	0.651649204	-1.1406020539	0.7568804525
P715	504.30647	11.33	C18	POS	-0.431222468	1.1293405512	-0.8739168326000001	0.7700759018000001	0.0018611522	2.1531156386	-1.206915424	1.3358541641	0.8153639822000001	-0.3023552679	-1.9071338987	0.7284286172000001	-0.5375826504	0.3602463715	-1.1117635404	-0.6924373864000001	-0.4470602264	0.216101316
P716	847.75839	23.567	C18	POS	0.7232809826000001	-0.8576638256	0.7950062603	-0.7641435713	-0.2102791446	-0.7467228614	-0.2817624922	-2.8235515025	0.7766103102	1.214033911	0.9945201192	0.5519966698000001	0.9308969106	-1.1013305364	0.6114685910000001	0.2161162969	0.3275488132	-0.0284761177
P718	560.36915	12.311	C18	POS	-1.0100042981	-0.4191659989	-0.6710862076	0.5739103307	0.0643823323	1.2485500565	-1.9788473057	1.0707094828	0.2235660417	0.8772459010000001	-2.0352401613	1.5500278625	-0.3156307003	0.9715668586	-0.4770141002	-0.2332371319	-0.2454119645	0.8056790025
P719	214.25313	8.239	C18	POS	-0.6367294967	0.3204513333	-0.7103573443	-0.2384032426	0.4541576103	0.0262283003	2.8262952779	-0.1977246721	-0.2445904901	0.0739892776	1.8165848524	1.180662087	-0.8913199471000001	-1.0559938969	-0.8831882312	-0.8923384548000001	-0.4402446763	-0.5074782867000001
P720	736.64534	21.156	C18	POS	0.1627229812	-1.7927897124	-0.2717831964	-1.0646294004	0.2951541044	-1.3641639394	-0.8618696759000001	0.1910423183	0.3265087156	0.3899907236	-0.2669277993	1.2925419145	1.1894113195	0.8371871827	2.4029814605	-0.4690684957	-0.168085456	-0.8282230446000001
P721	790.56107	17.854	C18	POS	0.455902991	1.1181224814	0.2676816237	0.5075549718	1.060978462	0.8895263559000001	-1.0255328398	-1.1761405405	0.4151307307	-1.6030566374	0.4368782489	-0.2238188651	-0.786804602	-1.5939968366	-1.6468210014	0.6085903152000001	1.1471066266	1.1486985156
P722	846.75466	24.16	C18	POS	0.7313269904	-1.6989774896	-0.255551889	-0.9893683772	-0.8085039895	-1.0396935586	0.1621205689	0.3984939524	0.5443115498000001	1.4687296671	0.197602046	0.0706062243	0.3042469065	0.7724293745	1.0100710165	-0.8406603588	2.1452859536	-0.5065916533
P723	721.58487	16.037	C18	POS	-2.3567755185	0.7808569387000001	-0.4072195499	1.1997419126	-1.0864805856	-0.040388199	-0.0132568406	0.8608451473000001	-0.7943128260000001	0.2206814625	0.065231943	1.0032749062	0.1197060257	1.3209619007	-1.6215366962000002	0.7018204008000001	-0.9078679765	0.9547175548
P724	935.80336	24.741	C18	POS	1.1884190275	-0.7166011973	0.6169103134	-0.4901711303	2.4229248512	-1.7299882083	0.4506220623	-0.5405319395	-0.6194872836	-0.386964639	1.3092610185	-0.5952479161	-0.2097634393	-1.5570099895	0.1428537862	0.9479213077	-0.3143429972	0.0811963731
P725	1467.09315	16.807	C18	POS	-0.8912955577	-0.2220403696	1.2296632852	-0.5129851795	-0.8780924154	-0.9087800463	0.217892115	0.7472318872	-0.5217210852	-1.1123810713	2.1108232726	-0.8650989162	1.4082418974	1.4156164702	-0.4621532958	0.9103048915	-0.9889854243	-0.6762404577000001
P726	770.60415	19.851	C18	POS	-0.2158404904	1.1300386781	0.3575878642	-0.5896828099	-1.860355207	1.1658718075	0.6158748698000001	-1.8598712569	1.0330181715	-0.7058484788	0.462873474	-0.3178375073	0.8893357346	-0.0477468999999999	1.6827359324	-1.2930127328	0.3915055789	0.0506890066
P728	566.45446	15.52	C18	POS	-2.3380505003	0.9987944945	-0.4030072567	0.4016081531	-1.6378460104	0.3395616662	0.3468612401	0.8068741022	0.3189136722	0.4827759662	-0.3640724993	0.6821514987	1.0130802397	1.7524450424	-1.2356356071	-0.3165519363	-0.9836396266	0.1357373614
P729	659.50111	19.311	C18	POS	1.2988571873	-1.3488062815	1.0995447071	-0.0820775427	0.2486999403	-1.0289193766	1.1648594834	-0.0658952803	-0.1652792451	-0.5865844508	1.8542676571	-1.9437733372	0.3192035578	-0.635742947	1.3478410021	-0.3533796246	-0.8166116747000001	-0.3062037746
P732	820.525	18.114	C18	POS	0.8608104184	-1.0713122358	0.5465955496	-0.4035873823	-2.0566105136	-0.3106957498	1.6937161414	0.3260297499	0.0001995464	0.2235764187	1.5212016993000002	-0.9997272911	0.3151207986	0.3651073463	1.0243410451	-1.759720273	0.3957139217	-0.6707591898
P733	861.54886	15.195	C18	POS	0.0706431169	-1.0279663216	1.4468030604	-0.0731064871	1.0922815959	-0.7247948247	0.1248474709	1.768819469	-1.5583976935	-1.282815376	0.4861370456	1.0991611205	0.3766321223	-1.5489602944	-0.5781817241	0.0185441962	0.7193033227000001	-0.2841023283
P734	520.5088	15.706	C18	POS	-1.1137433629	1.2331389296	-0.9972358894	1.5775411167	-1.4334505796	1.3428438775	0.1315766958	-0.0355877196	-0.1218749044	-0.578185499	-0.7017545958	0.6379265792000001	0.0498059069	0.3744704161	-1.6059595578	-0.5519112624	-0.1032770089	1.8956768581
P735	1595.0906	17.239	C18	POS	-0.8981376561000001	-0.5414406317	-0.8433268247	-0.5496873066	-0.8944090207000001	1.1793878094	-0.7204868258	1.7774465945	0.3828966992	0.4397702964	-1.1631539343	1.9990092008	-0.0074107419	1.3357912583	0.1781331153	-0.6962038845	-1.1305993178	-0.7457164859000001
P736	575.50357	14.825	C18	POS	-1.1683338509	-0.5481480291	0.1250139919	-0.1742464855	-0.1689156854	1.4414955254	-1.2759535652	0.9738265097	0.2806526968	-0.9443252142	-1.8352300109	2.2840531867	0.3190294345	0.9276474598	0.5455918954	-0.4176073909	0.3418398418	-0.7063903098000001
P737	1548.10111	17.707	C18	POS	-1.4109626178	0.3476133166	0.5474247795	0.1853993813	1.1273739373	1.3332168157	-1.8382141462	0.4466966657	-0.9216277174	-0.3295737394	-1.4946741702000002	2.2479778045	-0.6516803596	0.1168079014	0.3189802048	0.0590585333	0.217651496	-0.3014680856
P738	425.21494	10.054	C18	POS	0.4652796086	0.0640398952	0.191484267	-0.0251657625	3.4510520095	0.0306660151	0.0071342673	-1.0123376624	-0.7052576852	-0.4486858223	0.7655657142000001	-0.2552999562	-0.5190842304000001	-0.6315094666000001	-0.61335598	-0.1702031978	-0.6194877758	-0.3777537313
P739	492.44111	15.184	C18	POS	-0.8963196182000001	-1.8324327255	0.5573210822	-0.7894923934	-1.4042072259	-0.5135534675	0.9483254987	1.0201310035	1.199025181	1.1915656751	0.5841358997	0.3438950439	-1.3312727914	-0.0246011873	-1.1668064848	0.7821622321	0.0419551873	1.2901690907
P740	831.69407	20.862	C18	POS	-2.0011807227	1.9116314053	0.515351835	1.5607266554	-0.3964323107	-0.5166194012	0.3715421879	0.157252762	1.4761618905	-0.7102823299000001	0.3681758773	0.6296156947	0.1027938205	0.2466338123	-0.8703145255	-0.8150118223	-1.3915246712	-0.6385201574
P742	773.65353	22.711	C18	POS	-0.4207924166	0.0164257658	-0.7265122969000001	0.0446756135	0.565766793	0.6508395755	0.2033014557	0.9280264973	-0.2946009384	-0.5006412963	-0.2726039265	0.8976232815	0.4898709139	1.1476069693	0.4476256483	0.3871690925	-0.7391664086	-3.0703850178
P743	476.27523	10.148	C18	POS	-1.2569962606	0.0981181513	-1.4196098348	-0.1038217058	-0.4948585672	1.6066135321	-0.5114695546	2.1006633091	0.8883769335	0.3953930079	-0.8883747223	1.1538044047	0.6411284757	0.5185554724	0.2942739376	-1.0543776937	-1.0291833249	-0.9382355605
P744	856.58197	19.143	C18	POS	2.236642034	0.6063689164	0.5794914476	0.7575898741	0.6490126557	0.9226628289	0.7957872646	0.1556009265	-0.397011093	-0.5108549539	0.0187687472	0.1098745196	-0.6397295114	-0.1618542859	-0.2935751412	-1.9014910805	-2.1481740123	-0.7791091365
P745	834.57163	15.99	C18	POS	1.1585255105	0.7384052142	0.3537073224	0.4597571657	-0.7615509273000001	-0.6761429725	-0.6574577970000001	-0.1356386584	-0.294787666	-0.3607198371	-1.2542519005	-1.2204327845	-0.6110563113	-0.6756116628000001	-1.148948482	1.4526906234	2.0880940053	1.5454191579
P746	780.51775	15.565	C18	POS	-2.752000729	-0.0934796213	-0.1824665656	-0.0593264587	0.2463104038	-0.3944640175	0.4771991306	-0.2954269062	1.3944304096	-0.3300341046	-0.4489839824	2.5638626986	0.4292881045	0.0046768179	0.5124783475	-0.0072726717	-0.5934241745000001	-0.4713666811
P747	755.52271	15.729	C18	POS	-1.3870818479	1.2249018808	-0.2356549793	-0.0708834497	-1.6876026955	1.3123736124	1.0955122224	1.5037682005000002	-0.0508109824	-0.5538060581	-0.4167552872	-0.9363338987	0.5469556143000001	1.4679429471	-0.9395645085	-0.7102814053000001	-0.8779101431	0.7152307779
P748	638.57194	18.525	C18	POS	0.9958290769	-0.543936382	0.209990665	-0.0417001379	-1.5205582199999998	-1.8735539401	0.5608502363	0.3935426741	0.6412988037	-1.470204649	1.4845549195	-1.9781767453	0.6419457464	0.5638758695	0.5787264279000001	0.5011030160000001	0.3947426985	0.4616699403
P749	649.51938	17.167	C18	POS	-0.759925449	0.1806588831	-0.3512746043	0.2462552656	-0.8739793675	-0.0543288561	1.47982175	1.0820376191	1.0861171507	1.0573706724	0.9842393518	0.1178039999999999	0.3441629111	0.0077643946	0.544924519	-2.399415802	-1.3723615914	-1.3198708471
P750	686.57192	18.957	C18	POS	0.7696448712	-0.8422531902	-0.1254253623	-0.503010748	-1.5018330383	-2.8225447123	0.5823251316	0.4910573883	0.0875386008	0.0933005346	0.8739762119000001	-0.5803222593	0.920539949	1.644552939	0.9652053181	-0.1421728532	0.0782288571	0.0111923619
P751	521.45618	22.589	C18	POS	0.7602072213000001	-2.0160955362	-0.7677225387000001	-0.971555052	-0.1920667826	-1.916346422	-0.1969532355	-0.1032302783	0.4767050288	1.750440131	-0.1477095499	1.0642836895	1.1463856016	0.1647715589	1.4614793761	0.0082599729	-0.2029101546	-0.3179430301
P752	1581.16751	18.929	C18	POS	-1.8669927023	0.3460619383	-0.1059158437	0.3575945317	-0.351064595	0.8170160299	-1.9028334215	0.7307438457000001	1.1680548372	0.5869653694	-1.7311646265	1.3039978142	-0.7011616753000001	1.0554718635	-0.4972171723	-0.4246238574	0.3502704291	0.8647972351000001
P753	810.68118	18.613	C18	POS	0.3557756494	1.6121146675	-0.6423197190000001	0.259840917	0.0597383157	-0.7470667857000001	1.8788344147	-0.3858784303	-0.1954150801	-0.7863527632	1.6704060665	-1.7070173856	-0.4074923474	-0.6507476526	-1.6497868379	0.7072150845	0.0104664186	0.6176854679
P754	628.60258	19.157	C18	POS	1.0165047186	0.2520108402	0.9903122992	-0.4034747925	0.4303168015	-1.1580612826	1.2582153102	-0.358662879	-0.1665590702	0.0089089971	2.0084319393	-1.0056453347	0.1101395277	-2.6645336036	0.1036533347	-0.444939003	0.2645489659	-0.2411667689
P755	86.09682	20.569	C18	POS	-0.6956429599	1.1806797715	-0.2490144534	0.2811462481	1.3344721428	-1.2184030136	-2.2916252325	0.0107080997	-0.4980546035	0.0461243091	0.1615008671	0.7463428278	-0.7184786274	0.4135396471	-0.2621169468	0.6503801183	2.1094537296	-1.001011924
P756	521.45648	17.451	C18	POS	0.2416442363	-1.4445379853	-0.2325457193	-0.1949001915	-2.7875767199	-0.7160392934	-0.3343968874	0.2659604957	0.2086071455	-0.6780751912	0.5800760755000001	-0.410374318	1.1851517599	0.7927157300000001	1.7429527439	0.6507398737	0.2865985994	0.8439996461
P757	790.57322	18.313	C18	POS	0.7153269481	0.7135665311	0.3762735318	-0.4824675896	-0.8031986697	-2.530622806	1.3581303616	-1.5363651152	0.7939768685	-0.1387711558	1.1368703791	-0.3973613285	0.8567639264	0.8218905041	0.6482114334	0.0811354769	-0.5691326714	-1.0442266248
P758	1644.19585	19.256	C18	POS	1.1365774611	0.2616577222	-0.1932802148	0.7275145819000001	1.191893787	1.7461904273000002	-1.1341422558	-0.090252335	-0.3587937078	0.8549546045	-1.1814579736	0.0790219767	-2.1155295269	-0.245262571	-1.2496473216	-0.8793530726000001	0.4744625287	0.9754458898
P760	552.40317	13.202	C18	POS	-0.8260716002	0.2308544575	-0.0933004495	1.0989212718	0.0326867744	0.4040968643	-1.3152578104	0.3629027522	-0.9042687265	0.2566830231	-1.0581564822	1.5805261793	-1.4654482287	1.4186224361	-1.9283976567	0.8484571952000001	0.7021886304	0.6549613699
P761	795.51678	15.449	C18	POS	-0.7944586158	0.8448368753000001	-0.0804130932	-0.0181397998	-2.7481657862	0.6799658354	0.6317491895	1.1830689603	1.0118640563	0.5588141562	0.0554552108	0.0505407468	0.4013068891	1.2763987048	-0.8418512971000001	-0.7536038196	-1.5545645117	0.0971962988
P763	776.58205	17.678	C18	POS	-2.4500730884	0.3031482282	-0.5005652473000001	0.2170759052	-1.4376339027	0.6337126829	-1.8293607901	0.6016888087000001	0.5896755698	0.2723189502	-0.2579751538	0.9354098631	0.6951866087	1.1219950161	1.4340457704	0.2346627017	-0.4471752023	-0.1161367205
P764	554.47792	16.723	C18	POS	0.0342802499	-1.4617427858	-0.2111849741	-0.3914734229	-1.1739473188	-0.3917895506	-0.9945126463	0.7259965161	0.2613929628	-0.5630467987000001	-0.4333242123	0.7790138771	1.1559808543	1.1662362349	2.8200553538	-0.3017393077	-0.8067182594000001	-0.2134767721
P765	732.58952	20.453	C18	POS	-0.4499732314	0.5765096203	0.0788625335	0.471819999	-1.7892187474	-1.5755537095	1.8031008517	0.1110437391	-0.3765486482	0.3968635431	1.5404245824	-0.4450551001	0.4334237089	0.6830347106	-1.905721324	0.1135608824	-0.5627489124	0.8961755020000001
P766	576.46628	13.953	C18	POS	-0.7754466318000001	0.5037229152	-0.2243961034	-0.2824357401	-1.0421747185	-0.2697691734	1.7144805183	2.0523107462	1.156835316	-1.221284227	-0.7808935732000001	0.2384492663	1.4465615287	0.3642456017	-0.6165412448	-0.283032092	-1.520005791	-0.4606265971
P767	369.35161	12.277	C18	POS	-2.9181417572	0.6786461850000001	-0.5593114704000001	0.9130133243	-1.1252262358	0.4910902172	0.1746929979	0.9513154009	0.1285004814	0.0336277394	-0.064843681	0.9852217271	-0.1315618564	0.9979545283	-1.3664217881	0.2573806784	-0.5421339955	1.0961975046
P768	617.51415	18.419	C18	POS	-0.3872903154	-0.2339011917	0.6198841556	-0.0255699535	-1.4794226028000002	-2.0831554227	-0.0821709098	-0.6724955616	0.1890119509	0.086867613	0.6107820502	-0.4403146702	2.0179953278	1.6048125769	1.5121144208	-0.3538754023	-0.8679116473	-0.0153604179
P769	385.34637	15.331	C18	POS	0.7812480608	0.957039582	1.7446359896	0.05946234	-2.1253408492	-0.073798612	-0.3404671972	0.399918006	-0.2293682493	-0.5299138593	-0.1860041066	-1.8716301791	0.0855535325	1.1209871277	-1.4919505165	0.1233583295	0.7186058234	0.8576647776
P770	792.67043	20.678	C18	POS	0.0606939059	-0.5946914526	1.5324759581	-1.0767705459	0.3303855204	-1.3853124202	1.0252039323	-0.6278995117	-1.4952432229	1.2194430849	1.15508667	-0.1880068016	0.8162923756	-0.6069605167000001	1.2949181122	0.7097921729000001	-1.0972209772	-1.0721862834
P771	1549.1052	17.707	C18	POS	-1.2660016103	-0.2765870661	0.6017786745	0.5933859658	1.0686541877	1.4583357595	-1.7229397764	0.3505904975	-0.837051316	-0.606147364	-1.4401311841	2.3396382223	-0.4792682806	-0.1341983105	0.3591521939	0.2729266598	0.1228947157	-0.4050319686
P772	646.61315	19.127	C18	POS	0.8990171559000001	0.0234228515	0.7606412806	-0.4141818155	0.6463336314	-2.7201769734	1.1653623027	-0.6723136524000001	-0.1781685614	0.3264621172	2.0533537682	-0.9548518593	0.170241237	-0.9760696745	0.2239780564	-0.6694309978	0.0645397107	0.2518414226
P773	986.91213	26.42	C18	POS	1.35114488	-0.2902097718	0.3506573663	-0.4051812034	2.6899259403	-0.9259051261	-1.0954452037	-0.560404365	-0.8241865172	-0.8929335742000001	-0.478162972	1.8810523286	-0.7128841999000001	-0.4804897492	-0.1145632934	0.3735934977	0.2276800882	-0.0936881252
P774	932.62257	16.289	C18	POS	0.9582088819	-0.1008867357	0.6844317072	0.3964370648	1.2221050141	0.303772373	-0.7761722296	-0.9016298727	-0.3433744158	-0.4757592624	-0.8784230003	-0.6389477747	-1.3597305783	-0.2516667356	-1.3999327778	0.7414695627	2.7371600631	0.082938716
P776	797.6628	22.251	C18	POS	0.7338605068	-2.5176449503	-0.0257835237	-0.6410139702000001	-0.2684799219	-0.919330658	-1.0477654441	-0.4044418173	-0.1703489461	0.5548334967	-0.3409000288	1.1220451776	1.0092744574	0.5278175653	2.3115875214	0.0280902218	-0.274263685	0.3224639984
P777	631.56599	16.829	C18	POS	0.860589126	-0.1645421465	0.4487845753	0.792875306	1.928635558	0.3486213096	-1.1747414652	-1.5688945333	-0.9880714823	-1.3073710866	-0.5126270445000001	-0.389473658	-0.5845887270000001	-0.8294820780000001	-0.44253022	1.2291572476	1.4148970197	0.9387622993
P778	822.52896	16.058	C18	POS	-2.0559311891	-0.6325478105	-0.4237417267	-0.271791825	0.4482015237	0.6111599674	-0.368225364	0.3394107576	-0.0952365824	-0.2596284018	-0.8305458670000001	2.9185383319	0.1539341887	0.3605174333	1.1238377109	0.5727664402	-0.7825143981	-0.8082031891
P780	533.32643	4.813	C18	POS	0.5967014961	0.9030384683	0.0777585333	-0.1235065223	1.4134191065	-1.7684928322	0.164965594	-1.9293815514	0.4548800884	-0.5243841353	0.5418498693	-2.0679350985	0.7917044124	-0.0986509431	0.9158080975	0.7061407075	-0.3733114532	-0.2049879727
P781	836.61266	21.429	C18	POS	0.423806865	-0.3282751962	0.0139186213	1.2929663193	0.7756969994	-0.4148849148	0.0008222775	0.0545199344	-0.1636481122	0.0045767871	-1.2033316585	-1.1800601396	-1.1884525424	-0.1728620283	-2.1988997468	1.4036353997	1.4280233552	1.4524477798
P782	1580.16106	18.859	C18	POS	-2.0138302162	0.4873586422	0.1129001447	0.4277043561	0.4171851693	0.242317524	-1.5059485068	0.9588001976	0.7342036806000001	0.7941241321	-2.3718542136	0.9436180466	-0.6093126441	1.243215482	-0.1796765248	-0.4148044604	0.280437651	0.4535615399
P783	790.61196	22.757	C18	POS	-0.3141582114	-0.3204927881	0.0832157903	-1.1624000718	-0.6236078474	0.1149949896	0.9101907588	2.0309929818	0.2010857155	-0.1208993523	0.5076380025	0.60874752	1.0598824805	1.2642150969	-1.1458611982	-1.4186479795	-2.0862543205	-1.0072895462
P784	867.68339	22.871	C18	POS	1.2810490312	0.3174340438	0.7100740476	0.1155574714	0.6896958867	-0.7703966086	0.7648016788	-0.7403387261000001	-0.2682181554	-3.1389950833	0.7059554923	-1.0985382569	-0.0454649362	-0.6542901311	0.721726435	0.4853302659	0.8456685345	0.0789490104
P785	702.50728	16.563	C18	POS	-1.1388349895	-0.0874547651	-0.4347876707	0.2293070449	0.4746504288	0.6736640225	-0.7652782353	1.0598874811	-0.0330923647	-0.297300753	-2.6043934562	2.3892222050000003	0.3896249105	0.9001661481000001	0.3292758793	-0.4743661733	-0.2654848507	-0.3448048618
P786	1204.33536	22.973	C18	POS	1.4718401451	0.3582919608	1.1304417345	0.4334707102	0.8810576159	-1.7414370777	1.2666066692	-1.6664284436	-0.5718318018	0.0056846682	0.3641872034	-1.7037268675	0.1306234711	-1.130742907	0.6331298922	0.0738867055	0.7335334441	-0.6685871227
P787	1535.18342	20.695	C18	POS	-1.4527629884	-0.458737207	-0.3267825729	0.0861302996	-0.3972740135	2.2760861914	-1.6316027381	1.3475742014	-0.3540316591	0.3652008814	-1.4374935509	1.6569384031	0.0784022231	-0.5348796518	-0.2090284337	0.280036736	0.286022129	0.4262017504
P788	869.6991	23.345	C18	POS	1.2600824252	0.4403832278	0.9616647597	0.6766178208	0.7470157508	-0.1891687549	0.3806912711	-1.9973040815	-0.528304211	-0.49589372	0.7428296545	-2.4860335858	-0.073979892	-0.356540543	0.4490165035	-0.9288513069	1.2805404723	0.1172342094
P790	560.50119	16.951	C18	POS	1.1215741218	1.1626747595	0.5124901387	0.3530838166	-0.7829042838	0.062936074	0.5511058201	-0.2569998086	-0.0630663626	-0.5894654325	1.18445503	-1.4973897066	-1.1481193552	-1.3599698793	-1.6397383005	-0.4248996869	1.5138640162	1.3003690392
P792	861.76568	22.796	C18	POS	1.7058789641	-1.1843820998	-0.1347325046	-0.7642187486	-0.1906663804	-2.46056363	0.0623364172	-0.3024744579	-0.3490558339	1.064787258	0.0076907733	-0.2937040871	0.8853556592	0.1295218157	1.7778909392000002	0.3563674505	0.6877213789000001	-0.9977529136
P793	1580.07223	17.165	C18	POS	1.6226926425	0.0412537615	-0.4672964329	-0.2567443964	-0.9656872222	-0.004598502	0.9522081528	0.6698016266	0.9585568516	0.8108194851	0.6444005916000001	0.0544024589	0.5988092417	0.3368783125	0.4054855873	-2.2013941081	-1.913807062	-1.2857809884
P794	341.30527	10.349	C18	POS	-1.1944619623	0.1088934262	-0.3246681953	-0.7209400578	-0.0526713626	2.1160637033	-1.0134216948	2.1144267236	0.2896819864	-0.3934092737	-0.9774258681	0.6227330125	0.9231916217	0.9662429145	-0.5047286208	-1.3677941742	0.0845970291	-0.6763092079
P795	1649.46294	22.831	C18	POS	1.5978732812	-1.8652214569	-0.5188777206	-0.9745448931	-0.6527699889	-1.9800076618	-0.4816788904	0.536960152	0.0216467481	1.7286720847	-0.4151575353	0.5234594999000001	0.7463676501000001	0.3999558186	1.182538998	-0.2102184802	0.513649762	-0.1526473675
P797	867.74119	23.67	C18	POS	2.0629418073	-1.2878541684	1.386339665	-0.0480425754	0.6827173244	-1.6324756951	0.5122954828	-1.0977608264	-0.4772104667	0.3056167127	0.8361660814	-1.1430653626	0.2802349975	-1.3604654221	0.2251270932	-0.0197007735	1.0786042248	-0.3034680988
P799	903.74064	23.167	C18	POS	0.9667494667	-0.3479517116	0.7111884292	-1.513000654	0.3216349862	-2.0804722293	0.6096746649	0.3197456678	0.3068614818	0.5253201438	0.6996360660000001	0.1236266291	1.0024588765	0.5793222233	1.2798566003	-1.7188887107	-1.5413750987	-0.2443868312
P800	563.50304	23.514	C18	POS	1.423287879	-2.0294644435	-0.0277264683	-0.6176730059000001	0.9966150848	-2.3478058415	-0.191299965	-0.323391501	0.3008554065	1.8207926153	0.3601101455	-0.4159053182	0.345401801	-0.3019306972	0.4356344979	-0.1309510536	0.827833284	-0.1243824197
P801	972.80089	22.798	C18	POS	-0.0772277598	-0.7351778731	-0.6603825971	-0.8579444496	-0.2992284545	-1.075309164	0.1921344719	0.2897148485	1.1775138218	1.5418259122	0.2406859544	0.6369312628	1.579911344	1.5524505188000002	0.5459160035	-1.396517277	-1.2663562752	-1.3889402874
P802	915.74222	15.194	C18	POS	-1.2434239035	-1.7275739237	0.6420286196	-0.737463403	-1.3651338547	0.1393248202	0.7057203923	0.8090891011	0.9960241379	1.0883951297	0.7029544808	0.4366442444	-1.5404413496	0.3202923062	-1.4817109493	0.68210223	0.4383903745	1.1347815472
P803	664.66036	20.845	C18	POS	-0.9688047608	0.1457595303	-0.7908585343000001	-0.7791812404	1.3859077615	0.4738379974	-0.8195732512	0.7108175548	-0.2144266136	-0.3964007321	-0.6324360346	3.1644447929	-0.5587996827	-0.5703994403	-0.1054219032	-0.057668897	0.7864826266	-0.7732791734000001
P804	1587.20775	19.019	C18	POS	2.4764679739	0.2898990679	0.2822034619	0.2640039893	0.6903962695	0.2577690097	0.3413671837	-0.6820271480000001	-1.0803818085	0.6780990056	0.1236478317	-1.927916651	-0.4480647526	-1.0823734279	-1.6542130542	0.0381227192	0.7966114377	0.6363888922000001
P805	575.50303	17.275	C18	POS	-1.195824127	-0.7922074566	0.1971846926	1.2464575129	0.5900555132	1.7858295786	-0.1285878648	0.4655021782	-0.1494795989	-1.2698394917	-1.645104933	1.1672772458	0.300508832	-0.0151865028	1.4536772863	-0.2451689291	-0.1566161449	-1.6084777907
P806	914.78013	22.359	C18	POS	-0.7204651537	-2.0873405618	-0.3218038274	-1.4938944149	0.8489898832	-1.6453957594	-0.443973966	0.93652662	0.7156030665	0.9718929269	0.9511335277	0.8761916405	1.0549998337	0.3438474317	1.1523009968	-0.389673601	-0.0863969749	-0.6625416679
P807	1013.65642	10.508	C18	POS	-0.7842448977	0.3985167252	-1.3572263825	0.2919953527	-2.321983056	1.3776844045	-0.2111750765	1.4738529639	1.3029151205	-0.1837050327	-0.4447926658	0.1893226972	0.6038072075	1.3326124945	-0.7486673862000001	-0.8133745072	-0.5319632467000001	0.4264252854
P808	620.59778	18.91	C18	POS	1.0282070815	0.4620781094	2.0725378241	1.1729782955	1.0747491505	-0.2218880142	-1.1154881429	-0.9464987266	-1.1508768514	-0.0578338369	0.1815875147	0.0753702634	-1.7205636788	-1.3931771192	-0.0702590718	-0.1481103833	1.1309736363	-0.3737860504
P811	445.36769	14.965	C18	POS	0.0972701708	-1.6417583876	1.639532221	-0.2445020499	-1.7301464203	-0.3502766163	1.7002528396	-0.1911164259	-0.5501519894	0.0031784536	0.5030592294	0.6876852162	-1.4848487326	-0.5149076147	-0.5934586259	1.3161675035	0.7222651885	0.6317560401
P813	645.54541	19.103	C18	POS	0.7245946875	-0.60887314	1.1683462085	0.2065744365	-0.54065984	-2.3696060751	1.2395954739	0.4522187598	-0.4289226527	0.2433320691	0.6596730099	-1.5779234303	1.5546133805	1.1004053973	0.1411811669	-0.3701885708	-0.23415762	0.0240644363
P814	824.57901	16.642	C18	POS	-2.3203509341	-0.1909484665	0.2578728212	-1.2621778472	1.2102505831	0.2056520893	-0.3262163757	1.0227935615	0.7402695594	0.8240100389	-0.0380011707	0.5630910555	-1.795755426	-0.0440382701	-0.8359300439	1.4331992686	-0.2606779563	0.8169575134
P815	625.51936	15.895	C18	POS	-1.5099246207	0.9222620658	-0.7193245474000001	-0.1340558209	-0.80446726	1.0873406578	0.0719551143	0.3270086168	0.0738635827	0.9655859577	-0.3598943018	0.6711654468	-1.0069093563	0.9740468	-2.3464103473	0.1188602122	0.9410280933	1.3990351539
P816	502.29067	10.448	C18	POS	-0.9884889479	-0.1574170356	-0.5873832961000001	0.2409201701	2.5669932754	0.8935835833	-1.4497791288	0.4112723783	-0.2168328031	-0.2977559484	-1.0997924975	0.3618478168	-0.5644375734	-0.5189187828	-0.7560769329	1.8625104873	0.77699565	-0.4772404148
P817	858.59765	20.813	C18	POS	1.0881720866	-1.556109496	0.7224614598	1.0490822265	0.4675652468	-1.0768162257	-0.2695062864	-0.8683279831	-1.636472903	0.5059604202	-0.5931358886	-0.9266606596	-0.077832871	1.51708939	-0.5373877005000001	0.4774899778	0.9437768606	1.4931138053000002
P818	778.76494	24.164	C18	POS	-0.5359592308000001	0.5842560198	-1.0552930881	-0.7286677353000001	3.0155558416	0.4232286066	-0.7419991512	-0.8596375388	-0.4409759427	0.4111579351	-0.4956097252	1.7041592266	-0.5410722074000001	-0.3882292402	0.5503075109000001	0.173000457	-0.9231357702	-0.1510859676
P819	1524.1816	18.798	C18	POS	-1.3148093663	2.2602128756	-0.5503512332	0.7400884145000001	1.0903251169	0.8671329794	-0.6123682987	-0.2722010797	0.1276353142	0.5125488018000001	-1.8001703319	0.7216042073000001	-1.0595740567	-0.8516738652	-1.1097923995	-0.0054376776	0.5495763907	0.7072542083000001
P820	321.21025	12.281	C18	POS	-1.4462052139	1.5278739914	-0.5655096771	1.2701463853	1.016959073	1.8293264676	-1.1069152867	0.5126172654	0.0355726426	0.4764425452	-1.4618989409	-0.9168223089	-0.7774787334000001	0.4521299297	-0.0142374423	-0.7075205058	-0.8524725491	0.7279923580000001
P821	1583.18033	19.12	C18	POS	0.1286835308	-0.1204104531	0.5525208374	0.6893588667	0.4896258405	1.1421430037	-1.1116066869	0.4685137653	0.2019360579	0.4936087252	-1.1375852707	1.0310333988	-0.9038010606	0.4826583111	-0.5165757197	-2.8907565845	0.7876731532	0.7026061253
P822	1675.47827	22.873	C18	POS	1.2178363226	-1.7152471644	-0.2596012614	-1.238282888	-0.0294972727	-2.3157496566	-0.3374642084	0.7382523521000001	0.3042820206	1.7541276258	-0.2600564564	0.0355909386	0.8257139535	0.7957738009	1.0978413571	-0.240804385	-0.0055373882	-0.3671776901
P823	184.0732	16.648	C18	POS	-0.9274985158	1.4961826081	-0.3012523552	0.8883363203	-2.0394684057	-0.0989553442	1.4937667054	0.1966782342	-0.2946337057	0.9015885604	0.7208459219000001	-0.8991317358	-0.5481447521	-0.7019984108	-1.6661378231	0.2158489329	0.2743256853	1.2896480799
P825	590.48198	14.466	C18	POS	-1.0935762605	1.0353421877	-0.2257888501	-0.3100316815	-1.0743678122	-0.1553626877	1.6040604314	1.7107504506	0.782264846	-1.3471327422	-1.0285226863	0.5856250882	1.3560411322	0.6926893483000001	-0.4868072925	-0.2942153145	-1.547905502	-0.2030626551
P826	880.71545	22.331	C18	POS	0.0711302587	-0.5911692814	-1.7643220601	-0.0530338799	2.1172711856	-0.0726909315	0.1100101321	0.1315714073	0.3442224347	0.9819672862	0.2995862506	1.4986704666	0.3059710608	0.2650093878	-1.4427715245	-0.3187408716	-2.0536553304	0.1709740093
P828	1653.49414	23.312	C18	POS	1.3719721584	-1.0639460184	-0.2260637974	-0.1246004965	-0.8888487484	-2.4474925777	-0.2628154448	-0.053341103	0.6776001589	1.8944145501	-0.0014371499	-0.9832347977	0.0691634343	-0.4072339767	-0.0815876054	0.205661553	0.8989213485	1.4228685127
P829	586.49606	16.785	C18	POS	0.7860233697	0.1671271855	0.0872190981	0.1892949351	2.7614223677	0.5666365274	-0.4512936427	-1.0243171983	-0.8517016545	0.7383533909000001	-1.2205818036	0.3105198425	-1.2653231097	-1.4588947364	-0.1634613775	-0.3286458208	1.1789699409	-0.0213473143
P830	864.62207	17.855	C18	POS	0.7135323372	1.2506291139	1.2564409898	1.1532216164	-1.0243357296	0.6247383315	-1.0314521728	0.0187526574	-1.3943771856	-1.8731837847	0.4459987886	-0.3365705501	0.497179188	0.8600999581000001	-1.1561091464	-1.2349438951	0.8831233769	0.3472561066
P831	757.62142	17.997	C18	POS	-3.0943189872	0.3386355828	0.1276117938	0.833680288	-0.5185462167	0.1947047363	0.9267506396	0.135053513	-1.4102919267	0.6781435009	1.0792173672	-0.4396366127	0.9477650758	0.6450077799	-0.050673031	0.2103225754	-1.0315592924	0.4281332139
P832	923.74579	24.091	C18	POS	1.1525082628	-0.033064333	1.7544787756	-0.9890997966	0.7184989373	-1.8125846754	-0.5126457627000001	-0.4734589888	0.1098798443	-0.0970033643	1.2539592062	-1.6715189031	-0.7788812718	-0.3035459956	1.7163150031	-0.1849237983	-0.2761866208	0.427273481
P833	548.37213	11.04	C18	POS	-0.6136958104	-0.2875268043	-0.727662235	0.5584255574	0.9950327453	1.7249366504	-1.3253783495	0.7311912161	-0.4667498769	-0.5064264249	-0.7271346309000001	0.2249056374	-1.3164032325	-0.8993689664000001	-1.2400192104	1.0047203412	1.1369754797	1.7341779139
P834	1515.11562	16.662	C18	POS	-1.5121649813	2.1669058823	-0.6421265833	0.0674981599	-1.5012838389	1.604369303	1.6002224761	0.1730272583	0.1903368749	-0.1965789392	0.2498978556	-0.6299052149000001	-0.1660896902	0.2435937707	-1.4823714753	-0.1955943948	-0.3881820379	0.4184455751
P836	840.62043	18.095	C18	POS	1.1970212023	0.7576443111000001	1.1952525472	0.4002904097	-1.2169632951	-0.7418027058000001	1.8971186738	0.9085294091	-0.6819865878	-1.016287795	-0.0169068338	-1.7204201167000002	-0.5240901585000001	0.7116625038000001	-0.0060617674	-0.7931019082	0.8297960336	-1.1796939221
P838	360.324	13.962	C18	POS	-0.0821728749	0.7769055983	0.3458393318	0.2381898538	1.3713022749	-0.9789239744	0.7878902579	-1.2228404181	0.0348490869	0.3568650135	1.5604017381	-1.205747462	-2.0062474092	0.1395050786	-0.3528169278	1.2944196622	0.4298433857	-1.4872622153
P840	797.52832	16.345	C18	POS	-0.4094765656	1.9661435104	0.5783529199	0.5657540209	-1.1484542264	0.3224383458	1.662029804	0.1705999575	-0.1193296483	-0.3063076172	1.1704190698	-2.1740249156	-0.2137197002	-0.2346039393	-1.5350394301	-0.3726689056	-0.3447048507	0.4225921707
P841	826.59343	17.308	C18	POS	-0.7376832846	-0.1994022051	0.3192990964	0.4009948675	-1.3872359474	0.0160850099	0.6755098441	0.5008414312	-0.1421591604	0.962415253	-0.6661497658000001	0.3074166451	-0.7786436092	-0.9508538545	-2.3676318415	0.9833189713	1.892550528	1.171328022
P842	339.28974	9.897	C18	POS	-0.7645495061	0.8269667899	-0.7364743799	-0.2225970694	-2.1167141541	1.679632437	1.0870341179	1.4709732645	0.8027067042	0.3096971596	0.4797559917	-0.4903609521	-0.1873506703	-0.0219463012	-1.6002907313	-0.7320458195	-0.6425814702	0.8581445895
P843	740.67657	22.159	C18	POS	0.2668168312	-0.9455182906	0.2762398474	-0.3714436561	1.6036601881	-1.4879866415	0.1325712728	-2.3652312002	-1.0715156715	0.3228174583	-0.1352718674	1.1335652074	0.1635793514	-0.6116975614	1.3715353047	1.1841079088	0.1244659252	0.4093055937
P844	816.62159	18.482	C18	POS	-0.5671342147	0.3781924356	1.6830871322	0.2750263577	0.6501289250000001	-0.0445001567	-0.2258022769	-1.5400768554000002	-0.7656529439	-0.0562084026	-1.1670359313	-1.4079914249	-0.282534843	-0.0571227418	1.8816568726	1.1562877462	1.2450267098	-1.1553463879
P845	643.52967	18.577	C18	POS	0.9227278684	-0.8526011406	-0.3339699556	-0.8385270071	-1.483227335	-1.7541111054	0.4263924514	0.9721204848	0.9448145765	0.2119458578	1.3237379863	-0.8066790397	1.1911681169	1.2581671274	1.0739075381	-0.7703615437	-0.8159357699	-0.6695691106
P846	688.5873	19.193	C18	POS	1.3538056955	-0.7756801583	0.4316508206	-0.4665532361	-0.5840565569	-0.2816537461	0.8039737549	0.397272156	0.3646980464	0.1149091221	1.6647689008	-2.4434682997	0.9647820098	0.3722943034	0.6177173372	-1.022677404	-0.7895849779	-1.003851514
P847	334.20586	10.991	C18	POS	-0.5981961068	0.1855124149	-0.7580171141000001	0.8492307548	0.6820049623000001	0.9360903269	-2.3020687198	0.6459473912	0.5175881652000001	0.6146349689	-2.4579519984	0.2634257164	-0.9819065913	0.861378995	0.3059051033	0.7575051682	0.1723099934	0.30660657
P849	796.54856	16.586	C18	POS	-1.6831140378	-1.1240705822	-0.4398512953	-0.4296105064	-1.007877623	-1.0740144344	0.5931222263	0.3084265897	2.0039888613	0.0992715236	0.7113511107	-0.8728946731	-0.6498294155000001	1.6937793075	-0.3985848704	0.8348881648	1.1859144071	0.2491052473
P850	1576.22683	24.774	C18	POS	0.2430967925	0.2347409673	0.2370481479	1.0814709648	1.6368485711	0.7449830528	-0.8694962326000001	-0.7043567706	-0.162836895	-0.7330581601	-0.8211758042	-1.3814872444	-0.7400507058	-0.639062817	-1.8446790716	1.1138414364	1.4371182009	1.1670555675
P851	726.50715	16.542	C18	POS	-1.7110015867	-0.7989952046000001	-0.4389912949	-0.1321755914	0.4265954644	0.8757034146	-0.8134746034	0.709352765	0.1061324391	0.417325314	-1.0370503642	1.8738889906	0.5587747992000001	0.6147657215	1.9326960992	-0.2669333063	-0.8775091481	-1.4391039081
P852	801.50741	15.219	C18	POS	-0.925667319	0.9524491963	0.0006029794	-0.7036985844	-1.6474221389	0.1344139773	1.5906555995	1.0536314155	0.8429402599	0.9871869168	0.7480487084	-1.1107290719	1.1693134577	0.4325177455	-0.0016819786	-1.4970118827	-1.1597051004	-0.8658441803
P853	369.35498	22.477	C18	POS	-1.6357479351	0.1595833738	0.5849770771	0.4210703777	-0.2061284791	0.6948599283	0.4039762948	0.4311834065	0.2434464217	-1.6449586485	-0.7957507568000001	-0.4611477972	1.1064703887	1.7287240841	0.4579625317	0.3669335489	-2.344661708	0.4892078915
P854	844.52457	17.855	C18	POS	0.6299075495	1.0911798691	1.4045371115	0.5073821064	0.2545960261	-0.4184737887	0.9182250198	-0.1555615204	-2.5087564185	-0.519413209	0.2045473561	-1.1581589387	0.4055669833	0.433427982	-2.0458612566	0.1299622579	0.7537598796	0.0731329905
P855	678.50701	16.949	C18	POS	-0.3576401134	-0.6010349765	0.0495453985	0.5156358661	-0.0359555001	0.6698335679	-0.8091975462000001	-0.855112752	-0.3371421225	-1.1929338934	-1.1133295657	0.8494138717	-0.7731470362	-0.7114485853	-0.8062922068	1.8593270395	1.9631190727	1.6863594818
P857	782.569	23.454	C18	POS	-1.3048153614	0.1758765847	0.0570416637	-0.5892362217	-0.9050672848	2.7687368365	-0.5344699769	0.9879529458	1.3346118826	0.051808345	-0.1177533787	-1.4951691926	0.3515187585	0.5838221958	0.2139394831	-1.092024797	-0.6401645492	0.1533920668
P858	915.81531	24.477	C18	POS	-0.0371212204	1.3432657025	-0.264340751	2.2009126033	-0.2154702574	1.2967394209	1.8154381827	-0.8677219901000001	0.2740993729	0.0962468066	-0.8086152501	-1.163031106	-1.2167654152	-0.3018440084	0.1761357384	-0.7717446082	-0.7353088739	-0.8208743464
P859	762.53245	15.253	C18	POS	-0.597417427	1.8945064776	0.8152522007	1.111305726	-1.8269818747	0.4805170723	0.6055346530000001	0.5397120353	-0.0130608636	-0.0394012697	-0.3217349245	-2.6684067825	-0.1862500222	-0.0762951713	-0.5905908038000001	0.1266383504	0.2788789918	0.4677936322
P860	957.86716	24.806	C18	POS	0.9868928432	-0.3913406053	-0.0023280521	-0.6228795696	2.7140570084	-2.4944090644	-0.0852380999	0.0695092408	-0.0818186367	0.2994986168	0.6646977418000001	0.2106485089	-0.6525549617	-1.0497396789	-0.5835829246	0.3756508784	0.1142316019	0.5287051533
P861	646.64956	20.841	C18	POS	-1.1455229903	0.1438252297	-0.627229852	-0.7773687738	1.462828245	0.6434471629	-0.5430285828	0.6717908011	-0.3844821145	-0.2489431669	-0.4763388674	3.1378978069	-0.6582785242	-0.5007040633000001	-0.0628336252	-0.0346544989	0.4797885829	-1.0801927693
P862	726.54343	17.775	C18	POS	1.496540149	0.7923789839000001	0.9947119748	0.0409236951	1.0216165036	-0.5955303612	1.0283773692	-1.5893137123	-0.2403421194	-1.1940244261	0.9431584857	-1.8830657829	-0.1569061211	-1.4532946486	-0.5901184379000001	0.2402485047	0.71869973	0.4259402135
P863	531.4079	16.077	C18	POS	2.9279284534	-1.1160989872	-0.2893029194	0.5307890309000001	0.3330759279	-0.1642261374	-0.2924281964	-0.4066142973	-1.78673182	0.3451707242	-0.2885960773	1.0009113141	0.685233049	0.4867324586	-0.6963358501	-0.5539660901	0.4411311439	-1.156671727
P864	932.62144	15.538	C18	POS	0.1993875949	-0.1355640904	0.6634975827	1.9372596502	0.8007780156000001	-0.1334050094	-0.4476089235	-0.399629123	0.0115627297	-0.8522635953000001	-1.0568317018	-0.0353267383	0.9346431401	0.9135360873	1.6499278424	-1.9703609307	-1.4924997824	-0.5871027481000001
P866	1534.18036	20.659	C18	POS	-1.333398185	-0.8532990876000001	0.1420057433	0.1971571826	0.3787510604	1.9888834219	-1.3756167823	0.9649941527	0.2664032957	-0.1439163354	-1.3979737539	1.3444946689	-0.7551494996	-0.5225984902	-1.2822969009	0.7036813896	0.4727976642	1.2050804556
P867	812.52134	16.243	C18	POS	0.6372127424	0.5329452049	0.8750019248	0.8264226436000001	-2.0866978854	-0.195291647	1.5015999208	0.1371464933	0.4406234917	-1.108447191	-1.5697973082	1.2645738679	-0.0753517192	-0.1705217327	-1.828275789	0.4716280367	0.0171081986	0.3301207478
P868	184.0735	19.048	C18	POS	1.0001127134	0.016575728	1.3066553762	1.2374258616	0.7191481566	-0.1084848682	-3.1323308793	-0.2899527407	-0.4125532709	0.0347719512	-0.993991302	-0.6407586176	0.3895653314	-0.6775619150000001	0.9589759641	0.0505927325	0.062827908	0.4789818706
P869	464.28349	6.747	C18	POS	0.7579459757	1.2128786991	0.0805312011	-0.083646169	0.306366881	-1.5471403374	0.4943920516	-1.6749883587	0.7369771406000001	-2.2272164264	0.8196430252	-0.8011447312000001	1.2984476755	0.3609342635	1.2097656643	-0.2776922085	-0.2719047694	-0.3941495771
P870	788.54441	16.847	C18	POS	1.253266558	0.2529273049	0.7215579548000001	-1.692246841	0.368118508	0.3128927232	0.1191942799	-0.7985415453	-0.6063721658	-1.6919701556	0.7523085989	0.1097721211	0.3536237617	-1.6910873694	-1.1170019734	1.0615737141	1.5340600319000002	0.7579244938
P871	589.51869	23.588	C18	POS	1.3852285663	-2.1262336218	0.1437869642	-0.75568779	1.3488072904	-2.333945969	0.0362985943	0.0940912382	0.2091038928	1.7135562066	0.3237380121	-0.5125668785	0.3892890779	-0.2143693482	0.2056823721	-0.2085151288	0.0630014465	0.2387350751
P872	883.77185	24.696	C18	POS	1.372365836	1.1392104755	0.3422570404	0.4735973161	0.4837037989	-1.1428529444	0.8029870847	-1.1743882625	0.6498409817	-0.2731080024	0.8379742457	-2.0801767247	-0.6088982176000001	-0.3794712623	-0.3153287181	-1.7435405897	1.2702613389	0.3455666038
P873	890.57598	15.24	C18	POS	-0.2919628088	-0.8002997534	0.4801450667	-0.2015827557	-0.3352668998	-0.4328157248	-0.2544421169	-0.1168955069	-0.4317955447	0.3460069641	-1.0539488645	1.3562916705	0.4509314731	1.4698976837	2.6326347026	-0.7125734284	-0.2299984459	-1.8743257111
P874	764.63906	20.046	C18	POS	0.4464940046	-1.0281675823	1.9085836796	-1.2448415481	0.2496851827	-1.3860791962	-0.685945013	0.1215557704	-1.0471122831	1.3317776649	-0.1732685223	0.9441269247	-0.0560351775	0.8873398676	1.6934550224	-0.2253343459	-0.6750734678	-1.061160981
P875	1523.17707	18.788	C18	POS	-1.2590345113	1.3296716808	-0.188045201	0.83495792	1.2362690454	1.0891227075	-0.5533466326	-0.4815542161	0.4446380764	0.7154576874	-1.9345695781	0.7808992891000001	-1.1753942707	-0.8657255676000001	-1.4729981022	-0.0919796448	0.6866229439	0.9050083738
P876	688.49166	15.991	C18	POS	-0.6708908128000001	-1.2776451154	0.3550914233	0.4297684527	1.166393378	0.9778227749	-1.7388953804	-0.0534301433	-0.3131448823	-0.2965009783	-1.5650222332	2.1215537383	-0.2311253757	-0.6352167486	0.0434528899	1.1716618572	1.0204495949	-0.5043224393
P877	546.5244	17.223	C18	POS	0.6906167987	1.1461473979	-0.3904636741	-0.201900583	-1.5282055751	-0.8629182788	1.7912176697	0.3232014316	1.4055808151	0.2104206871	1.4985939582	-1.5695577113	-0.1333171509	-0.7180784175	-0.8788896228	-1.207622452	0.072260306	0.3529144012
P878	818.65291	20.606	C18	POS	1.2263544442	-0.0017332046	-0.6431160559	-0.2932816025	0.5534385661	-0.9077627264	1.2461352488	-0.1248057075	0.5991664419	0.5935526366	0.4007285449	-0.1250589481	-0.3057442117	-0.3778047163	-2.6385580279000003	-0.7323805967	1.0770773101	1.4079597159
P879	480.27847	4.809	C18	POS	0.6116304374	0.9305492596	0.0386659841	-0.0660614075	1.3137377214	-1.8801116483	0.2067222101	-1.9069370911	0.5238210929	-0.4721881773	0.555836172	-2.0047442771	0.8052723568	-0.0334485337	0.9412490122	0.6511798338	-0.4334453966	-0.2539157256
P881	809.68426	16.506	C18	POS	-1.2558035408	0.7854086008000001	-0.9589002456	-0.1343508596	0.6389844057	1.5562432832000002	-0.5647748211	0.188593368	-0.2749748382	1.3683928045	-1.7365556791	1.4231274418	-0.8081791385	-1.0067992527	-1.0934018412	0.3738448302	1.2829520245	0.2161934582
P883	758.58241	15.957	C18	POS	0.2266974543	0.6467953576000001	-0.4294005042	0.1902833518	0.6186205973000001	1.3955015451	-0.0980720738	-0.6783882119	-0.7934712384	1.7425377179	-1.4224922656	0.4295246488	-1.4825313034	-1.2610424062	-1.0663242592	-0.2449088749	1.8786885257	0.347981939
P884	577.51883	22.842	C18	POS	1.0271840953	0.9647512087	-1.5911835293	1.0782659529	-0.6516613781	-2.4481129219	-0.1617945485	-0.3415810487	0.2603611727	0.5459523977	-0.4392439304	-0.2606292031	0.0014958285	0.124203013	0.6445902554	-0.6327025612	2.0655526271	-0.1854474302
P885	561.44943	17.451	C18	POS	0.4393663874	-1.6879749595	-0.253009085	-0.4688163474	-2.659386662	-0.7595322926	-0.1218182737	-0.0608314228	0.0019373347	-0.3381231694	0.6681251021	-0.5378134717	0.9472969491	0.7781954734000001	1.6418595924	0.8304040517	0.888900129	0.6912206642000001
P886	901.80504	24.1	C18	POS	0.7080167053	-1.4686884753	1.0465824741	-0.8999267292	0.7164763674	-1.8451430627	-0.0010995525	0.3306982367	0.451309716	0.6303218762	0.9390252011	0.2760260509	0.6932348563	0.5951987585	1.1985645015	-0.7808639893	-2.1936892918	-0.3960436434
P887	340.35754	15.066	C18	POS	-0.5390448766	0.7388543016	0.2965565501	-0.2422966165	1.599144777	-0.8419637430000001	0.8816178693000001	-1.2110946884	0.0640258491	0.4040930503	1.6962075717	-1.148991366	-1.6104604179000002	0.0892481968	-0.45895847	1.4614350701	0.2767659731	-1.4551390308
P888	867.51754	14.987	C18	POS	-0.6866432582	0.6087087685	-0.8064252846000001	-1.1812311205	-1.3033844494	0.4825384229	1.0043331515	1.2360074194	1.196965821	1.0232849646	0.7335195944	0.2132270958	0.9743013284	0.9856406543	-0.4601418778	-1.5391966832	-1.2551770738	-1.2263274733
P889	355.26361	7.311	C18	POS	-0.7390781407	0.4547465071	-1.5225436296	0.112550449	0.7620272899	0.9071485018	-0.5920496805000001	1.3298590479	-0.283336289	-1.1408419324	-1.0020927954	1.1950216834	0.5599185292000001	-0.9043225604	1.8033561132	0.4662748706	-0.8209689077000001	-1.4066379641
P890	363.28948	15.363	C18	POS	-1.545047053	1.0565264797	-0.8013409490000001	-1.0700338724	-1.415946129	0.9815142819	-0.2690526341	1.5038308868	1.0213176362	0.8498995246000001	-0.997707487	0.5617485522	0.5098574746	1.3305781405	-1.0214036877	-0.1238348801	-1.0199360341	0.44902975
P891	573.48781	15.274	C18	POS	-1.7298380559000002	1.0738207354	-0.6977511156	0.2235345707	-1.4473968462	1.1261830295	-0.4229111892	0.7497902876	0.8305727226	0.8291656636	-0.1862423033	0.2259167247	-1.1563122003	-0.1320859423	-1.9808971124	0.9423299641	0.7195986322	1.0325224349
P892	785.58834	21.917	C18	POS	0.3037390409	-1.4205530631	0.6105641671	0.5194827882	0.6164974761	-0.1324688389	-3.4233511268	0.5036637583	0.071192858	0.0945608876	-0.0388408179	0.4914366713	-0.3838208944	0.198036567	-0.05038487	0.3435791897	1.0128947082	0.5513026599
P893	706.57434	19.677	C18	POS	-0.1273812253	0.6529465663	0.7796712997	0.3294394422	-2.9965603382	-0.1783734236	1.4085333555	0.1727027197	-0.3617169189	0.3935344021	1.0614258712	0.1598449265	0.3211608738	0.4520481256	-1.7488643116	0.1361482668	-0.8944691560000001	0.4399095241
P894	1522.08503	17.639	C18	POS	-1.4496885895	0.1858512589	0.5666897723000001	1.0897569228	1.0191358628	-0.0980392726	-1.6292497772	-1.0588448017	0.0374783313	-0.2975885461	-1.7251718852	1.9295745722	0.6023060755	-0.7440492358	1.2910012968	0.3182745864	-0.1872305747	0.1497940038
P895	778.50368	15.286	C18	POS	-0.8397736173	0.1929822859	-0.019058624	0.0728048408	-0.0809176227	-3.68518414	0.8979824035	0.2763430792	0.9386748921	0.3816833102	0.8633693047000001	-0.1438780202	-0.0749690245	0.8047641691	-0.1862520396	0.3734947403	0.3744239888	-0.1464899263
P896	1509.07498	17.424	C18	POS	-1.4147528706	0.1446700265	0.88411554	1.3640392321	1.3946498256	1.7085085485	-0.1533084208	-0.2445836444	-1.0087163315	-0.8245955076	-2.2664268852	0.8882102827	-0.2971547203	-0.2030129117	0.5312572293	0.2546402375	-0.4043474019	-0.3531922281
P897	510.48818	15.939	C18	POS	-1.7663656256	0.8755448754	-0.7184761774	0.8435948866	-1.5586175402	0.3502405944	-0.5629754087000001	1.1073438184	0.6949967955	0.649049518	0.2848342536	1.0455017029	-0.7504743234	-0.5391459455000001	-1.7437815437	-0.2871052224	0.4992737097	1.5765616323
P899	895.77238	24.323	C18	POS	0.7192927556000001	-0.1330235683	0.2636589591	-2.8932701414	1.8861855453	-1.2304966682	0.5930341439	-0.8408973333	-0.3079146684	0.1290265711	0.2200595857	-0.2312109767	0.9289764344	-0.3086570504	1.2279324693	0.2152420073	-0.3832735566	0.1453354915
P900	760.58609	15.612	C18	POS	0.7393087397	0.7483098269	-0.0618796468	0.6947421476	0.0778733928	-2.4999726695	0.4984547882	-1.3255537941	-2.2513019145	0.7746132017	0.5613566008	-0.8156389652	-0.2361982055	0.4267841833	-0.2425708283	-0.3167228832	0.7992570964	1.1035851358
P903	363.28943	16.173	C18	POS	-0.8938342489000001	1.5163685854	-0.1406267056	0.3273842281	-1.7983410102	0.2757127322	1.4524180618	0.8493894245	0.7532859067000001	0.076496617	0.9343049428	-1.5135761801	-0.2953550541	0.2848957798	-1.9472201487	-0.4959120908	-0.1935468572	0.8081560172000001
P904	982.87975	24.87	C18	POS	1.3926090581	-0.4897358348	-0.7476054942	-0.8236201401000001	2.2464587917	-1.4756111157	-0.4425423773	0.8587689047	-0.4404292125	1.0091342235	-0.1675367816	1.0500025968	-0.8068218690000001	-1.0737281422	-0.7429342984	-0.0761918209	-0.4881603103	1.2179438224
P905	1532.16251	19.293	C18	POS	-0.2578339113	-0.9809888627	2.1383269476	-0.06096466	0.8548033811	0.4155896243	-0.9354469303	-0.5515239991	-1.2667953432	-1.1198431264	0.2668620234	2.0576043538	0.92992794	-1.4250953073	0.2970947828	-0.3968419913	0.0749298129	-0.0398047342
P906	812.51372	17.185	C18	POS	-0.4280524801	0.1932888157	-0.9710470749	-0.4089850465	-0.5402763197	0.0598816873	1.5852622703	0.7894121117	0.8289710566	0.9616491606	0.6987941763000001	0.1330283475	0.4669877276	0.8055797562	0.427718049	-2.1761027151	-1.8983726357	-0.9557893668
P907	671.55825	20.049	C18	POS	0.1777066508	-0.262177454	-1.5657156157	1.2217506479	0.9106549715	-0.1940539712	-2.1190618253	0.4500365506	0.3149382661	-0.6741024189	0.0026388375	-0.6414517856	0.117317981	0.2761739411	-1.3139082594	1.6177380518	-0.0490053063	1.730520738
P909	1610.21163	20.808	C18	POS	-0.7411050399	-0.2867940393	0.5747862931000001	0.6657813077	0.376966215	1.04035795	-1.8157603206	0.4008444307	-0.7822169611	0.8012623696000001	-2.2956419248	1.419009949	-0.9513180184	0.9281578816	-0.8378107581	0.223081524	0.776995761	0.5034033806
P910	852.55346	16.746	C18	POS	0.2130330145	-0.3018398303	-0.5230432540000001	1.0843029788	0.9810708285	0.4601947928	-0.5315583229	-0.5058339165	-1.2966381747	-1.7043722256	-0.6915699342	0.8611272494000001	-0.3746418992	-1.2395397674	-0.8067378717	1.7849339382	1.4073471153	1.1837652789
P911	852.55082	17.626	C18	POS	0.7917947915	0.5193525763	1.17671769	0.2235216618	1.5181933064000002	-2.4292861507	0.7324391882	-1.5827929937	-0.9302250522	-0.550989174	0.6196324907	-0.7813495383	-0.2269783181	-1.0691297589	0.4648219118	0.5721596134	0.6577970517	0.2943207041
P912	855.74141	23.875	C18	POS	2.1265788542	0.5835829061000001	-0.2928430465	-0.3959901375	0.0948164602	-1.5934005285	0.1454865249	0.0776636685	1.008652857	-0.4489482232	0.0615690611	-2.2273506403	-0.0269264791	-1.4533290514	0.7296572813000001	-0.0232020951	0.5387647394	1.0952178488
P913	780.58896	19.022	C18	POS	0.7373146804	1.0090706711	0.9516465849	-0.1807941779	0.6777883085	-0.9036936738	1.3213449643	-1.5743058371	-0.0520888732	0.1577519477	1.2604541005	-0.4367659894	0.0050129046	-0.3940055415	-2.7926833627	0.34106642	-0.3017959611	0.1746828347
P915	1426.39427	24.874	C18	POS	0.9751875871	0.5876252101	-1.3942068532	0.6566723182	0.6259506565	0.2906337364	-1.2200940094	-2.077463076	0.6661811388000001	0.5417016674	0.7641442298000001	-0.0923433448	0.5104525825	-1.6662647919	0.7326822631000001	-1.3791677769	1.0126530182	0.4656554439
P916	771.51766	15.391	C18	POS	-1.2003857514	1.2212420021	-0.5348128283	-0.5224513631000001	-1.3287024324	0.91438054	-0.2945732137	1.3667570193	1.0540474253	0.7807131171	-0.8327791714	0.6474202247	0.8666139177000001	1.4629227654	-0.6989361337000001	-1.7220900380000002	-0.7876704683	-0.3916956113
P918	301.21194	11.965	C18	POS	1.4912464208	1.4829070698	-0.0401736215	1.8209042373	-1.1234594982	-0.1374454649	-0.0474175389	0.3429353403	-0.0392562417	1.3045394857	-1.4489966093	-1.8431812456	-0.7721834446	-0.7114210750000001	0.3336085344	-0.4506125933	0.2572573411	-0.4192510964
P919	1588.21225	19.017	C18	POS	-1.2973489459	1.1027597689	1.2414831727	-0.2351730526	0.7136011074	-0.3142337012	1.3335267882	-1.7387633197	-0.9547571801	0.2501254286	-0.2935576005	-0.8905547432	0.3196109851	-0.8373102936	-0.8675920922	-0.349040279	0.8631256177000001	1.9540983396
P921	880.58485	17.641	C18	POS	0.3166204353	0.5133170901	0.3916437154	0.9325997891	1.3097703674	0.1899897149	-0.5701214928	-2.2268244028	-0.2604970741	-0.4951402595	-0.4953692646	-0.1894806733	-0.2440838939	-0.4399161832	-2.1773677795	1.0563942682	1.0916483169	1.2968173262
P922	339.28957	10.495	C18	POS	-0.8999477823	0.2713243051	-0.4543717315	0.8303214895000001	0.3591951329	2.1891182899	-1.7085723027	1.5979547834	0.3283949418	0.1764325392	-1.4339324542	1.2930786407	-0.193779235	-0.0013091629	-0.548181539	-0.7775528599	-1.0081771196	-0.0199959353
P923	445.36753	16.412	C18	POS	-0.01760578	0.1313307112	1.6621666455000002	0.1101059672	-2.3243404994	-0.2199394138	1.268057361	0.3094212042	0.1676643996	0.0253099335	1.3916481309	-1.657572047	0.1452830559	-0.2109348293	-1.2989872108	1.1223167875	-0.032731243	-0.5711931733
P924	822.54182	19.003	C18	POS	-1.6340340965	1.0467831992	0.6727268029	1.0047687728	0.3264217285	-0.2439956972	-1.8452352048	0.3943812672	0.3765549712	0.413279386	-1.5537159742000002	-0.482781534	-0.4609761401	0.5487134985000001	-1.5812641986	0.8708093034000001	1.0124213737	1.1351425418
P925	847.7558	22.366	C18	POS	0.2274093454	1.3662650015	0.239753148	0.7678277088000001	2.5142228619	0.3415278558	-0.0510451429	-1.5449773122	-0.5969328711	-1.1587992111	-0.34372039	-1.193252716	-0.8274482127	-0.7712642712000001	0.1752300817	0.5956902691	1.1311972297	-0.1038556656
P927	339.28936	20.12	C18	POS	-1.0727630863	0.2419060176	0.4951243637	0.7744127816	-0.0061088197	0.146599513	-0.5230919182	0.3763772352	0.188008224	-0.2857474389	-0.3622416404	-2.3767107267	-0.6134260380000001	0.2357872424	-1.3579833537	1.782734833	0.3479445013	2.00917831
P928	570.28371	8.943	C18	POS	-1.1686913254	-0.0128929009	-0.9245065855	0.4014039916	-1.096512646	1.6963928601	-0.8348640635	1.0558606598	0.6021651636	-0.365265081	-0.9938254935	1.9525789149	0.8368651869	0.5876732495	0.8595460597	-1.3165118718	-0.8562425701	-0.4231735483
P929	1535.17697	18.697	C18	POS	-0.1717075748	-0.1936112676	-1.0677357474	-0.1330659913	-0.5400073521000001	1.7393134289	0.7114731979000001	0.1196582582	-0.7955516363	2.0884331445	-0.7912489569000001	2.0044427721	-0.8977760099000001	-0.962278551	0.3318691292	-1.1089127684	0.1268351709	-0.4601292458
P930	893.69881	22.984	C18	POS	1.4874143212	-0.4746743008	0.5667148282000001	-1.3396793822	0.8814954916000001	-1.984095233	0.7051998216	-0.6616127801	-0.7986765521	-0.5095219154	0.8659929086	-1.1389385486	1.0667196536	-0.0010314532	1.777162448	-0.5807765336	0.3931785494	-0.2548713234
P931	975.64296	10.492	C18	POS	-0.9075131467	0.3115910822	-0.8687362032	0.5500461241	-1.5139013821	1.6288082706	-0.993059613	1.7982833256	0.7609245509	0.2899004267	-1.6546033901	1.1193308123	0.4473177802	0.7579678723000001	-0.5668357454	-0.6818903838	-0.7528969204	0.2752665398
P932	866.58995	16.408	C18	POS	-0.7934079177000001	0.468554449	-0.3539813932	-0.1427252475	0.1119897909	0.8005546484	0.4511165554	0.8785878744000001	1.3084371034	-0.0936690153	0.3543830568	-2.1867176597	-1.7574359386	0.4117394769	-1.1761106057	1.25572958	1.3321512385	-0.8691959958000001
P933	605.55004	19.97	C18	POS	-0.0461823871	-0.42486666	-0.4854474733	0.6783330415000001	0.3820379068	-0.4248115178	-0.0472758115	0.2355186332	0.1120063945	-0.7837822341	0.0394623082	-1.0757094808	-0.1254074157	-0.2621820714	-2.5442554258	1.9929844635	0.8610379014	1.9185398285
P934	1510.12138	18.515	C18	POS	-0.3879578315	0.7986439268000001	0.0268947915	0.4526684787	-0.1100871971	0.5364223032000001	0.2643835627	-0.3665768622	0.1976361206	-1.4492021105	-0.1063594251	-2.7600523086	2.1098745152	0.1518354033	0.2673320115	0.3579545042	0.5748594468	-0.3884238884
P935	630.50919	17.397	C18	POS	0.8880181087000001	-0.7078118998	-0.3346473656	-0.6950533859	-2.6574339384	-1.2825425465	-0.1688890443	0.4359737299	0.3663346857	-0.5092789120000001	0.2193925286	-0.9121950022	1.1604556259	1.2520876341	1.1469215883	0.4320986045	0.1514028581	1.2151667307
P936	605.55047	16.383	C18	POS	0.3875841139	0.2418848362	0.121089799	0.9152888203	0.7227669646	0.7921817115	-0.5016233577	-1.3726358165	-0.1063242351	-2.1320729705	-0.9250682817	-0.641682506	-0.1034120506	-0.5899015779	-1.023614342	1.2220743393	1.9701571284	1.0233074245
P937	1511.08857	17.751	C18	POS	-2.2643643677	-0.2582557183	0.2437005834	-0.024639301	1.6278027211	1.0817100457	-0.9945253134	-0.339503412	0.0071914037	-0.0270304959	-1.3288892961	2.3928627519	-0.4758249737	0.0153881396	0.206603306	0.1801286487	0.0941130216	-0.1364677438
P938	1320.23991	23.178	C18	POS	-1.9696917583	0.6042574291	-1.4874846221	0.1329383688	0.8855352401000001	0.7928066985000001	1.1744107937	-0.235509198	-0.391963589	0.0300459295	1.0493321218	1.7191931998	-0.138655998	-0.7914193047	-1.4128093118	0.5877933708	-1.0894178554	0.5406384853
P939	1572.10265	17.689	C18	POS	-1.0480386693	0.2235400291	1.2159230453	0.3518965279	0.8550592987000001	1.0098062267	-1.4861152351	0.7621400619	-0.4279602122	0.3705534395	-1.3247266046	2.0643102967	-0.5049614983	0.7760365248000001	0.1331028681	-0.4280080913	-1.473701473	-1.068856535
P940	1130.31618	22.445	C18	POS	1.6403329082	-0.1879050384	1.3358132331	0.1894232758	1.1647785682	-1.2911446128	0.9649207579	-1.1780516557	-0.7176993022	-0.7267500409000001	0.6373652757	-2.061220978	0.0041790506	-1.0219247399	0.4122817165	-0.2410281959	1.0679239764	0.0087058013
P944	860.73294	21.992	C18	POS	-0.2913192626	-1.989944051	-0.7641330590000001	-1.4073580555	-0.8481212575	-1.366010974	0.5547727462	0.0967442336	-0.1370848078	0.7520141847	0.3600039024	1.1345430295	1.8115315733	0.471770005	1.4063943286	0.6770631219000001	-0.6996832572	0.2388175994
P945	621.30467	8.765	C18	POS	-0.5472842823	-0.2912176871	-0.366914469	-0.7053133218000001	-1.9123267696	2.2097607056	-0.1580629484	2.1047791539	0.6936597443	0.0837499334	-0.3096511927	0.397922282	0.0676882237	0.9027747685	0.4101404511	-0.9818232735	-0.8929392589	-0.7049420593
P946	854.62647	21.108	C18	POS	-1.1807981789	0.0603934681	0.6062328558	-0.6581857185000001	1.8560769783	0.1728167519	-1.4999132082	-0.6311285086	0.0725221746	0.2631153397	-1.2530359345	1.6730188118	-1.7471597579	0.5342822978	-0.122404449	-0.0741179357	1.056793913	0.8714911002
P947	633.48548	19.174	C18	POS	1.3036200738	0.0249259363	0.8396493571	-0.0537943461	0.0215448761	-2.3716274523	0.8049134170000001	-0.9905207183	-0.0597586578	-0.171092066	1.0149482021	-2.1918985779	0.3675656371	-0.3980293759	0.5608048813000001	-0.4635117895	1.0989713639	0.6632892391
P948	383.39981	13.964	C18	POS	-0.1535656957	0.7371448782000001	0.267150909	0.276337294	1.3300749481	-1.0670449703	1.0568862798	-1.0839903093	0.0232525173	0.402426756	1.563218849	-1.1121946967	-1.9707793254	0.1275561101	-0.6074927457	1.3090148689	0.3611809013	-1.4591765686
P949	859.77391	23.952	C18	POS	0.2631336335	-0.7063661706000001	-0.5318224054	-0.803001186	0.1326424989	-1.7663082209	0.0719500137	1.2731277222	0.1346032538	2.3983647381	0.028554436	-0.9327105295	2.0640230302	-0.4880303822	-0.6832763977	-0.2460135266	-0.2658176937	0.0569471861
P950	771.6371	18.861	C18	POS	-0.6213243179	0.1417877004	0.5454583697000001	0.8306981950000001	0.1980663223	0.431219961	-0.5223317689	0.2292221337	-3.0371723939	0.5012244282	0.5827940977	0.9567610633	0.2082683175	0.8112810701000001	-0.4015404652	0.5239054467	-1.8870995546	-0.112542923
P952	921.72999	23.565	C18	POS	1.5544101036	-0.6706187666	1.2373001875	0.7946175525	-0.0999659855	-0.0070195206	-0.1352735658	0.1040019447	0.6721093176	-0.8617328917	1.6327200692	-2.0578488505	-0.8723401565000001	-1.2699243458	0.5614335558	-0.9159666832	0.9589023202	-0.6248042850000001
P953	1494.05331	17.209	C18	POS	-1.8488632891	-0.6273247733	-0.4990837084	0.3397040004	-0.1647638577	0.5205265548	-1.4018134811	0.5705051363	0.2148114645	-0.2540978151	-1.1245209235	2.9857800912	-0.0308805749	0.3044925233	0.8708989421000001	-0.0624408766	0.2871390317	-0.0800684447
P954	1523.09	17.638	C18	POS	-1.32891897	0.4362173803	0.8410660905	0.241941815	1.280636347	0.5836446358	-0.9671336779	-0.1520935542	0.2045898263	-1.0785224549	-1.1451289995	2.1571999995	0.6561055404	-0.1099364217	1.209010024	-0.7230453225	-1.5650692017	-0.5405630564
P955	951.77755	24.756	C18	POS	0.7164880164	-0.2717742766	0.8498710626	-2.3983578472	2.1648893994	-1.1731919341	0.3198791777	-0.1971294061	-0.6761101201	-0.6912708839	1.2375339252	-0.6129765637	0.0158497266	-0.8945288551	0.2383505212	0.9706453891	0.1243256258	0.2775070427
P956	1559.17923	19.218	C18	POS	-0.8545585395	0.8312597245000001	0.9086119384	-0.1714930872	1.9334145968	-0.2989128877	-0.113143935	-1.3547478949	-0.9676344358	-0.4886574731	-1.7940144097	0.9837697618	0.2296467896	-1.046312994	-0.122250885	-0.1290798258	0.7288819295000001	1.7252216271
P960	518.32501	9.295	C18	POS	-1.6540823343	-1.0505058157	-0.5674730361	0.5428257067	-0.1185993584	0.576341553	-1.1774788081	1.0655343791	-0.2011194956	-1.187916041	-0.8315589670000001	1.8156811645	0.4661284585	0.1489432916	2.2195909698	-0.2015422365	0.170392124	-0.0151615546
P961	1684.54346	23.906	C18	POS	1.7878949258	0.7995168864000001	-0.4124660108	-0.334675473	-1.1159005295	-0.4984866246	0.3010479591	-0.0429395937	0.6262528692	0.5824987729000001	-0.0180701636	-1.5311702206	-0.4447711489	-0.9342724992	-1.583974635	-0.1483740295	2.2629520419	0.7049374731
P962	432.23856	7.216	C18	POS	0.0183181036	-0.0870225804	0.5404933313	-0.171617105	1.9269776017	0.9885153626	0.1558871385	-1.2397150174	-1.2445755474	-0.3287572544	-0.9922840132	2.3111328037	-0.8323916248000001	-0.8807437662000001	-0.426338452	-0.0558237924	1.0895324455	-0.7715876338000001
P963	847.67834	22.109	C18	POS	0.338268759	-1.7058926576	0.2436208284	-0.4414087192	-0.989283567	-1.3775513967	-0.2201243081	0.7798238892	0.3386798181	0.7869142018	-0.8491013025	1.0753726445	1.1786950357	1.2491361995	1.8713024739	-1.0561535766	-0.9738897066	-0.2484086158
P966	453.31892	12.297	C18	POS	-2.7727978501	0.5289350319	-0.5542183851	0.0432519349	0.5977617615	0.6154272211	-0.637085011	0.8271334627	0.4198498915	0.6871327903000001	-0.6067244065	2.219703198	-0.1023151239	-1.2724717248	0.3779040626	-0.4228071212	0.0094566759	0.0418635921
P967	758.56938	23.387	C18	POS	-1.5409056747	-0.5351486348	1.0804408819	0.3491487264	1.4277604468	1.7907303834	-0.189352118	0.0325140816	0.6914076044	-0.5577667093	-0.7744397968000001	0.5710322790000001	-1.1246118073	-1.6288205411	1.2011998112	-0.8311029692	0.0957506497	0.0379140364
P968	902.57799	16.19	C18	POS	0.3883882862	0.6729143445	0.7802338647	-0.7272159588	1.9171880256	-0.7396505798	0.6151435931	-0.9318997318	-0.8012724292000001	-1.2927134523	-0.5426982526	-0.5872178601	-0.1612638731	0.6565523243	0.3160551308	1.1431510729	1.3388907402	-2.0445852448
P969	980.86394	24.382	C18	POS	-0.1340191281	-0.6283767847	-0.5957668605	-0.8387767298000001	2.7022830914	-1.49985257	-0.4693993798	-0.6876366182	-0.266784682	-0.0990947402	-0.1510832527	1.3124434001	0.8411366047000001	0.4529802049	-0.4238936819	-0.4027567223	-0.7405837673	1.6291816162
P970	250.17843	5.419	C18	POS	0.9959468472	-0.1045979605	-0.2450087116	-1.0379111061	0.1403426896	-0.1903907248	1.5910115151	-1.3654941326	-0.1121152401	0.3272967963	-0.1416300487	-1.447765467	-0.1752370176	-0.1190687975	2.5677271384	0.8267842173000001	-0.1588398002	-1.3510501971
P972	124.05873	0.507	C18	POS	-0.8674309788000001	0.6149375198	0.6617514539	0.2209718253	0.849627012	-0.5222523536	-0.6743904516	-0.6163157803	0.8701221357000001	-2.7343145182	0.1707064242	-1.2296444767	1.2483317239	1.2894848318	0.5635132887000001	0.9537470996	-0.3242708105	-0.4745739451
P974	353.26661	11.472	C18	POS	-1.8765181381	-1.4860796755	-1.2009721238	0.1383492509	-0.8797932896	1.075220753	-0.9016346258	1.9270742884	0.6964875767	-0.4099803688	0.1297795313	1.4152346863	0.5031541961	0.2572444153	0.8042633797000001	0.4116370581	0.1233875086	-0.7268544227
P975	1525.18769	18.971	C18	POS	-0.920841637	0.7519704865	0.3939079603	1.1061042465	1.4628228129	1.4016844345	-0.851885289	-0.3689591353	-0.2518772216	0.9370182028	-1.8145698239	0.9146631233	-1.1155283305	-1.1287922748	-1.0893829258	-0.0643977964	0.8692571444	0.5207765097
P976	1505.13353	18.647	C18	POS	-2.0162917022	-0.5690964891	0.0818964956	1.1580678319	0.2192154164	1.1120598212	-1.8569359119	0.85101227	0.6561873251	-1.0588681419	-1.5690758692	0.768145332	-0.4070999483	1.1326595755	0.0394008135	0.4707355225	0.3490431786	0.6389444801
P977	729.5067	15.419	C18	POS	-1.5328708209	1.7346067659000002	0.1660598271	1.1577186734	-1.2585710876	1.1485517615	0.3804377657	1.148464862	-0.4822020496	-0.417833047	-0.4336085041	-1.2713420047	-0.7194757069000001	0.7396483583	-1.4392444678	0.0772911683	-0.2236454843	1.2260139906
P978	478.32929	10.501	C18	POS	-1.1004711752	0.3822843454	-1.3977550073	0.5460455838	-2.076430901	1.579469953	-0.5330957263	1.7582994564	1.2476554063	0.1628945857	-0.4169341554	0.0554108653	0.3457192553	0.9301499204	-0.8835412749	-0.6932767787	-0.268171311	0.3617469581
P979	938.78009	22.402	C18	POS	1.5544659823	-1.0031237848	0.9646137217	-1.0121146268	0.1386756961	-2.5898116545	-0.584932611	0.1774717137	-0.0757701994	0.287506474	1.5119595242	0.5471697274	0.1590158611	0.266358734	1.2403270911	-0.5571616837	-0.0771927208	-0.9474572445
P980	598.54057	18.772	C18	POS	1.0937997143	-0.975010448	0.2004586867	0.1108763597	-1.5981291507000002	-2.4391723822	-1.4700285089	0.2207651056	0.056604223	-0.0930155867	-0.0010574975	-0.3573104617	0.7620545040000001	0.6263385153000001	1.3469945988	0.7328601203	0.7617717245000001	1.0212004835
P981	771.51443	16.421	C18	POS	1.0985357315	1.1073313797	0.207969127	0.4803433682	-0.1044455402	0.3602901795	-0.1556171758	-0.8753721878	-0.0451358784	-0.8493386986	-0.3261476284	-1.4479509959	-1.1956852893	-1.4882369484	-1.0695891848	1.1229467683	1.9959001078	1.1842028656
P982	812.69654	19.401	C18	POS	0.6581429439	0.5748886203	0.0050290701	0.9884121153	-0.90347789	-0.7785876985	1.3936219955	0.5486967442	0.1638470763	0.3700786499	1.4335103512	0.1268405647	-1.9960329762	-0.2911388148	-2.4630587676	0.0319415969	0.3948250111	-0.2575385923
P983	1613.22887	21.643	C18	POS	-0.3483517021	0.1499326811	0.0203915878	0.5379154103	0.8933763037	1.4836958664	-0.8612501613	0.2850154676	-0.3602515428	-0.1932876879	-2.2438905288	0.3046860349	-2.338332141	-0.3325368863	-1.0103735234	0.5079572366	0.7172887532000001	0.9163911475
P984	800.57901	17.232	C18	POS	0.1077906633	0.4670872951	0.8589703074	1.1460937038	0.8578413679	0.7670959903	-0.9075284319	-0.6884884196000001	-0.7557437312	-1.2989747076	-1.4946466141	0.2536113664	-1.3532252948	-1.2363190203	-0.270488236	0.4034948321	1.5276779443	1.615750985
P985	1573.10642	17.685	C18	POS	-1.404147924	0.5998330729	-0.0593871907	-0.3240074399	0.733530157	1.0502440122	-1.2049105601	0.8497265390000001	-0.4379498301	0.1148946111	-1.400157788	2.591714261	-0.2725574947	1.0915120873	0.0126823341	-0.2569868583	-1.079545949	-0.6044860399
P986	698.25501	19.432	C18	POS	0.472372493	-1.2663905416	0.2810519843	-0.451395869	-1.4954166314	-0.3771740718	0.4777602771	0.0197717827	2.2278115434	0.6357815062000001	0.5272742065	-0.5305312303	1.8583146767	-0.3773150614	0.4568156139	-1.3959076299	0.1892183359	-1.2520413843
P987	787.60432	23.78	C18	POS	-0.4489095693	-0.1313933152	1.1314156583	0.8568273777000001	-0.5373487869	1.5123321195	-1.9056099474	-2.2673086105	0.3714516297	-0.4366335303	-0.8637515319	-0.2071940017	0.4392855386	-0.4529734207	0.0409661109	1.0868004207	1.1043763005	0.7076675579
P988	551.50315	19.065	C18	POS	0.984187361	-0.2249643364	-0.4880279687	0.2481482958	-1.7087457358	-1.4135466186	0.5792827763	-0.8019374569000001	0.4558704839	0.1340271685	1.0024649899	-2.2457633137	0.3071194227	-0.0802124181	-0.2755025818	0.8248130075000001	1.3320810252	1.3707058991
P989	1456.89208	16.466	C18	POS	0.1213375939	0.6456489613	0.8070361444	0.7160003936	0.5837824441	-2.6232954958	0.1680516507	-0.911949892	-0.4725670582	-0.5206016666000001	-0.1440977819	-2.0661119896	0.317404028	0.2528144368	1.0625303519	1.3123698222	0.722027539	0.0296205183
P990	508.34044	10.124	C18	POS	-1.662612707	-1.0180531403	-0.9880228664	0.7152721025000001	0.738350798	2.0021476581	-1.5725135471	1.3987462116	-0.2526150509	-0.7894908754000001	-0.9007253917	1.1225174219	-0.4376224482	-0.0335170336	0.3056620981	0.6079474846	0.487278651	0.2772506347
P991	1561.10578	17.851	C18	POS	-1.4714088545	0.1401973228	0.0260313981	0.7303999807	-0.0758120722	0.9871343972	-1.4548126657	-0.0031368276	-0.8371555643	-0.8346517549	-2.2340619564	1.0725179095	-0.3901456662	0.6532236564	0.4575078068	1.3929801092	1.253800332	0.5873924491
P992	670.6108	19.764	C18	POS	-0.0957783977	1.8168168883	-0.2798782095	-2.8472163608	0.5321581427000001	0.5176524169	0.4651371657	0.8028795338	0.4405637274	0.5915945615	0.4595311183	0.9771776251	-0.2422821853	-0.8621755854	-1.1484093369	-1.0611930414	-0.2916896484	0.2251115855
P993	882.60725	16.396	C18	POS	0.3849610097	0.2409143555	0.0006279532	0.8828722834	0.6933907189	0.6287320079000001	-0.738038972	-0.7613582534000001	-0.3030518468	-1.2868327763	-1.0851269694	-0.8702890535000001	-0.5778735075	-0.8310123208	-1.259031699	1.6744377249	2.2263718968	0.9803074483
P994	605.55015	17.662	C18	POS	0.7950133959	0.9940571846	-0.0701118083	0.493350043	-0.1756033359	-0.3408568832	0.6911666539	-1.9542663996	-0.1622236921	-0.9256374791	0.425565942	-0.8778646521000001	-0.2493858514	-1.5457327853	-1.6235984458	0.9589075018	1.3437839743	1.345571985
P995	886.74889	22.162	C18	POS	-0.3425678726	-2.1001702008	-0.2948664605	-0.2387550597	-0.83308722	-1.450959695	-0.527379422	0.1085806534	-0.1041096237	1.7695366344	-0.0426820578	0.391877672	2.0888857014	0.58057866	1.0051895851	0.8925645831000001	-0.5659651584000001	-0.3366707188
P996	367.3204	20.04	C18	POS	0.2627772889	-0.1048298909	-0.4751810433	1.221395856	0.9793044519	0.417464812	-0.1438713332	-1.2109463125	0.3331530047	-0.6632971454000001	-0.4542431337	-0.7424364506000001	-0.0635421029	0.1248112954	-2.2670272034	1.7596586352	-0.8077411226000001	1.8345503945
P997	752.67667	21.901	C18	POS	0.063297062	-1.3397452263	-1.7556437315000002	-1.0238285797	0.5939344194	-0.9914356613	-0.7268610299	0.1829404347	-0.1457632141	0.9736051443	-0.5862767160000001	1.878568881	0.5578360999	0.7614853399	2.0799422886	-0.0798406114	-0.2911845522	-0.1510303473
P998	848.5798	16.329	C18	POS	-2.1783794918	-0.2099448622	-0.4856722787	0.0156790962	0.3634047486	0.5159806705000001	-0.4666392973	0.6233904392	0.2518564947	0.9055006562	-0.3236396158	1.6123297928	-1.5402895607	0.2996860617	-1.918336856	1.0994021148	0.7020140698	0.7336578179000001
P1000	657.48551	18.733	C18	POS	0.8031916734000001	-0.8187061473	-0.0075292776	-0.6726259381	-1.642756705	-0.2449878954	0.4003590121	0.7563683993	0.6818235572	-0.8173060145000001	1.1066222172	-0.6981497275	1.3167785228	1.3162936499	1.4412574442	-0.9827796137	-1.2705597507	-0.9122813017
P1001	852.35464	15.901	C18	POS	-0.089325711	-1.30716949	-0.3884410357	0.1917717989	-0.3564808745	1.314797589	-0.7299070687	0.4723403258	-1.3184248206	1.7201496879	-1.1090403118	1.7935239318	-1.6175331268000002	-0.2037365229	-0.0764849171	-0.113910614	0.8344635843	0.9834075756
P1002	577.51885	18.018	C18	POS	0.6109961504	0.0761943358	0.2782442674	0.4593501827	1.5281245246	1.6446770111	-0.0021489665	-0.4589076145	-0.0896640884	-0.3716308682	0.0053668868	-0.3757705862	-0.437517461	-3.0178201782	-1.3032916917	0.2379266988	0.6337832806	0.5820881165
P1003	971.87549	24.741	C18	POS	1.0409309352	-0.9792206247	0.6525825469000001	-0.9066446218	1.6106478337	-1.6242304395	-0.4778207453	0.4811089076	0.6372408054	0.6977763484	1.0258974367	-1.1410534374	0.6260610479000001	-1.5533619823	-0.9205656664	0.9946652604	-0.8286859436	0.6646723388
P1004	784.58414	23.702	C18	POS	-0.3515445427	0.7766911259	0.92770677	1.0490842121	-0.2983025287	1.9261701379	-0.219017759	-2.4246098007	0.1915825977	-0.28581871	-0.6280283833	-0.1486920844	-1.0544417374	-0.5241769061	-0.8213619400000001	1.3655339826	0.9633465479	-0.4441209819
P1005	712.49148	15.985	C18	POS	-1.6484371266	-0.7889120954000001	-0.265843067	0.075497339	0.0949170383	0.6355145815000001	-1.0647026085	0.7425339332	-0.1081481456	-0.0455839808	-1.4370304108	2.7329961409	0.1974710865	0.280819102	1.565981382	-0.13022827	-0.3997163329	-0.4371285656
P1006	853.68138	21.396	C18	POS	0.4476854671	-1.8283982509	-0.0085910773	-0.2696823764	0.7966432590000001	-1.6582477392	0.8791387845	0.4515141829	0.8210515523	1.0665464176	1.1104943912	0.5122241136	0.8392290703	0.195485371	0.297039856	-1.7539946575	-1.658514843	-0.2396235213
P1007	872.7707	24.24	C18	POS	1.0289593307	-2.3406230992	-0.7941917246	0.3775387611	-0.4700906774	-1.5495644203	-0.6567683659	0.0763497742	-0.1463574187	1.5042542436000002	0.3901046159	0.2746211068	0.7162554299	0.691384085	1.7046552229	-0.4327154117	-0.3217349145	0.6393075472
P1008	858.76083	23.407	C18	POS	0.6657884402	-0.2120452191	-0.0120678628	-1.4849897039	0.9654421301	-0.7477831154	0.4079321036	0.7398331681	0.6346487978	0.7524021590000001	0.720103327	0.4139205399	-3.001272803	0.2569476926	0.6451933401000001	0.0228560679	-1.293977303	0.5270682408
P1009	572.37158	10.984	C18	POS	-1.1489743056	-0.6408382228	-1.3116815655	0.0138120573	-1.055395122	2.0829641548	-1.0134317769	2.0534315494	0.5748603579	0.5909166374	-0.6609792143000001	1.3603623982	-0.3442682058	-0.1302160719	-0.2946913572	-0.5203842594	-0.1606402042	0.6051531505000001
P1010	937.81983	25.485	C18	POS	0.2479598602	0.9317464685	0.4321973037	-0.1760024866	2.3623926701	-1.9019085591	-0.8897157049000001	0.0757538366	-0.553361796	-0.6470620671	-0.5399234404000001	-0.4726949852	-0.7578433042	-0.65678655	-0.3616443948	-0.040204256	1.7347564238	1.2123409812
P1011	1623.44712	22.787	C18	POS	1.4340946664	-1.8833190831	-0.7058083969000001	-1.083384072	-0.4184316192	-2.005882431	-0.5639148732	0.3628837678	0.5275077766	1.8440793987	-0.4735617907	0.4410999629	0.9753443622	0.0150123086	0.7690374747000001	0.3291582363	0.558752773	-0.1226684611
P1012	850.57197	21.487	C18	POS	0.561814649	1.099218399	0.6809436894	0.9259206333	0.8403746983	0.8877738658000001	-0.2397802962	-0.8014963942000001	0.1453959231	-1.1464311448	-0.9998587903	-1.008475171	-1.3139099562	-0.6745787682000001	-2.0326976123	0.7254406801000001	1.1159242577	1.2344213375
P1013	184.07314	10.66	C18	POS	-1.6958788211	-0.7047798608	-1.228602678	0.4179336566	-0.1773561871	2.3480170739	-0.93150665	2.0778263536	0.2545932116	-0.0625187717	-0.4205055319	0.7537079784	-0.5968641214	-0.6929345701	-0.0547401164	-0.2577439151	0.591073818	0.3802791315
P1015	890.77968	23.01	C18	POS	0.8653147736000001	-1.5844872188	-1.5480204531	-0.3058124668	0.3776978367	-1.5388345714	-0.0632824214	-0.3969069127	-0.1681940271	0.4183693717	0.556272275	-0.7600880166	1.4174923638	-0.6383381840000001	-0.2830563719	1.719872709	0.2021675171	1.7298337967
P1016	613.51931	15.241	C18	POS	-1.3247629987	-0.6584362352	0.3334705344	0.3475071999	-0.2533127346	-1.0143021377	0.2885376025	-0.7304664205	-0.5133370862000001	0.9567605838	-0.2533071201	1.2748267285	1.0196898374	1.2380240928	2.1060508513	-0.6612549166	-0.2927445585	-1.8629432225
P1017	339.28935	17.635	C18	POS	0.6694387851	-0.2606185897	0.581233852	0.1007084988	-0.4008811003	-1.92312538	0.6251117758	-0.9532002483	0.0029255723	-0.9394009371	1.0878191268	-2.2871017412	1.3809612795	-0.5733671145	1.4906833453	0.0650727184	0.0247026878	0.355837221
P1018	268.15525	3.176	C18	POS	1.3801352578	0.3747256014	0.7433418140000001	0.0603082639	-2.165023396	-0.4963876276	0.4537694874	0.1308719062	0.7263202503	-1.26776624	0.8978839835	-2.4293918128	0.5629368655	0.6514364312	-0.5079143111000001	0.353583269	0.0071251119	0.5240451454
P1020	304.3006	10.058	C18	POS	-0.0791908283	1.7660384317000002	-0.8470203629	2.4076834856	-0.7555068058000001	-0.5061436245000001	-0.8985571197000001	-1.0739605245	-0.9278897592	0.3532871137	0.5055196445	0.1502147704	-0.6578088229	1.280978158	-0.5070940477	0.5849338977	-0.7743246617	-0.8681793072
P1021	104.10536	23.705	C18	POS	1.3800804353	0.0574465288	0.1516125729	0.3057309835	-0.1386262011	0.9499738348	0.5440478832	0.3853023002	0.5605330033	-0.3360851008	0.3754643666	-2.7227775164	0.2562208759	-0.2552399267	0.1252621564	0.2380589432	-2.4654491797	0.5884440407
P1023	532.3389	11.159	C18	POS	-1.0559219876	-0.5188135996000001	-0.9793506222	-0.0442600069	-0.6781186635	1.9932327826	-0.8305765656	1.7986341542000002	0.6058225234	0.9843688163	-0.9576766842	1.0385823337	-0.5801108275	0.1832367873	-0.8202685630000001	-0.7246712289	-0.7619197633	1.3478111148
P1024	816.55278	17.443	C18	POS	0.9328022226	0.9248708006	0.4727538663	0.2283766889	-1.0321964696	0.2515070597	1.0735452682	0.7040368137	0.9755317464	0.6572405316000001	1.244010405	-2.0760838232	-0.1830520748	-0.115289414	-1.7514642117	-1.3129255354	0.0727257931	-1.0663896675
P1025	526.25904	5.034	C18	POS	-0.3912688226	-1.2971317698	1.7613161238	-0.1869514319	1.004875877	-1.3173842958	0.7176210075	-1.0618633234	-1.3808792106	-0.4873264639	0.732076744	0.3334014834	-1.0951211544	-1.0458659724	-0.8586182804	1.643629557	0.6550899506	0.1174155042
P1026	1542.14736	19.535	C18	POS	0.5199492753	0.4577044383	0.5064150027000001	1.0776686168	0.7522973349000001	-1.0086606358	0.6917858573	-1.802752752	-0.3589534067	-1.2373985922	1.0806709492	-1.7774362215	0.386418811	-1.2517637339	0.3421296809	0.9503371146	1.295332599	-0.6237443380000001
P1030	843.51533	15.362	C18	POS	-1.1419344849	1.7129740617	-0.2502726078	-0.5148701768	-0.6873417852	0.5622163191	1.555420301	0.7655714085	0.8899648254	0.6913815457	0.5796321726	-1.5526592785000002	0.8832660334	0.3586378625	-0.5548344084	-1.333228614	-1.5738369986	-0.3900861756
P1031	650.44044	12.813	C18	POS	-0.8048551486000001	-0.3697923831	-0.3541427954	1.0463659019	0.8313615625	2.7221002061	-0.2252634965	-0.6084695172	-0.6221655053	0.7614150318	-1.9847934964	-0.0299444299	-0.8660783721	0.0191893591	0.1243356384	1.2024503896	-0.4200142549	-0.42169869
P1033	727.57503	16.473	C18	POS	-0.87929497	0.453401194	-1.8063462114	0.2939253224	-2.6046736195	-0.2894255386	0.5397734553	0.8548300862	0.1288200031	0.6230093318000001	0.1504702755	0.7832655002000001	0.7094189798	1.4474988136	0.1760786268	-0.0366238115	-1.3713121539	-0.052110254
P1034	1050.74981	10.803	C18	POS	-1.7080968099	0.0956701572	-2.0341589241	-0.1516157544	0.432759278	1.674252917	-0.46400777	1.4837711917	0.3418379553	0.9055607725	-0.6592401265000001	0.7455165118	-0.7988483755	-0.1402628968	-1.3788444473	0.2873258953	0.6787100318	0.6896703939000001
P1036	1560.18137	18.788	C18	POS	-0.1662220663	0.9294637979	0.6070696523	0.1788744436	1.2624957529	0.7230140458000001	0.0455532717	-0.275498414	-0.3016863925	2.1305489597	-1.4018955947	-1.9404949748	-1.5460096244	-0.6845960916	-0.3995955822	-0.4430956372	0.8813988119	0.4006756418
P1037	842.63747	18.998	C18	POS	-0.5785796879	1.1670534728	0.7612168431	0.2025676613	1.116187539	0.6603199925000001	-1.0118619904	0.351697228	-0.7831293275000001	-1.1477820609	-2.2679920793	0.6450304383000001	-0.8504712360000001	0.4615679069	-1.0814339616	-0.1713470091	1.3953630265	1.1315932443
P1038	974.81564	23.042	C18	POS	0.1133973969	-1.1953759183	-0.7555093783	-1.1147022334	-0.0963224627	-1.2960982476	0.965195258	0.0817122982	0.0781994018	0.5324299255	1.2305348663	0.1892475808	1.5839325648	1.4430244781	1.4604296085	-1.3220102418	-0.9004825082000001	-0.9976023885
P1039	714.6187	22.047	C18	POS	-0.1803120513	-1.7421733392	-2.1046022445	-0.3670558247	1.3211477185	-0.6250920206	0.0325310126	0.2153717705	0.2203338919	1.2738595446	0.3780883191	1.912990761	0.8481192843	0.423059986	-0.3541719119	-0.2978954783	-1.2331291567	0.2789297388
P1041	1482.90768	16.523	C18	POS	0.8550217486	0.9211446441	0.5366739316	0.4428223253	-0.8665541397000001	-1.3058364976	0.9630552007	-1.3998605905	-0.989953264	-1.4767651503	0.8128124888	-1.4412490951	0.7295232028	-1.1106673729	0.7687461022000001	1.168878686	0.6625731955	0.7296345846000001
P1043	944.86204	24.414	C18	POS	-1.3887482314	-0.0879358849	-0.8304337976	0.3741652495	2.2992344525	-0.2530592283	-1.7095592380000002	-0.3617676093	0.0307217476	0.1372437983	0.7485119154000001	0.3335154229	0.4685264162	-0.2429417737	0.8394213355	0.9821651736	-1.9529631489	0.6139034008
P1044	1602.14128	18.102	C18	POS	0.733989181	1.4209588279	-0.5519931453	-0.0398713703	-2.6485139662	-0.4110355161	-1.5446580429	0.7681600483000001	0.4426821193	1.3019977785	-0.2880579331	-0.087540966	-0.399704501	-0.0375302103	0.0018158027	0.9004459440000001	0.3449348694	-0.4562562626
P1046	1625.13621	17.954	C18	POS	-2.4690973602	0.6584120495	-0.1232231576	0.1286109202	-0.9313690732	1.5934894284	-0.3033040872	0.9663836606	0.7309315377000001	0.8998762727	-0.8618187916000001	0.4937497138	0.6059119930000001	1.1130556096	0.2652458822	-1.0831823771	-1.2936010661	-0.3900711548
P1047	445.36755	15.445	C18	POS	-0.6490214232	-0.0637771104	0.4248727493	-1.7299110867	0.0944139683	-1.4179081233	0.5450611968	0.6627127327	0.7795987372000001	-0.250601425	2.3756823145	-0.6902996744000001	-0.2211557439	0.3851467515	-1.7657884746	1.2107403375	0.0417369555	0.2684973181
P1048	328.3212	23.714	C18	POS	1.5066708412	-1.5593216236	0.4327263171	0.6986661421	0.1626878168	0.8240450772	-1.539902098	0.0577234983	0.8614949743	0.2430157868	0.4180730953	-1.2532505861	0.7745442521	0.1754753483	0.4368999115	-2.4567159594	0.3490478191	-0.1318806131
P1049	623.50374	14.801	C18	POS	-1.5299075318000002	0.5100060661	-0.7883806041	-0.9980065179	-1.4025660893	1.4373472229	0.5868434365	1.6257164969	1.1774372205	0.6019053656000001	-0.5179850695	0.9953581375	0.3912611472	0.8489399310000001	-0.119931851	-1.3043138946	-0.6608386232	-0.8528848427
P1050	684.16538	11.067	C18	POS	-0.2202011072	-1.1268647256	0.1656443689	0.8038388296000001	-0.1768102135	0.5399605497000001	-0.010039326	-1.5606363551	-0.5216861061	0.3571607421	-1.3050773438	-0.2511070394	-1.3189942645	0.9600664844	-0.4842193464	1.8026281171	0.1278151503	2.2185215855
P1051	104.10531	22.898	C18	POS	-0.1063397537	-0.1282313222	-2.3526821696	1.3755541731	-1.5710635471	1.5773119	-0.7558928672	-0.2955376335	-0.1902840225	0.6943708768	-0.0916970767	-0.2736857797	0.5890962652	0.0357412522	-0.7736858449	0.2518661353	0.2051855424	1.8099738722
P1052	1513.19118	19.342	C18	POS	0.5071730501	0.1681017802	0.1764803262	-0.1654483501	0.9213049129	-0.3206063628	0.2605982804	-1.0450289146	-0.7644082177	0.7641387048	2.0990950646	-0.5737393362000001	0.3341730444	-1.9885629049	-0.039651562	-1.9984744814	1.1434004481	0.5214545179
P1053	184.07319	9.861	C18	POS	-1.5697392671	-0.6453610310000001	-0.6502919671	0.0992440828	-0.7074442541	1.6476164196	-0.6756503776	2.1292840317	0.5224217963000001	-0.2311662822	-0.7380161931	1.1809032334	0.4519485915	0.6331576856000001	1.1054505512	-1.1659079945	-0.8776639945	-0.5087850308
P1054	190.27275	19.389	C18	POS	-0.5056552914	0.9100062956	-0.5926163701	1.168672808	0.0266716	1.6959383073	-0.6851274493	0.5218581454	-0.0230166836	-1.1354608106	-1.6132717167	-0.4183596372	-0.887960296	-0.9084628724	-1.054068014	0.9658216686	1.8341929192	0.7008373972
P1055	586.54053	19.069	C18	POS	1.0363528067	0.0882476543	0.3427505713	0.2068880821	-1.7764715255	-1.458319946	0.5627246989	-1.2982783197	0.427732292	0.0421412422	1.117703341	-2.1451924896	0.2408215826	-0.3356111187	-0.0996657008	0.7402649501	1.3048606288	1.0030512503
P1057	682.54058	17.83	C18	POS	1.2621609325	-1.5822932384	0.4513249413	-1.4040620443	0.0251365732	-0.9832769593	0.2775150094	0.0365244049	-0.3249673577	-0.6737962256000001	1.2703223002	-0.3702745187	1.3713374956	1.3355130258	1.2861381645	-1.2274171812	-0.9440868446	-0.7890754368
P1061	841.66867	22.776	C18	POS	1.6022863734	-0.0501390168	0.4768784287	0.4255313471	-2.3546301103	-0.7290327719	0.6938664123	-1.0869541489	-0.1241763695	-0.3140945235	0.5519544623	-1.5124760622	0.0463953123	-0.8282434887000001	0.4018537878	1.1825370263	1.5230040658	0.095439276
P1062	912.76458	22.202	C18	POS	-0.7026908477	-1.1894334545	-0.5884959093000001	-0.8777137186	0.0139786811	-2.8707894548	0.6462111896	0.20213978	0.1802028101	1.5812110654	1.1950393026	-0.5944653311	0.0558667876	1.5084927448	-0.0576327424	0.2115517264	-0.0993883079	0.1964822241
P1064	879.81837	25.273	C18	POS	1.4487078327	-0.0602508311	-0.2107392264	-0.0475333926	-0.9894789826	-0.6185590825	1.1951470055	-0.8948562155	1.6867393731	0.4964973641	1.5798986621000002	-1.8305932827	0.1749009212	-1.1326336365	-1.1215646758	-0.567358707	0.5694704954	0.3222063786
P1065	515.31288	10.51	C18	POS	-0.906257442	0.1777803897	-0.9848597168	0.0496216526	-2.9816780011	1.1385650127	-0.2833160348	1.5041067395	1.0753832141	-0.0861882156	-0.2496318981	0.4639827654	0.4821932238	1.2660567399	-0.3359145308	-0.383054836	-0.2052056071	0.2584165447
P1066	1043.7062	10.686	C18	POS	-0.9512218703	-0.8805101647	-1.4832997509	0.6797670107	-0.6331803856	1.991040279	-1.1409484396	2.0003889375	0.7362791868	-0.6295656313	-0.4812493189	1.1378055233	-0.6341274829	-0.3916493156	-0.4387952425	-0.3254976869	-0.2294174203	0.7229599022000001
P1067	982.68685	10.481	C18	POS	-1.2714580115	0.5028361545	-1.3260342456	0.2049012325	-1.671954334	1.6453437922	-0.7712401558	1.4104876342	0.9274779477	1.0477719969	-1.0795103474	1.0528096461	0.0462052149	0.3434038718	-1.1388719125	-0.5460616547	0.0865164782	0.5373766924
P1068	1665.16692	18.04	C18	POS	-1.0829322352	1.5928507197	0.1445825177	-0.0387634289	1.8523411188	0.9090041209	-1.2250506918	-0.0326778496	-0.2990672599	0.2913167922	-0.4262261254	0.0706861541	-0.417515392	-0.5570321947	-2.1515516968	-0.4349416933	0.1229026684	1.6820744758
P1069	1646.20566	19.735	C18	POS	0.1943415641	0.6535581637	0.2577877696	-0.8061285322	-1.2098990481	-0.0181472977	0.0424967351	1.2683852886	0.8974592938	1.735958249	-0.2458412301	0.7354458848000001	0.8310098325	0.8263030026	-0.4586263774	-1.9527453923	-1.1094004989	-1.6419574071
P1071	875.56467	15.717	C18	POS	-0.8322249338000001	-0.8326767309	-0.0808735027	1.1291515935	1.887804122	0.9757604211	-1.4565574469	-0.9495618634	-1.1159884193	-0.6369365036	-1.4967133582	1.3593128516	0.6224505397	-0.4120923225	0.8284756203	0.8802687003	0.1821936569	-0.0517924241
P1072	603.29409	8.794	C18	POS	-0.910623115	-0.3855833689	-0.4690401081	-0.9291221182	-0.9825236673	2.4650002675	-0.3185606279	2.1901581358	0.7836917754	-0.1313759714	-0.4825850714	0.094378876	0.0273752693	0.9415556002	0.3810230441	-0.3190689047	-1.1786678446	-0.7760321708
P1073	1594.08708	17.246	C18	POS	-2.3588252232	-0.260124615	-0.7715767891	-0.2580644307	-0.5540983303	0.7659274410000001	-0.407135983	1.5628899386	0.6896369959	0.901132146	-0.7905279307	1.7623179061	0.4059731285	0.9842095147	0.5515998656000001	-0.6112355133	-0.9999242186	-0.6121739024
P1074	1318.0681	17.418	C18	POS	0.8998669839000001	-0.6474964286	0.9691263455	1.2503722665	-0.8132992508	1.164094754	-1.1301342706	-1.0788377608	-1.1911206957	1.1654267906	0.2297251083	1.0014199374	-1.4066983	-0.9133332791	-0.8306902329	1.0160619673	-0.6767776647	0.9922937299
P1075	601.33556	10.314	C18	POS	-1.22737387	0.2332679797	-0.674377992	-0.7815820788000001	0.0571878728	2.0374984074	-1.2046615782	1.9566852164	0.5165079816	-0.2815739296	-0.8253748287	0.9007479444	0.6608376891000001	1.1178849611	-0.6560809067000001	-1.3448656197	-0.0729935822	-0.4117336666
P1078	986.91128	25.502	C18	POS	0.7457491013	0.5127210409	-0.0070645569	-0.4332030535	2.370053804	-1.4864230639	-1.0864215982	-0.868299134	0.5522242965	-0.8436675822	-0.4603600605	-0.5538422940000001	-0.6776095079000001	-1.0071539604	0.7522877446	1.538145547	-0.1707472076	1.1236104847
P1080	864.8383	25.616	C18	POS	-0.6209938228	-0.0928590332	-0.1064464749	0.2370452718	3.2873691357	-0.4255032443	-0.8469769004000001	-0.6097484989	-0.389569089	-0.1780335299	-0.4476641548	1.8189084777	-0.4668821223	-0.4424986059	0.0864323051	-0.3238447257	-0.5471191195	-0.3792800234
P1081	752.5577	17.827	C18	POS	1.267429185	1.1621358015	1.1205121436	0.0270154795	0.5329948738	-0.1297005031	0.7433621703000001	-1.6193125865	-0.4502134618	-1.6520223535	1.1348086644	-1.2990110819	-1.0134185196	-1.0789460002	-0.7164185717	0.6293358895	0.2213770385	1.120071832
P1082	437.19388	7.215	C18	POS	0.1674353384	-0.0036846522	0.5684470533	-0.3033674488	2.1884434012	0.8990500759000001	0.2338051326	-1.3247035522	-1.1248758799	-0.4509385162	-1.1086666107	2.0995782869	-0.7753288861000001	-1.0167093394	-0.3465071758	-0.0837578287	0.9683388743	-0.5865582726
P1083	653.55029	15.864	C18	POS	-0.5649588702	-0.5425933553	0.4118580496	0.2701603979	0.8595020174	0.1642678682	-1.0621523626	0.6448089834	-0.3341957995	-0.0029326114	-1.5623559116	-1.6629972944	-0.5513473636	2.7913240991	0.9036947526	-0.5173830642	0.5371054121000001	0.2181950526
P1084	840.57348	17.635	C18	POS	0.6361905782	0.7077375291	-0.443264974	0.2143777001	1.2245613841	0.2886840228	0.4135316062	-2.1630184959	-0.4949843005	-0.6659729915	1.0232501553	-1.5805006039	-0.5907109283	-0.8195681413	-1.1446323658	1.0381024699	1.2052848206	1.1509325351
P1085	759.21293	19.409	C18	POS	-0.3554246156	-0.1324518232	0.2545779238	0.9695461201	-1.930419632	0.1499000489	-0.2769506251	-1.7641860493	-1.6863109933	0.5177702471	0.6440090667	0.5124108178	-0.8953501006000001	-0.1465203769	0.9650092038	0.237197443	1.4644068956	1.4727864492
P1086	862.62435	15.336	C18	POS	-0.1724860592	0.981975673	-0.4257593824	1.2816087751	-1.4172193454	-0.5877809451	1.3176879881	-0.6408710207	-1.2469973046	0.4806914234	1.9810430097	-0.6878053904	-0.1540250974	-1.2553934112	-1.2191395931	0.4398650122	0.2495785766	1.0750270917
P1087	603.43846	17.638	C18	POS	1.0823555238	-0.4445201822	0.7164716793	0.1722462512	-0.3957936797	-1.133397563	0.3516555303	-1.364886231	-0.0978998018	-0.7024489322	1.0722584687	-2.6834659395	0.9468037752	-0.5359238437	1.2400043442	0.6677442396000001	0.6650396108000001	0.44375675
P1088	858.52529	16.522	C18	POS	0.3583277718	-0.6441292288	-0.0730312743	0.7075901644	1.9968391071	0.3813245626	0.2033662625	-1.4228025212	-0.5152753959	-0.7968910199	-2.3772108872	-0.2264694667	1.0394723265	-0.4617692806	1.2060181231	0.5544570670000001	0.7737117668	-0.7035280771
P1089	818.58964	16.742	C18	POS	-0.3625586694	1.4122825052	0.0742135555	0.4563007673	-0.1899064448	0.7712549489	0.4824063391	0.175679713	0.3840773615	-0.1055770258	0.4078980665	-2.2949039658	-0.5316493671	-0.1781507736	-2.6509690954	0.3973958817	0.6123572371	1.1398489661
P1090	165.09103	15.274	C18	POS	-0.9066406799	-1.7037621322	0.556802479	-0.2379455015	-0.9468319508	-0.4711572963	0.7566290338	0.5590847863	1.0360311468	1.5650217495	0.7187765527000001	0.0135173376	-1.4955370185	-0.3248305673	-1.5633493525	0.8274898909	0.0708812977	1.5458202246
P1091	868.65316	19.885	C18	POS	0.9717616562	0.6770707136	0.64638639	0.3720465192	-1.9612611269	-0.9471953461	1.4438443268	0.1823257004	0.5294833612000001	1.1565330279	0.7329168536	-1.6452900041	0.0482883923	0.3585601925	0.5722137819	-1.5679523178	-1.0750986449	-0.4946334759
P1092	940.79438	22.265	C18	POS	0.9692988163	-2.4189515099	-0.0558984019	-1.7348750745	0.9305104477	-1.5251244235	0.2840353744	-0.4215466863	-0.3435521447	0.7904306619	1.0619792702	-0.5895833137000001	-0.4467460428	1.2515363663	-0.7662143725	1.1359402215	0.4487312159	-0.0950948279
P1093	591.53426	24.258	C18	POS	0.8625334748	-0.5739813612	-0.1475903134	-0.5508184517	2.3289950169	-2.3791776379	-0.6319513445	-0.685729758	-0.2763084519	1.2675804041	0.0884581984	-0.312120716	0.7681501834000001	-0.4810793597	0.928288181	-0.2316851101	-0.7356194514000001	0.7620564973
P1095	821.66177	21.955	C18	POS	0.1328750103	-1.4527566986	-0.3310583936	-0.9132797671	-0.1998159635	-1.1954302157	-0.8470731142	0.5355776111	0.1744384944	0.2970298746	-0.3340833976	1.3808077798	1.310783041	1.2047140076	2.3163573251000003	-0.3415753552	-1.1487241028	-0.5887861355
P1096	229.14126	23.724	C18	POS	1.199260986	0.8016472935000001	1.0166005722	-2.0008216983	1.0527043477	-1.2920871513	1.0481989411	-0.8723058278	-0.7851422418	-0.7476737141	1.2734207817	-0.6781380300000001	-0.299352043	-1.1010913786	0.6343803992	-0.416807645	0.4077483811	0.3426503822
P1097	745.62251	18.59	C18	POS	-1.9564366455	0.6653880906	-0.0292977992	0.8993904387	-0.2171097427	0.3048679448	1.5194438665	0.1449205486	-0.0340030638	-0.5911328258	0.1278873758	0.5002045824	0.7491227271	1.3723188039	0.1224523255	-0.1315974167	-2.5650074301	-0.8814117802
P1098	464.37337	14.567	C18	POS	1.212227913	0.0131458521	-0.6626616913000001	0.3887259936	-0.0413281961	-0.5920422745	0.1812757315	-0.7366439312	-0.5881877509	0.1077671433	0.9862919263	-0.9611894313	-0.3278837938	-0.7534927322	3.2688322615	-1.0674712665	0.075108099	-0.5024738524
P1099	892.81645	23.919	C18	POS	1.6386678686	-0.6813589428	-0.3329128443	-0.2487947139	-0.6547486489000001	-2.5232198183	1.1024605493	-0.4451057659	0.727937704	0.8202714502	0.4368068883	-0.3949931597	-0.5940730921	-1.2252349722	-0.7182480236000001	0.5828328204000001	0.8790317557	0.9493220025
P1101	371.37109	23.506	C18	POS	-1.443035308	0.5841273078	-1.8046059059	-2.0424603047	-0.1846392804	1.1607623306	0.1047685089	-0.6250204124000001	0.3200654727	-0.8705547374	0.547337737	0.8603410145	0.5495421138000001	-0.0003157169	0.2154241359	1.356641083	1.1194135926	0.151892652
P1102	866.77675	22.361	C18	POS	1.4772068667	-1.5006292002	-0.4707613256	0.044216789	-0.8496592091	-1.4759066087	-0.7296016725000001	1.0948577593	0.9512805114	-1.0002493561	-0.4723695333	-0.7918053958	1.1234871496	0.0890713027	0.7212796546	0.2402388037	0.4107811089	1.85984201
P1103	115.09492	18.197	C18	POS	-1.0972310869	-1.0104414231	0.4310494506	-0.0541994766	1.5655484441	-1.4893342917	-1.1126535887	-1.1260609073	1.2303801597	-0.5143109419	1.5157563592	-0.2474009583	-0.2097646066	-0.2085189125	1.3588215651	-0.2487140952	1.4854164092	-0.2683420992
P1104	792.6307	24.076	C18	POS	-0.8794146704	0.7266582876000001	0.7266582876000001	0.844202114	0.313350353	-1.0739695641	-1.6920508491	-0.0821106284	0.2699218293	0.1420403471	-0.5470405694	-0.0934325362	0.181668478	0.0358645968	-1.8578906344	-0.5492700245000001	2.4383362217	1.0964789615
P1105	690.60304	19.705	C18	POS	1.3181206409	0.3151777684	-0.409975451	0.7523697260000001	0.2959201427	-1.3437232228	-0.3170360491	0.7794238915	-0.6734724496000001	0.3454075131	1.1119712688	-1.619310841	-1.2176393409	0.4309188691	-1.850758443	0.7825934425000001	-0.310533985	1.6105465191
P1107	322.27216	10.375	C18	POS	0.324172996	0.8958446916	0.8383943362	0.5721485594	-2.2113630482	-1.9805915277	1.5771531707	-0.6492264585	0.0024816714	0.5958419663	1.3211931356	-0.8912626260000001	0.5855973661	-0.5858918917	-0.6579416283	-0.193207294	-0.0755853887	0.5322419697
P1109	577.51906	15.333	C18	POS	1.2659861357	0.6572017656	0.1858151595	0.7089889786	-0.1731773767	-0.2001407722	0.0822583102	-1.5314904139	-0.6490134904	-1.03379949	-0.1313639286	-1.1295268166	-0.099211603	-1.7957883832	-0.4803639613	1.167607808	2.032908807	1.1231092713
P1110	880.73992	22.225	C18	POS	-0.4285287291	-1.2216879705	0.0136068898	-0.3734520027	-0.6477510686	-0.7600929245	-0.7771677478	1.0726406703	-0.1783745009	0.2481201343	-0.5886874762000001	1.6257936312	1.5921579491	1.2098036271	1.957750578	-0.8875370873	-0.8708122801	-0.985781692
P1111	763.59534	20.925	C18	POS	-0.2664843496	0.6813138254000001	0.8239847764	1.1535394417	-0.0140881589	1.1048914735	-1.8044842517	1.2615492487	-0.5401078513	-0.1021418055	-0.974696805	0.6002578293	-0.7913849635	-1.9009360901	-1.0774763017	0.5810669097	1.1376373257	-0.9499165548
P1113	795.64815	21.818	C18	POS	0.3251842076	-1.5376114566	-0.6036578571	-0.8376346985	-0.8664375271	-0.8742498334000001	-0.8231082024	0.4534194424	0.3394304362	0.9005055458000001	-0.5121192718	1.4221116028	1.258749859	1.0631897677	2.2043781596	-0.6066673876	-0.8270441895	-0.478438597
P1114	754.57148	18.393	C18	POS	1.2701859916	0.7132191678	0.4834484671	0.4526094407	0.7465504106	-1.1933978338	1.2246688074	-1.3457661352	0.2379452436	-0.8932431746	1.3097787097	-2.2098424023	0.4682216783	-1.2908165375	-0.005192621	0.3540323093	0.4860167732	-0.0618678844
P1115	916.38256	11.994	C18	POS	-1.6901881159	-0.3554864846	-0.3008166728	-0.3203076044	-0.3130616281	0.9513501339	0.2693951107	-0.6338185953000001	0.2440391829	0.2829866831	-0.4377015831	1.6692446624	-1.7001299387	1.0492267379	-1.6341201747	1.1212115166	0.3103048753	1.4878718949
P1116	976.8316	23.427	C18	POS	0.7143681435	-1.4659575617	-0.7780705737	-1.3093985969	1.5561516024	-0.4056818952	-0.0587758069	0.5823625067	0.2845301857	1.1360359254	1.1850640685	0.6131719348	0.6573320159	0.0930194151	1.1358062674	-1.3522612493	-1.1662562028	-1.4214401789
P1118	610.541	17.635	C18	POS	1.5390078719	-1.1352315262	0.6014056501	0.1089706213	-0.3642381599	-0.902934957	0.1985050844	-1.1397538253	-0.2254528374	-0.8865331982	1.160301132	-2.2790181182	1.1320378767	-0.752294687	1.1670998588	0.4929253165	0.7594680143	0.5257358833
P1119	391.3399	23.504	C18	POS	-1.936220911	0.5712772041	-0.5776153917	0.5231260516	-0.3669545326	1.7083909662	-0.1794214681	0.5124898804	1.7154207165000002	0.1861321899	-1.8826896164	0.3455033648	-0.5345664584	1.4675488348	-0.1443544945	-0.3311287313	-0.2399320061	-0.8370055982
P1121	269.22714	20.558	C18	POS	-0.3295733036	-0.8849023426	-0.7742142612	-0.6966804369	2.7921021947	-0.7183916906000001	-0.4079659344	-0.338471927	-0.0809357799	1.1273591629	-0.1224319495	1.5292881027	0.1329144258	-0.1599039515	1.2918900862	-0.3978018572	-0.9381173604	-1.0241631775
P1122	885.76559	22.477	C18	POS	0.5581749075	-2.0320381668	0.4022220255	-0.1231220923	-1.0063205925	-1.3678111031	-0.8360548423	0.5276771955	0.7631397898000001	0.9526508702	0.5559087572	-0.7177003131	0.9814171912	0.6017995493	1.9417278015	-1.1494582689	0.6019779660000001	-0.6541906749
P1123	528.46229	16.476	C18	POS	-0.8034150743	-0.5730586035	-0.9590216177	-0.5634091214	-1.4296077446	-0.1862391128	-2.0772928615	0.7544994785	0.7964776104	-0.3836639355	-0.6222881283	1.05123238	1.3459241071	1.097235976	1.8306136134	0.3224846281	0.1697790619	0.2297493441
P1124	664.58741	18.73	C18	POS	1.1927300179	-0.6788551652	-0.1997884685	-0.9086243422	-1.5445972262	-0.3223862811	0.6255062299	0.6203206640000001	0.7418751788	-0.6370117647	0.3379706194	-1.3023377768	1.3647164321	1.2289254455	1.6694349569	-0.6840478814000001	-1.0304813657	-0.7957355539000001
P1125	762.54334	17.642	C18	POS	0.6938520036	0.8505267175000001	0.4881949544	0.4490439626	0.6925185833	-2.3461637429	0.9562247433	-2.5206928765	-0.4428215331	-0.7233308983000001	0.6866865307000001	-0.8432527745	0.7262016005	-0.0927503167	0.3531413166	0.3011214928	0.6614324570000001	0.1100677797
P1126	672.62644	20.534	C18	POS	0.4161412982	0.1314192647	-0.028644513	-0.9491083839	-0.287038124	-1.0182622442	1.6713266209	0.6927419953	0.8395830963	0.8277550644	1.3495410344	0.6659682786000001	-0.2144805776	-1.4472036123	0.6056645336	-1.4061758658	0.2299898967	-2.0792177623
P1127	580.29223	10.5	C18	POS	-0.9276747981	0.4625308593	-1.057639599	0.395489376	-2.3987453771	1.5434122642	0.0129999346	1.5601137848	1.0114790866	-0.2351529889	0.0784101123	-0.363396533	0.4114516707	1.2074934333	-0.9553561883	-1.0758817631	-0.070870868	0.4013375938
P1129	1668.19671	19.17	C18	POS	1.3158660582	0.9163390515	-0.5972273825000001	0.1011813324	-0.4519307031	0.8923161866	0.9540139592	-0.022156249	0.7323815111	0.3707213816	-0.8380012943	-0.593237353	0.0771390856	1.3664739711	0.4234437614	-2.6603222451	-1.3928105563	-0.5941905153
P1130	405.37257	15.848	C18	POS	0.0092162738	-1.0959861747	1.7473155541	-0.9346173894	-0.2862582421	-0.4923285375	1.4037438898	-1.3172288192	-1.2999677099	0.5439627501000001	1.3086655137	0.2662498398	-1.0820353643	-0.3286216109	-1.0606003947	1.3776995158	0.5941332291	0.6466576765000001
P1131	1683.5397	23.906	C18	POS	0.9043274655	1.1853463011	-0.4782724772	0.0030419937	-1.354778629	-1.7675983872	0.5039439857	0.1085662736	0.9501866285	0.5724555752	0.4302514889	-1.9118916875	0.1712941638	-0.8659036407	-1.1206518841	0.2823973974	1.5727897887	0.8144956437
P1132	813.61424	20.474	C18	POS	-0.1498328412	1.0456718878	0.270364951	1.1869013158	0.6354910129	0.0417928278	-0.6784485838000001	-0.091538807	-0.0730511651	0.5456875754	-0.9021274427	-0.2185956062	-1.7668804531000002	-1.1284232288	-1.702090737	0.6913148959000001	1.7859409288	0.9247188763
P1133	702.5433	18.468	C18	POS	0.9380866191	1.0965804301	0.3709829181	-0.1233761368	-0.4467359231	-2.0140050143	1.5688923561	-1.5217675171	0.5500157194	-1.1095535943	1.1614602307	-0.9800458177	-0.1732347835	-0.3958010822	-0.9663776872	0.7670424982	1.065074287	0.2127624976
P1134	1409.21187	19.741	C18	POS	1.6021646053	0.5462256235	1.0835521607	0.6650829224	-0.7637331992	1.5228386474	-0.0934478703	-0.2764857005	1.1567658606	-1.782823836	-0.091118199	-0.6368775392	0.4128214872	-0.3985676877	-2.1120163766	0.3388824704	-0.6470196394000001	-0.5262437295
P1135	906.75381	22.324	C18	POS	0.0943190367	-1.1487479053	-0.4620431106	-0.9146318519	0.3535971873	-0.9816876706	-0.5583162492	0.9601169077	0.5364073195	0.3128194952	-0.4331241417	1.4512027774	1.555583757	1.6952239082	1.0464618784	-1.2965688686	-0.8742359978	-1.3363764719
P1137	207.15941	18.646	C18	POS	0.5854920453	0.373448302	0.0456024313	1.4202972078	-0.8259124935000001	-0.9997197725	1.1185517217	-0.4828189053	-1.2191297698	0.2272870909	-1.9402142196	-1.5288635218	1.4093096927	0.7790034489000001	0.2355663841	0.9976407291	0.5923219829	-0.2023703088
P1138	866.58987	15.494	C18	POS	-1.4844066715	1.1960662466	-0.7526068093	-0.155735127	-0.7939171002000001	0.5151619123	1.580371721	0.9110647205	0.7659088626	0.3976952178	-0.0108445859	-0.6787416224	1.4148000696	0.1471715881	0.7927646167	-1.7283393609000002	-1.5418604218	-0.5745532561000001
P1139	610.58808	17.493	C18	POS	1.5320502234	0.8107917791	0.5402366901	0.3685483146	1.021109473	-0.572200033	1.1338738084	-1.9126766925	-0.8440670953	-0.6174685496	0.2826976249	-1.9394856743	-0.3555049568	-1.2773673361	0.0786426698	0.4347504172	1.1576213256	0.1584480115
P1140	312.36312	13.293	C18	POS	1.1468576901	0.4644936692	0.6947133841	0.2162262397	0.5743433132	0.2611604905	-0.3197227194	-1.6774765998	-1.5606023785	-1.1481370514	2.3948417444	-1.3935863018	-0.5304908522	-0.4387834895	0.7587169031000001	0.2753227201	0.2616990194	0.0204242189
P1141	766.57427	17.823	C18	POS	-0.2506622498	0.6592907587	-0.2743414309	-0.2415816368	-1.0474057944	2.0389787185	-0.3610651135	-0.7161796545	1.3101226699	-0.1798658708	1.3836029597	-0.0654005662	-0.4517831186	-0.7022250264000001	-1.8801690217	-0.7760881739000001	-0.1165802048	1.4206905058
P1142	746.56941	19.917	C18	POS	-0.2715333252	-0.4373542174	-0.5188321548	-0.6078403502	-0.387147434	0.766402172	0.0404379144	-0.9316390634	-0.3880691604	1.0454864682	-0.8330063781	-0.8785547027	-0.9352509787	-0.2714605676	1.4736970602	-0.8830470219000001	2.6449181776	1.3727935621
P1143	589.51876	18.915	C18	POS	0.271308911	-1.2946384704	1.0550917716	-0.1764874937	-0.7283525148000001	-1.9371784706	-0.6711096303	-0.1853642498	0.5922694085	-0.206300875	-0.1419399873	-1.3624923020000002	1.4091424079	1.2238755689	1.744878807	-0.3643756729	-0.3589757174	1.1306485095
P1145	925.51298	15.515	C18	POS	-1.5229995673	0.9012200952	0.9631699991	0.5870965187	1.0734246849	0.3425983538	-0.4529819408	-1.0348046365	-0.1667164619	-0.4407033753	-1.2676484203	-0.4982080273	0.7225990693000001	1.2285296221	1.8744443011	-1.353721669	0.2770940379	-1.2323925837
P1146	580.36155	11.133	C18	POS	-2.0074804202	-1.3071317808	-1.3694741583	-0.9680111574	0.5444238191	0.3854443986	0.3628337949	0.5906245356000001	0.7524039321	0.9226403742	-1.4640896708	0.6250944458000001	-0.3921954249	1.5084078992	0.1555021815	1.4333404153	0.2518939782	-0.0242271622
P1147	638.33136	8.758	C18	POS	-0.5124722518	-0.2403998783	-0.3381920995	-0.5715330467	-1.9766327145	2.2846735651	-0.0650756824	2.0414590759	0.6452320029	0.1093526461	-0.3727907588	0.2370978093	0.0502171996	0.9006923507	0.4075382325	-1.0604427845	-0.8882215664	-0.6505020992
P1149	722.55414	15.725	C18	POS	-0.8035318116	1.5487708059	-1.2112594195	0.6584927650000001	-0.4375251538	0.8654908587	0.4932512479	-0.6481573620000001	-0.0537393154	-0.3750029801	0.324463266	-0.60045785	-0.2969672789	-0.2439718261	-2.3060087325	0.2030620485	0.6737867829	2.2093039548
P1152	753.61304	22.987	C18	POS	1.5013369606	0.1027622337	-0.8247011399	0.5230128607	0.4817860497	0.4684581807	0.9123381825	0.024542201	0.253767006	0.4123498919	-0.1459397679	0.312069902	0.0749633508	-0.9025422906	0.275679452	-0.8102950551	0.67702175	-3.3366097682
P1154	590.49	17.456	C18	POS	1.2681023748	0.467289629	0.7429049716	0.1486348859	0.8409972974000001	-0.8673648986	0.8550014017	-1.6302258241	-0.5499126733	-0.4858764376	0.5814237317000001	-2.681864114	-0.0228351459	-0.9319809916	0.5284113271	0.4893552815	1.1318538832	0.1160853014
P1156	777.5074	15.282	C18	POS	-1.5512857101000002	0.6667161673	-0.6616957272	-0.5290346135	-2.0705610082	2.12481297	0.522196228	1.1659006817	0.828857316	0.5286640419	-0.030455382	0.0247038778	0.3654835258	0.994809212	-0.7854514072000001	-0.8256276330000001	-0.7792589765	0.0112264375
P1157	1533.16526	19.226	C18	POS	0.3038461718	-1.7351667757	1.3515720717	0.2283468106	1.7235478426	1.3975802311	-0.2876536886	-0.0659411043	-0.3866609023	-0.0302688958	-0.7392863863	-0.1640922306	-0.7664372038	-1.6332187180000002	1.8664682135	-0.048199662	-0.625019148	-0.3894166259
P1158	832.24008	19.884	C18	POS	0.6741656776	-0.104664264	0.3443536173	3.3700316207	0.7911541387000001	-0.6737001081	0.9030618549	-1.178643545	-0.5453106375	-0.642459486	-0.4743555349	-1.0833105903	-0.0708531903	-0.6371853670000001	-0.4812369855	-0.0535690582	0.004433356	-0.1419114985
P1159	651.53476	17.991	C18	POS	-0.2587814488	1.0995417224	-0.6597662031	-0.2525122278	-0.677194917	0.8170490802	1.1360184921	0.6860611213000001	1.1639035668	-0.6468227707	0.9538234189	-0.856624377	0.7293794303000001	0.8514144314000001	0.6462722236	-2.2587234175	-1.444619616	-1.0284185091
P1160	165.09097	16.368	C18	POS	0.2680243454	0.484481759	-0.9219444644	1.0092650899	-2.0872855771	0.0120274946	-0.4884620626	1.1597981504	1.1505729322	0.8477762315	-0.3151921986	-1.6480931518	1.0236740047	0.3150531511	-0.9501326087	-0.66774961	-0.6456017267	1.4537882412
P1161	340.39393	14.951	C18	POS	0.680357143	-0.2818770378	-0.5414455768	0.872275757	0.1062552759	0.3912874419	-0.4061849023	-0.1046690548	-1.0441456369	1.0911156266	3.2053606198	0.107076818	-0.9495971799	-0.8246405056	-0.4005483837	-0.4669827118	-0.2124476349	-1.2211900578
P1162	1485.07091	17.375	C18	POS	-0.304666473	0.3736771228	0.9601294837	1.1873931757	0.2541435012	0.6240826556	-2.2763612868	0.3081558807	-1.28132657	-1.0615333928	-2.0537585493	1.2796974915	0.4597843113	0.2213672252	0.7904618254	0.4044197526	0.1698979145	-0.0555640683
P1163	800.57949	16.504	C18	POS	-1.1316951638	0.0580270971	-0.3934751928	0.3033038615	0.4009104485	0.2325035314	-2.1641911979	1.4300990308	0.4349406979	-0.0919774489	-2.153073863	0.5132543044	-0.5374781160000001	0.2459489737	-0.4885121988	1.2450590375	1.2638796729	0.8324765254000001
P1164	1612.22219	21.376	C18	POS	-0.8540954007	-0.3449101809	0.0820831923	0.3814236332	1.205309316	1.2403555594	-2.0226428659	0.3707024558	-0.5937142637	-0.495936548	-1.7696616995	0.5446852059	-0.4358491124	-0.7430117146	0.0291786411	0.7834254191000001	1.0373039202	1.2315885226
P1165	341.30516	19.282	C18	POS	1.6385978737	-1.0355482502	0.6244198589000001	-1.2713704402	-0.1520344557	-1.4935008689	0.6171514211	-0.0152415516	-0.0098679817	0.1044433641	1.3538970982	-1.3814508609	0.6751536599	-0.2845193339	1.560785713	-1.2850622015	-0.9172234846	-0.1008905358
P1166	871.75492	22.28	C18	POS	0.2518185028	-0.8264825459	0.3630822577	-0.4399597127	-0.1164729417	-0.2498103666	0.0704784988	0.8985724797	-1.2691359422	1.2147055468	-0.7442550416	-1.8508082415	1.6948497411	-0.9848754457	2.0568782976	-0.2435862256	-0.1350012622	-0.1299573117
P1167	572.36907	12.091	C18	POS	-1.0845884868	-0.1940432384	-0.7383440617	0.6572130591	0.7567613968	1.6694621473	-2.1546359103	1.2360925757	-0.0489485878	0.1940128148	-0.7889812087	0.4942336421	-1.073322423	0.2945112068	-1.5081505146	0.7614373314	0.5263730894	1.000917168
P1168	615.49807	17.702	C18	POS	0.6306664017	-0.9532664313	-0.0666405727	-0.7958977726	-1.2190900371	-0.9472320109	0.3471055617	-1.0925318288	0.2777674096	-0.9410180294	0.8971363280000001	0.0332349123	1.7022828381	0.7629553567	2.1868322562	-0.929115612	-0.5390616393000001	-0.2681242288
P1169	889.49987	14.944	C18	POS	-1.0694878244	0.5469523896	-0.8835098533	-1.2881481276	-1.1445555504	0.2491794706	0.9992459294	1.132804134	1.1366823157	0.9573491452	0.7613304586	-0.0546931373	0.991549575	0.8807615168	-0.045277991	-1.4970356205	-1.4806689736	-1.3370334074
P1171	1056.29708	21.888	C18	POS	1.5234190474	-0.0102011432	1.4036451706	0.1065620831	1.7002869447000002	-1.2295713582	0.4989799783	-1.6001290624	-0.5304442625	-0.6377363531	0.1494681872	-1.6516074586	-0.1370667006	-1.1391727989	0.1795733418	0.2850204477	1.2600830951	-0.1711091585
P1172	1479.16791	17.083	C18	POS	0.9845544606	0.2482355467	0.9050847134	0.3923078846	1.140266516	-0.3766475791	0.2448461304	-1.7704861687	-1.3436473488	0.005230672	0.165072153	-1.6774501021	-0.5975170371	-1.5428251958	0.012235967	0.8163380605	1.4644573439	0.5532964042
P1173	745.55999	19.455	C18	POS	-0.0852871548	0.5810738041	0.8429551095000001	0.4288876449	0.5033475474	1.2237638725	-1.8691708137	-0.9271582625	-0.6650554879	-0.7731430847	0.2563123803	0.2544037665	-2.316224683	-0.7479331411	0.3484465307	0.5109142283	1.5464115826	0.8874561607
P1174	942.84863	24.479	C18	POS	0.4909952059	-1.054914162	0.106384895	-0.4095283459	3.0470652496	-1.8525035657	-1.0799297169	-0.4863597949	-0.4410236774	0.6033976583	0.5042331846	0.5742683372	0.2618188947	-0.7159123597	0.032854561	0.5139625735	-0.4683805156	0.3735715785
P1176	1469.13655	19.247	C18	POS	-0.2787352402	0.0367683466	0.6387345204	-1.5607143394	-2.0748875128	1.0963959629	1.6270143368	-0.0510538207	1.0668827615	-0.7101844542	0.7555005653	0.3626561706	1.2590275875	-0.4101722538	-0.2749646641	-0.1720727322	-1.3101952341	0.1318073493
P1177	836.73293	22.13	C18	POS	0.1348222668	-2.5439137038	-1.1288042478	-0.8127136835000001	0.5462055424	-0.7664962681	0.1620837279	0.5885256412000001	-0.0408727254	1.7235889693000002	-0.5593099161	0.0288378942	1.9973617714	0.1827481826	-0.2478309111	0.1420300445	-0.3156418861	0.9093793017
P1179	594.44954	15.322	C18	POS	-2.0880036481	0.5646904559	-0.5616454732	0.8247746112000001	-2.2380283326	0.1978636125	0.718017184	0.8652522511	-0.1135568132	0.4013728778	0.5086980548	0.6445809173	-0.0067946342	1.3343851791	-1.5467066625	0.3234932348	-0.5748696363	0.7464768217000001
P1180	623.50363	15.486	C18	POS	-1.2991438475	1.8654433505	-1.1103552244	-0.1376905505	-0.662277883	0.1985854559	1.3414944774	-0.1095254317	1.1327425196	0.3221749686	-0.3279685602	-0.9350886797	-0.3997729814	-0.7472035232	-1.8618314111	0.9625824786	0.5315978236000001	1.2362370185
P1181	1578.1861	19.141	C18	POS	-0.4844989191	0.7608597926	-0.483684987	0.7134993811	-1.6692626821	1.8768321117	-0.3771640235	1.0011700495	0.9192435122	0.2549588595	-0.2995910595	0.5421053758000001	-1.0969458883	-0.3409745295	-2.2488757916	-0.3779526052	0.2564672697	1.0538141335
P1182	251.04755	19.012	C18	POS	0.6253079608000001	-0.4743325264	0.5712813483	-0.7942718518	0.1912105415	-0.68463736	1.4252925289	-0.7853077017000001	-0.1916440021	-0.438114067	1.2216933297	-2.5760857016000003	0.6277869318	-0.594333302	1.7435838727	-0.7484875789000001	0.1921760018	0.004244216
P1183	545.45707	17.1	C18	POS	-0.2882956745	-2.0850559508	0.0278071597	-0.3852120558	-2.1033090879	-0.6430457494	0.0510235989	0.5392223198	0.1952891122	-0.2182642224	0.4881970323	-0.3430370988	0.7270176843	1.5874482694	2.1852782671	0.0804489651	0.1027097928	0.0817776381
P1184	861.77532	23.825	C18	POS	0.5344720732	0.0744294062	-2.2481932304	-0.5923567041000001	1.4567855477	-1.6125941691	-0.0991251706	0.1398851919	0.7644126302	1.8186110214	0.6711167424000001	-1.6221724969	0.5968893366	-0.3627643558	0.140245965	0.0425365192	0.2590171928	0.0388045003
P1185	848.55563	19.866	C18	POS	0.904854481	0.9364301192	0.3793620048	-0.4026157284	-1.4737568656	-1.5571641555	0.9956615115	0.1462445453	0.7037138949	1.0664007927	0.7276349863	-2.4458883393	0.4123421007	0.6437358590000001	0.3244404645	-1.008404583	0.3112350432	-0.6642261312000001
P1186	311.29484	23.197	C18	POS	0.947932491	0.1029089064	-1.1526002423	-2.7547002721	0.6354113504000001	0.5328814184	-0.6769860246	-0.949096437	1.1177580871	0.1167720465	0.0039002889	-0.9591123794	-0.6863835667	0.8026055917	0.8872078076000001	0.390802817	1.3414680847	0.2992300321
P1187	926.57619	14.952	C18	POS	-1.1219824677	-0.5230443988	0.157067506	0.0856821876	1.0595248619	0.8083630313	-0.6396235404	0.8487370504	0.9169652842	0.3957019027	-0.7097661609	1.7720371134	-0.3827215943	0.9373753059	-0.8564772628	-2.621500938	0.290252506	-0.4165903865
P1188	625.44837	12.285	C18	POS	-1.6975206796	1.3401841946	-0.7375876042	0.7044480913000001	1.1030767882	1.3477039499	-1.4527867938	0.7331395586	0.4177797764	0.312664997	-2.0016403738	-0.3086217442	-0.3792005743	0.8692471822000001	0.0364429969	-0.6635303711	-0.4502652352	0.8264658410000001
P1189	576.57132	18.856	C18	POS	0.39120667	2.9085233397	0.7298542671	1.8001109261	0.1098289722	-0.7684910964	-0.6677266241	-1.2890580592	-0.226353705	-0.5439231457	0.1979938031	0.2616769631	-0.2916639497	-0.8014750293	-0.087963051	-1.1933716413	0.0093812687	-0.5385499082
P1190	1518.14772	19.469	C18	POS	0.8821122861	0.4085180475	0.2357302914	-0.4318368892	-0.2343360508	1.0142258304	0.6488794081	0.4729091817	-0.1834726441	-2.8268890366	-0.9236178416	0.2058720305	0.3167812797	-2.05852003	0.9631401718	0.2510677918	0.4836904414	0.7757457319000001
P1192	978.84804	23.836	C18	POS	0.7511447984	-1.4593961958	-0.4921614684	-1.150870034	2.1238099277	-1.8696227274	1.1628668493	0.4083625947	0.2706070971	0.834150559	0.41961124	0.33148304	0.0138833595	-0.5679338858	-0.5034639069	-0.5261775541	-0.9394227606	1.1931290673
P1193	904.59134	16.508	C18	POS	1.3639760947	0.21935138	-0.2718923405	-0.2459352683	2.3686709415	0.5676343687000001	0.050679382	0.3969323553	-0.1590345685	-2.3370566896	-0.7586139241000001	-0.9970092332	0.1040447205	-0.9229989029	0.8639287124	-0.4119331234	-0.1715231228	0.1692560954
P1194	616.60261	19.347	C18	POS	1.9136559432	-0.740380924	1.2151596218	-0.9133423077	0.9720169359	-0.6926296863	0.5785942323000001	0.2281844692	-0.9200001263	-0.9464625262	1.4351589301	0.8007599497000001	-0.2811190986	-1.535607556	0.6467656675	-1.1662978989	-0.9422489842	0.3477933585
P1195	855.74243	22.988	C18	POS	0.3924822873	-0.9476760305	-0.3465838165	-0.9903357586	0.1354583447	-1.6968801327	-0.4675161966	0.5169944404	0.4093826131	0.9925581364	-0.5635817479	2.0986223588	0.2087046535	0.9470413162	1.6423151229	-0.723796509	-1.5571584623	-0.0500306191
P1196	862.82291	24.799	C18	POS	-0.4394092843	-0.0782055748	-0.5071338436	-0.1886327547	3.4565972409	-0.4103745225	0.5864313506000001	-0.1048590658	-0.2576557064	0.1153554599	-0.1845825459	1.2457652642	-0.727768752	-0.8565827656	0.1421747337	0.1567613573	-0.6861176865	-1.2617629044
P1197	626.57174	19.515	C18	POS	-0.3561949907	-2.1982812573	-0.8886152515	0.7988799249	0.834312845	-1.8543749816	-1.129606137	0.6421771493	0.3765853092	0.3237799765	-0.4014044434	0.367788233	0.666991349	0.642051193	-1.0066134624	1.0536919953	1.0645944515	1.0642380972
P1198	1498.08376	17.742	C18	POS	-1.5512146489	-0.1201089335	0.5274521289	0.5421102125	1.0831043512	1.1296538961	-1.5260389304	0.4711222027	-0.3682724167	-0.4340521716	-2.3339992872	1.9742404637	-0.1082874929	0.4072030751	0.3467789614	-0.1630800347	0.0068024664	0.1165861581
P1201	464.31392	11.27	C18	POS	-0.6251895392	1.0549880791	-1.171159359	0.6132365304	-0.2725318987	2.0208649929	-1.091106352	1.3701881296	0.8718160928	-0.1792289134	-1.920768713	0.4193430107	-0.3217535218	0.5740584808	-1.2162336799	-0.5082399941	-0.3666026717	0.7483193265
P1202	1327.28356	23.148	C18	POS	0.6816249025000001	-0.2134222296	-0.4753460012	-0.2301753557	3.234322771	-0.3641209299	-0.2385257124	-1.1038639957	-1.1104789233	0.5166871443000001	-0.5938940605	1.0762389644	-0.6854165663	-0.5767536268	-0.0946954642	-0.1129829077	0.5584734555	-0.4978468199
P1203	832.51306	15.238	C18	POS	-0.2306341825	-1.0596661725	1.2291030525	0.5838302757	-0.9566911248	-0.3979657676	1.1911294205	-1.8368885343	-0.7713934839000001	0.0974687258	1.0808972158	-0.0927726539	-1.4939173595000002	-0.3548294198	-0.6284922541	1.4309472165	0.9021975321	1.3076775141
P1204	551.43439	11.957	C18	POS	-0.3319655036	0.761702053	-1.0580284895	0.8503537521000001	-1.2378659359	0.732561086	-0.9602826473	2.2441045642	0.7429827413000001	1.0703008593	-1.4899826363	-0.6659459482	-1.0804175562	1.0135129785	-0.8146478596000001	0.38359309	-0.2543092458	0.0943346981
P1205	893.75671	23.736	C18	POS	-0.7922089043	-0.4718384189	1.0122724098	-1.9653215609	1.6879552849	-0.5437723137	0.7846667231000001	-0.2086319816	0.0477323194	0.7645626394	0.970374152	-0.1134955484	0.4282275015	0.1461448475	1.2010646308	-1.4287180571	0.2590477803	-1.7780615039
P1206	1584.19683	20.52	C18	POS	-0.1540480219	0.1884976598	0.4512985062	0.777054652	0.8597480216000001	0.5458716037	-3.2988680389	0.0873217177	0.0694488133	0.2490358657	-1.6437375137	0.4628371824	-0.5332741083	0.1083889938	-0.430026584	0.5999672079	0.7889757224	0.8715083203
P1208	1470.02091	17.961	C18	POS	0.9983614803	0.0678893849	1.1896252442	0.3126123003	0.9009491767	-0.9357819968	0.2623488263	-2.2421463278	-0.6766657198	-0.5382719814	0.2584361169	-1.617825436	1.051883598	-0.7716622661	0.8371495109	1.15039648	0.5148608056	0.3972260974
P1209	377.24763	11.958	C18	POS	-0.2211243761	0.6973187745	-0.9870063588	0.9951218568	-1.5848332893	0.9590984217	-0.9996399466	1.4848019721	0.6907448075	1.047181692	-1.6963079596	-0.2778210105	-1.2791684196	0.5924625891	-1.1520743587	0.4798950381	0.6918480244	0.559502543
P1210	1596.10334	17.555	C18	POS	-0.6223429378	0.8460539583000001	0.4758896569	0.2811662536	-1.1114320953	1.7151549407000002	-1.248208876	0.3653491813	0.1486776234	-0.7677850203000001	-0.9895470552	2.6122787503	0.2825573491	0.3097881273	-0.1960118668	-0.4721678497	-0.9524903813	-0.311580577
P1211	367.33974	23.242	C18	POS	0.4980461352	0.9574077355	0.089373459	0.5701071388	0.080457553	0.92042784	-0.9659731927	0.3212335026	-0.1249101071	-0.5402328222	-0.4581840272	-2.5837209468	-1.4170454144	1.4824898955	1.3180729332	0.7377667669	-0.9622982332	0.076981784
P1212	668.6347	23.169	C18	POS	-1.4067729383	0.478913247	-0.6548336	0.3270272064	1.127969011	0.5708703713000001	1.0994672988	-0.8155703509000001	-0.4613235067	0.1651829124	1.0082241051	2.0180723161	-0.5797012309	-0.8901369058	-1.3089301559	0.6787341595	-1.7347898068	0.3775978677
P1213	919.57551	21.634	C18	POS	1.690584527	0.2352940162	1.6466838438	1.0707633566	1.2983271658	-0.5076670497	0.7375815138	-1.0148047312	-0.0752167653	0.3392506696	-0.6578789396	-1.3412797849	-1.1043569106	-1.0588766345	-1.5738989191	0.9508927885	0.5577131265	0.1052158929
P1214	114.08943	16.93	C18	POS	0.0759029083	1.190215124	0.0110470788	1.6408622012	-0.084216209	0.0427879589	-0.0470885986	0.5940060081	1.5095067435	-2.521212843	0.160009716	-1.5746220833	0.2035572558	0.1976625591	-0.0261989549	-1.4916322898	0.2436095807	-0.1241961558
P1215	1552.17024	19.109	C18	POS	-0.5921186699000001	0.9249358554	-0.3074149466	0.6487187442	-2.0091622174	1.4100328105	-0.4111530168	0.7693924503	0.6575809429	0.3938537875	-0.369401845	0.6404797107	-1.5674873812	0.4243767083	-1.7866545607000002	-0.6671927354	0.4795977143	1.3616166488
P1216	661.48015	17.62	C18	POS	1.3728187805	-0.3598248633	0.1303379296	-0.4091107196	-1.7001650864000002	-2.1132961755	0.1932838019	-1.3397906002	0.0003560264	-0.9028385515	0.9385632676	-0.3092500972	1.1631173539	-0.0252677665	1.0683116437	0.424492807	0.664803853	0.8942082995
P1218	769.63196	21.72	C18	POS	0.1462711454	-2.1766969434	-0.6057080518	-1.2354010536	-0.5663993031	-0.7806859424	-0.5618505147	0.3679311476	0.3032863193	1.0541540358	-0.5404557497	1.3795755538	1.135593427	0.9865583357	1.9958502079	-0.4438123625	-0.3275660506	-0.1306442006
P1220	357.30034	11.69	C18	POS	-1.9408076881	-1.9785894886	-0.7495538744	0.6404738426000001	-0.1432409916	0.5209543778	-0.2044249195	1.149382179	0.4624264543	-1.4693517384	0.3253905827	1.1890620602	0.6573280379	0.0723749035	1.0988850663	0.7781804929	0.6516722125000001	-1.060161509
P1221	850.55453	19.799	C18	POS	1.5693650213	-0.1658796645	0.5294374347	-0.5616189519	-0.043152543	-1.4425003023	1.7083680343	-0.1970865982	0.026757172	-0.97516639	1.7425109949	-0.7423198432	0.871695505	-1.0031857263	0.6154278613	0.4593356502	-0.9530975292	-1.438890125
P1222	634.61341	19.341	C18	POS	1.6150635741	-0.5137652261	1.5309582756	-0.3582465664	0.7731036758000001	0.6256760083	0.4229554031	-0.554349824	-0.633534495	-0.8676907142	1.4620096502	0.8078392122	-1.2166560862	-1.7559488035	0.8582134695	-1.1998762186	-0.4890749562	-0.5066763786
P1224	846.59733	20.919	C18	POS	0.0467270776	-0.4893154694	0.4883181826	0.012279895	0.2080253917	0.3021592516	-2.5287285507	0.4852175711	0.0102758251	1.5710490707	-2.0387801387	1.5573155735	-0.0963828709	1.1596024784	0.0626622986	-0.0535513178	-0.1230854236	-0.5737888447
P1226	794.68509	20.933	C18	POS	-0.4432702097	0.0291352991	1.8870849046	-0.4767701969	0.7541626592	-0.8677166591000001	0.7398295255	-1.534860584	-2.441573972	1.3440029018	0.7957919392	-0.2791317035	0.2992967873	-0.5375279156	0.5952956149	0.6430724592	-0.1197485534	-0.3870722966
P1227	816.70058	20.576	C18	POS	0.7968995487	-0.1808844297	-0.9466280952	-0.8295204672000001	0.0266901298	-0.5090934699	0.0766961916	-0.5168755129	0.9842284216	0.750853772	1.3119571101	0.1460544956	-0.335492079	-1.2969187068	-1.2072297618	-1.5758144501	1.7517386591	1.1902996698
P1228	351.22733	12.093	C18	POS	-0.0166383973	0.6068750485000001	-0.663721828	0.0647988417	0.7466806287000001	1.5439338845	-1.5496124573	1.4015414385	0.4655596368	1.4287570819	-1.3095671339	1.236987718	-0.6962598371000001	0.1648183766	-0.6830501436	-1.6280006627	-0.8097676865000001	-0.3033345089
P1229	652.58744	19.677	C18	POS	-0.5318142185	-1.4269153895	0.2599242097	0.9521354496	0.141926911	-1.4202898896	-1.7960521432	1.1924569734	0.5573014749	-0.66876463	-1.0150095056	0.8162418757000001	1.2787928789	1.4244581727	1.1010188873	-0.1117647758	-0.8208931007	0.0672468196
P1230	1598.43535	22.756	C18	POS	-0.0088552896	-1.378331734	-0.927486921	-0.8873478105	-0.5981533682	-1.431451582	0.9094951147	-0.1452394989	1.2671211419	1.8043166502	-0.3191048303	-0.125253305	-0.0649448667	-0.4238128698	1.8201937664	1.146603682	-0.0085740624	-0.6380295065
P1233	611.1847	18.873	C18	POS	-0.3084727008	0.6231815662	0.7333010400000001	0.2766482578	-0.1075669478	-0.8059267539	0.1091986805	-1.8447408286	0.4030478598	-1.8241561832	-0.8087528583	-0.7033987787	0.919913477	0.7560371554	1.5194761002	0.9467166562	1.2417415448	-1.0170486062
P1234	686.55688	15.28	C18	POS	-1.4932020906	0.8666639867	-1.1359814492	0.7457700953	-1.5749816721	0.456426934	0.4379761151	0.0106661556	0.5609330343	0.8728018693	-0.4192721623	0.5180119517	-0.1985232802	0.5294803290000001	-2.3355864848	0.4793542106	0.0161939397	1.6632685179000002
P1235	911.78271	22.694	C18	POS	0.7551946671	-1.4237521341	-0.0075051864	-0.7402628474	-0.7011709155	-1.6778646668	0.1468685872	1.1737631353	0.2303741947	1.0468192616	-0.0395236128	0.4186451994	1.0790962779	0.8472813250000001	1.9210700831	-1.1799754392	-0.6525164625000001	-1.1965414666
P1237	144.13853	19.205	C18	POS	1.3677027899	-0.1434235661	1.4067762936	-0.8087231132	-0.9429591416	-0.9441867639	1.4218115766	-2.0084173314	0.0126099744	0.3448485157	0.6079681093	1.3573549752	0.0515123701	-0.6749499313	1.0327521428	-1.1301497785	-0.309549031	-0.6409780907
P1238	425.26647	10.961	C18	POS	-1.7634426271	0.1464345469	-1.305833007	-0.0445408341	-0.187715769	0.3587939807	-0.6027176378	1.1968041579	0.1250504941	-1.4238293081	-0.7250293368	1.4776970513	0.7105590513000001	-0.284701129	1.173778974	1.4125405964	0.8088909786	-0.9263056353
P1239	641.55066	16.065	C18	POS	-0.4144092287	-0.9658858223	0.7202280130000001	0.5133867535000001	0.5671126196	0.4972924587	-2.2955099834	0.4555715425	-0.7662487429	-0.0835355125	-2.0061287332	1.5005673259	0.1033383259	1.1594115406	1.2228562831	0.2420070414	0.0805086596	-0.5305625407
P1240	953.79376	25.481	C18	POS	0.1271850629	0.9213426496	0.2253110294	-0.3036145749	2.3513748518	-0.8020684106	-0.9925752786	-1.0704328171	-0.7119600603	-0.7370842535000001	-0.8009210056	0.7964258076	-0.699654804	-0.7958530738	-0.3713714654	1.3976224021	1.7513713971	-0.2850974566
P1241	1526.19428	19.005	C18	POS	-2.312053326	-0.0991490644	0.4791923335	0.5038482302	1.126671985	1.0996953833	-1.4799159827	0.3436058053	-0.3943793559	0.4867509028	-1.0383153255	1.8042955481	-0.7641985382	-0.559938072	-0.8206322309	0.4576536744	0.277732176	0.8891358570000001
P1242	197.08073	21.393	C18	POS	0.082389934	-1.5014924082	-0.8175420478000001	-1.1216403225	0.6300008637	-1.1747108219	0.3851091218	0.2000214301	0.8297162849	1.6404898929	1.1567099913	1.1095725248	1.2637122237	0.2695672873	0.4321728261	-1.1768067174	-1.4360863474	-0.7711837152000001
P1243	638.57174	24.271	C18	POS	1.041462675	0.3464319837	0.930228153	0.2111531425	0.329602746	-1.8324734398	0.8514494054	0.1466348661	-2.1742862766	0.0358347508	0.1847114573	-0.106571013	0.8402186957000001	-0.4327442767	1.0411307462	0.2421994854	-2.0108695923	-0.0768577857
P1246	838.62771	21.256	C18	POS	1.1387290264	-0.1455237813	0.4393638158	1.0810616149	0.3902159972	-0.4873695296	-1.3535131015	-0.4730793211	0.0700443981	0.008873036	-0.4141464429	-0.6808227823	-0.7606704924000001	-0.2159328188	-2.4180664159	0.6602254483000001	1.1729719276	1.9876394215
P1248	684.20284	18.961	C18	POS	-0.0411560928	-0.48377247	0.9468774503	0.0226865105	-0.9253613077	-0.2766225648	1.7994297208	0.3202691683	-0.4046810628	-0.2058295763	-2.1335245867	-0.9419250983	-0.057410044	0.7072526444	0.9360764828	0.2534591123	1.8345752025	-1.0968843762
P1249	931.52857	15.649	C18	POS	0.9532324849	-1.5940231128	1.0028979676	0.8645395373	1.3299567571	-2.3550338143	0.3085257956	-1.0201074812	-0.4233423033	-0.7977749773	0.2499169563	-1.0309634927	0.2551827936	-0.2025201507	1.2593735664	0.3764067044	0.7526862758	0.0710464931
P1250	564.53503	17.224	C18	POS	0.4653852194	1.0542770238	-0.1847967238	-0.1336462287	-1.0277941012	-0.5915690816	1.524328663	0.3062139737	1.1617615663	0.3746751249	1.3981464177	-2.6808114626	-0.1454302847	-0.7585225244	-0.4283694748	-1.0544905727	0.2797265253	0.4409159407
P1251	832.51029	15.914	C18	POS	-0.4920690474	0.3450623932	0.5578360559000001	0.3421847971	-0.6531688691	0.7807066298	0.4394463692	0.3147127587	0.196135111	-0.9498228102	0.3947699436	0.6768784514	-0.4314845056	-3.4262381959	-0.5720869973	0.9267285893	0.8598147931000001	0.6905945334
P1252	264.26923	22.951	C18	POS	-0.1582208176	1.1854436461	-0.6222700856000001	0.7167680408	-0.3490346618	0.7354301714	-1.827312763	0.3040788274	2.0974885651	0.4054883855	-0.5294570531	0.4760600313	0.0810516427	1.0898972483	-0.121483536	-1.5448244524	-1.1235891853	-1.2036730178
P1255	774.5646	16.089	C18	POS	-1.325955876	0.3967826868	0.0030769097	0.7388051351	0.5491435732000001	0.566003032	-1.9540190804	0.8272511535	0.0768067422	-0.9549744026	-2.0575038383	1.1506827477	-1.2222383247	0.6222690955	0.2688073708	1.0109272164	0.8899112717000001	0.4142245875
P1256	865.66942	22.438	C18	POS	1.3344082723	-1.3582209415	0.9730814512	0.4480829355	-1.0236601129	-0.7950797306	0.1798203875	-1.4751011859	-0.4677087696	-0.5176218271	0.868530782	-1.538690144	0.8023536968	0.6990803871	1.4610108363	-0.6068183237	1.0333318743	-0.8118793184
P1257	1579.18965	19.143	C18	POS	-0.3696278188	0.7056150452000001	-0.6161253036000001	0.6005473231	-1.4325176394	1.7948947393	-0.4192393009	0.9940070141	0.7456512581	0.5205014511	-0.7036421509	0.7081957664	-1.4068646538	-0.1351394645	-2.1874250021	0.0090398949	-0.0638796688	1.2560085105
P1258	738.62438	19.932	C18	POS	0.1550271796	-1.5996110698	2.0752752892	-0.8123226452000001	-0.1399622313	-0.5987702806	0.0439477861	-0.7412427565	-1.720584326	0.6865812569	0.0426287607	0.6336458285000001	1.0332618838	0.0697845566	1.6803680067	0.5971720975	-1.1747837688	-0.2304155674
P1259	907.58085	10.14	C18	POS	-1.425043891	0.226552336	-1.4839319616	0.1198349115	-1.1079765658	1.3680711964	-0.35013693	1.801917411	0.9824209978	0.5021202250000001	-0.5598486357	1.1998974275	0.6980133094000001	0.6404111521	0.319331885	-1.1775457005	-1.2881212307	-0.4659659361
P1260	534.52416	23.027	C18	POS	0.1730773701	1.7901905186	0.2115809558	0.272405057	-1.7688768700000002	0.5033333642	-0.9612936688	-0.552595483	1.1465507166	0.1708525707	-2.3447207601	0.9838434689	0.3791893427	-0.4266583342	0.2751358104	-0.2615589451	1.0004418137	-0.0875635634
P1262	826.53228	17.408	C18	POS	-0.9092109539	-0.1749969244	0.2504597287	0.1960741338	0.625729324	-3.1397270702	0.0737679979	0.1543122048	0.8918011910000001	0.4858249366	-0.4227349522	0.2084469862	0.7645207165	0.8405170416000001	1.6753729995	-1.0727477692	0.059718883	-0.5071284737
P1263	158.15418	19.745	C18	POS	1.724586023	-0.1129292496	1.0603146258	0.8457718356	0.1212558187	-0.6594362927	0.409486953	-1.1142976462	-0.4111477778	-0.2079904707	0.3475063641	-2.4352144014	0.1654250534	-1.6464481507	0.9830300886	-0.1758540325	1.1463675233	-0.040426264
P1265	1624.13228	17.939	C18	POS	-0.2357623096	0.6805508308	1.1578255904	0.2560496087	-0.5608075859	1.8922760786	-0.6892844703000001	0.6530319825	0.5977344653000001	0.4957431546	-1.3671999675	0.4066821997	0.5617893465	0.6159645677000001	-0.2536914497	-1.915776259	-2.0356267093	-0.2594990737
P1266	538.28168	5.871	C18	POS	0.336767711	0.7322871045	-0.2852791242	-0.3033679745	0.5767404606000001	-0.6373624035000001	0.4660514916	-2.3410063406	0.8133699837	-0.5357557164	1.078111913	-1.5412985653	1.0092350554	-0.0796307922	1.4923200371	-0.1975122559	-1.1163075143	-0.6404811898
P1267	1554.18155	19.213	C18	POS	-0.6490366270000001	0.2327556428	-0.7772474082	1.3050415195	-1.7843238652000002	0.7979964732	0.2896313757	1.249520508	1.2843110699	-0.8093302223000001	0.1679829874	-0.5141969205	-0.6802226309	1.0213583645	-0.9514470332	-1.2218392169	-0.6446543730000001	1.6837003562
P1268	814.534	17.942	C18	POS	0.6494297486	1.718369413	-0.5568560407	-0.2025705174	-0.3084451959	-0.0742980178	0.6876290351000001	1.0916098835	0.3391675969	-1.2327719383	0.4013729978	-1.0072857064	1.3524973557	0.8514461627000001	0.6891092048	-1.6789082155	-1.6364164384	-1.0830793277
P1269	1478.11633	18.55	C18	POS	-1.4463683758	0.2615721273	0.7281660206	0.4550084613	-2.499860407	0.9297045628	-0.4988478804	0.1201534979	0.5935175479	-0.7938508738000001	-1.6020227473	1.5200427304000002	0.7755878507	0.4120299585	-0.3638716841	0.9151377256	0.209680665	0.2842208204
P1270	787.66806	21.303	C18	POS	-0.7071678061000001	0.1141669783	0.3055960983	0.1882059269	-1.7967003921	-0.8542841513	1.5197940447	1.1357311963	1.2045758381	1.2042691485	1.6305340502	-0.7744383276	0.1594950628	-0.7867424711000001	-0.8471974187	-1.0436280726	-1.0249678024	0.3727580977
P1271	905.83163	24.297	C18	POS	-0.3107930914	-0.5718609159	-0.5621073301	0.5287145554	2.1083965512	-0.8122049532000001	-1.4840725995	-0.3859803243	1.6636643835	0.6887913667000001	-0.3627263517	-1.4220490105	0.1677989359	-1.2302576742	-0.4672698196	1.2966643628	0.4784300001	0.6768619149
P1274	1605.16636	18.704	C18	POS	-2.5506444938	-1.4370314695	0.4566419522	0.012000459	1.0879655079	-0.7461163484000001	-1.0047626877	0.8205598430000001	0.0241372257	0.7388503382	-0.4327132263	1.5433392716	0.4971338292	0.9682867814	0.5577495716	-0.1219033083	-0.0262515339	-0.4134932457
P1275	771.57458	19.518	C18	POS	0.6934375938	0.5593290328	0.1514609566	1.1838716348	1.2095105718	-0.3555556695	0.1638593646	-2.6366064494	-0.7206216425	-1.0637779707	-0.1019062739	-0.6789598112	0.0053696446	-1.4990643136	1.0550283385	0.549552657	1.1466387691	0.338433567
P1276	849.50761	14.96	C18	POS	-0.8767191783	0.3672831445	-0.7791898596	-1.500658943	-1.1011467736	0.2834653515	1.1972060956	1.2763064225	1.0872456345	0.9776244723	0.2457924906	-0.3920817951	0.7953741543	0.8093102016	-0.2000241762	-1.6475312829000002	-1.3567079583	-1.6434027323
P1277	873.69401	22.206	C18	POS	0.0642077037	-1.1007657817	-0.3194221303	-0.8237552255	-0.7384495197000001	-0.8762646504	-0.4648268021	0.2529012515	-0.2467128542	-0.1299082425	0.2759247307	1.2826056223	1.4865305616	1.7467288993	2.2196155801	-1.1245093139	-0.6324580399	-0.8714417892
P1278	859.75041	22.353	C18	POS	0.6830565295000001	-2.3785300066	0.4616896561	-0.5195206371000001	-0.5117370038	-1.2063162047	-0.9995992077	-0.0299667196	-0.1513258532	0.6937614264	-0.11907105	0.8981485756	0.9721173522	0.4826330391	2.3862689209	-0.3988120143	0.2460523605	-0.5088491632000001
P1279	534.52427	24.12	C18	POS	0.0656776502	0.75408833	-0.6043792284	-1.6134601687	0.4051952026	-0.3767912082	0.9651820167	-0.2710017859	-0.3400479683	-0.0490786634	0.8871900955	-0.0316492046	-0.4179003792	-1.2116203951	0.2979672258	-2.0520562327	1.9910407131	0.8069524131
P1281	363.28993	9.34	C18	POS	-1.1902211463	-0.5566672528000001	-0.0315445176	0.5040265274	0.8699470428	2.4821775098	-1.7001779601	0.9926429594	-0.6206692327000001	-0.2477558101	-1.5427162325	0.9843878108	-0.4810087967	-0.4221614805	-0.319978444	0.0123981492	0.3952150165	0.8721058576
P1282	811.67056	22.614	C18	POS	-0.7062450410000001	0.1981304052	-0.4796930225	0.2537522927	-1.0370581585	-0.8512083051	-1.2534524156	1.5286852813	1.1918472282	-0.1907940442	-1.8934385187	0.7253159344	0.8304626226	1.8453903904	0.3555821243	0.5087499497	-0.6457406127	-0.1821557052
P1284	911.74651	24.328	C18	POS	0.8837216977000001	-1.4108190664	0.967908679	0.2674413107	1.9057614461	-1.9131719128	-1.1853393762	-0.1120843983	0.3839895725	0.1419759641	-1.2813366704	0.3983758255	-0.6622409826	0.3981519748	1.0937915399	-1.0138171273	0.376607228	0.7610842956
P1285	1490.06045	17.418	C18	POS	0.27580713	0.9446757573	0.2286756334	0.2913642186	-0.5644967415000001	-1.9446574317	0.2622792175	-1.7256155713	0.4068293501	-1.0974835179	0.4003614962	-0.7701825812	-0.083872153	0.2605499298	-0.6551016860000001	0.6330046122	0.6212684423	2.5165938953
P1286	776.57923	16.538	C18	POS	-1.4585579017	0.8733353622000001	-1.7324159161	-0.0485925084	0.7355966101	0.9119804393	-2.2052555355	0.7911535488	-0.5531058805	-0.0533970681	-1.4969257774	0.9180406056	0.0007840723	-0.4576337863	-0.4791085926	1.0751007018	1.0451213504	0.6369544986
P1288	1597.10643	17.567	C18	POS	-0.7483908677000001	0.5172465583	-0.0684835456	0.1485415036	-0.4589437479	1.2011468981	-0.3197864983	1.1172644471	0.717693417	0.5123830937	-1.8374121009	1.6245843695	-2.5517838618	0.597328276	0.0778279585	-0.0823444129	-0.652167226	0.2052957392
P1289	441.2978	14.557	C18	POS	1.2785963601	0.0317415362	0.0342867651	0.5294143146	0.1288261599	-0.7771015747000001	-0.0811985486	-1.5329301812	-0.8996085868	0.1172512633	1.3947198169	-1.057719784	-0.4912673017	-0.8360091948	2.8221977568	-0.3089900789	0.1033272854	-0.4555360076
P1291	873.77401	23.825	C18	POS	1.0605434751	-2.0765100796	0.0805374031	-0.9984005378	0.213783782	-1.6808614626	-0.6232302431	0.4054162584	0.5398509116	1.2158017364	0.6323038423	-0.011912351	0.8873138264	0.6123767055	1.7984173968	-1.0134994793	-0.5278893723	-0.5140418118
P1293	925.7255	22.597	C18	POS	0.5907113962	-1.0984910146	0.0491409555	-1.127027627	-0.67784926	-1.3602726794	-0.259595864	0.8111689613	0.6487182711	0.9633729236	0.6020923855	0.6529379164	1.3445168414	1.2855834423	1.2562096524	-1.7689999345	-0.9924365939	-0.9197797723
P1294	936.80103	23.212	C18	POS	0.3238824164	-1.5664624667	-0.3220823151	-1.0269571291	0.388917287	-1.3138305866	-0.2677004124	0.5031613689000001	-0.2066429855	0.8912827838	-0.0551339728	1.0053726338	0.9739975196	0.991286024	2.3210221606	-1.4575004651	-0.3818793638	-0.800732497
P1295	806.60531	19.99	C18	POS	-0.007008481	0.2381843094	-1.2606949501	0.5646370248	-0.0335600427	-1.1072304585	0.5841387758000001	-0.9495172738	0.1918919581	-0.674621824	-1.2376603458	2.0368293669	0.6555307313000001	1.9069168778	0.4282336341	-0.324094565	-0.8679242445	-1.0189832183
P1296	1594.17764	20.092	C18	POS	-0.1888515604	0.6373952096000001	0.5544980213	-0.006234406	0.962353919	-1.167569835	-0.2355361496	-0.4656082789	0.124716189	-1.3966895946	-0.6166635955	-0.7290039062	-0.3176888654	-0.5135284998	-1.4286254649	2.5218337156	0.6426526485	1.6225504531
P1299	548.54016	17.956	C18	POS	1.6118595303	1.0292507522	0.2138241684	0.3649644552	0.3848264236	0.6738145275	0.9569217956	-0.7324925568	0.4094082715	-0.7944136649	1.0283557642	-1.2926006625	-0.2608865862	-2.0334347742	-1.7972388421	-0.7067943339	0.1533219516	0.7913137807
P1300	651.5349	16.529	C18	POS	-1.2830090176	1.3797093735	-0.8583435127	1.3776643174	1.4263817157	1.1719374261	0.5133745103	-1.5546449823	0.3237940921	-1.1305960719	-0.8821652739	-0.1670976224	1.1701948912	-1.4380466377	-0.1755961082	0.0593859354	0.2123165076	-0.1452595424
P1302	939.81342	23.209	C18	POS	0.6657902319	-1.4709566524	-0.0691426387	-1.0030324566	0.5198570819	-1.9288067952	0.1133134334	0.0291705875	1.5386935268	0.6251490015	0.2863127075	-0.3693968504	1.2332262365	0.4711529384	1.7800586417000002	-0.2804483608	-1.3145949275	-0.8263457056
P1304	786.5712	16.082	C18	POS	0.7647912912	0.2662211052	0.5213554492	0.8491976264000001	0.434001673	-0.5147900689	-1.2272951513	-0.1626823105	-0.4987343776	-0.7469949888	-1.3721893519	-0.1045127289	-1.201800467	-0.8851535875000001	-1.0640317095	1.7046610565	1.8987888931	1.3391676473
P1305	721.50697	19.095	C18	POS	1.3810741946	-1.0053497369	0.7917486082	-0.5168588122000001	0.1439181813	0.7239651088	1.091005258	-1.67452433	0.7178341186	-0.9553490825	1.7912067047	-1.131432624	0.1672352281	-0.4683021209	1.1530643675	-1.3208812052	-0.354592764	-0.5337610943000001
P1306	592.47029	15.64	C18	POS	-1.6590455923	0.7597365891000001	0.063893189	0.9586127276	-2.215564168	0.737868064	0.8576900981000001	0.6470482897000001	0.3129794604	0.477191091	0.2599949537	0.4145216045	0.6866272451000001	0.8451218678	-1.6588004271	-0.1490351911	-1.5965154641	0.2576756625
P1308	337.27407	17.838	C18	POS	1.3739183517	-0.9531674524	1.1175786872	-1.4407352273	-0.8532140382000001	-0.8229331708000001	-0.1867434276	-0.0748968325	0.0246158977	-1.801552069	0.5857877788	-1.1475756765	1.779721459	0.4432523284	1.1783904428	-0.5614533173	0.2161469386	0.2999261568
P1309	114.08957	19.985	C18	POS	1.2934881171	0.8146564272	0.3585531547	-0.7262065067	-1.8422028201	1.2871370057	1.585845476	-1.1564103665	-0.4671945867	-1.2414697898	0.1865568721	-0.8173537339	-0.7297639773	0.7613992740000001	0.3831608095	-0.6566444928	1.3449044211	-0.3784552835
P1312	1625.08624	16.712	C18	POS	-1.1099519156	0.5946846463000001	-0.9522364621	-0.0569583282	0.961908077	1.0036335436	-0.2781794465	0.2784159312	1.7147418307	0.2095618831	-0.7389639050000001	-1.3181107418	-0.7763569214	-0.4174550886	-2.0621091774	1.3656252083	0.8354804304000001	0.7462704359
P1314	1609.10553	17.286	C18	POS	-1.7505961346	-0.3153140053	-0.3870630526	-0.2405530872	-0.2599932313	0.5623118486	-1.4584353727	0.7708234552000001	1.2193670777	0.2825738685	-1.1860396166	2.5504354391	0.8325063392000001	0.6821557683	0.1922461964	-0.3833151949	-0.7624640432	-0.3486462546
P1315	883.77348	23.516	C18	POS	1.0814165074	-1.8412276752	-0.1859486411	-0.7061911238	0.8445243295	-1.7504392401	-0.4030428441	0.5264958927	1.3664543859	1.7716244064	0.6445241041	0.1552047748	-0.6122570229000001	0.3213869131	0.0827399278	-1.6417368077	0.1254340331	0.2210380802
P1316	486.34706	10.461	C18	POS	-0.3953973793	0.7651132408	-0.4516188093	0.1008705552	0.298507187	1.3020164346	-0.3101097922	-0.9050376733	-0.0640060833	2.0760297307	-0.6136484458	0.8013641567	-1.5748745273	-1.7094992083	-0.975576518	-0.4372302366	1.4178322863	0.675265082
P1318	611.46437	17.495	C18	POS	0.9057204743	-1.4772162229	-0.2604997881	-0.8373942899	-1.5854670153	-0.6869091402	0.0503792024	0.2538830922	0.5789718974	-0.2616959279	0.8846578131	-2.3015283228	1.1060517684	0.8682893121	1.3550906335	-0.1037614124	0.4205712523	0.4039475337
P1319	264.14501	0.506	C18	POS	0.3093350762	-0.1452518335	0.113694027	0.8393395902	1.0703042935	0.9470819786	1.3713932064	-1.6089544307	-0.7552294793000001	0.1277638287	0.1846172932	-0.434034967	-1.8694727485	-1.8711201245	-0.7647670675	0.5034762575	1.1433443126	0.8384807870000001
P1320	1519.15016	19.259	C18	POS	0.4560038496	0.6049087125	0.5627780484	0.0759018747	-2.8499572258	1.699790067	0.0937298706	0.6955144838	-0.0072293865	-1.4477806988	-0.3807517226	0.6981452732	-0.9198578989	-0.9019379324	-0.1832402494	0.3526871049	0.7392877315	0.7120080982
P1322	1595.18117	20.004	C18	POS	0.1206206756	-0.347574286	1.623836265	0.4563819924	-1.3055547475	0.0041476241	-0.8899339567000001	1.0459502445	0.1328811352	0.7337877305	-0.1544411835	-0.9227429418	-2.2684738217	-0.5811695762	-0.5023650129	1.932673221	0.6860132288	0.2359634092
P1323	722.51163	16.815	C18	POS	0.3976616742	0.8410553521	0.4614495206	0.5809699533	0.4536015869	-1.1536841386	0.5482709825000001	-3.1948758175	0.2584228889	-0.939340483	0.1430372637	-0.4008926685	-0.2481123006	0.1028080431	-0.524532648	0.8015936765	1.5133744685	0.3591926458
P1324	363.28983	10.165	C18	POS	-1.2907023661	-0.2426035439	-0.6227894548	-0.199249332	-0.3452656147	2.1419449823	-1.0831831421	1.8272012453	0.5365821855	0.7557021233	-0.9181167681	1.5266867732	-0.584057858	-0.0162599489	-0.3726388107	-0.9469910422	-0.8593382336000001	0.6930788056
P1325	783.6368	18.335	C18	POS	-2.0385468321	-0.8340480928	0.4518251398	1.6144206937	-0.5284735475	-0.7013676814	-0.3976918585	-0.2741622456	-0.8544342967	1.1330893919	1.3739266934	-0.5033628582	0.2973442465	1.1817999291	-1.2454464577	1.437379561	-0.243350014	0.1310982293
P1326	1585.19911	20.459	C18	POS	0.0736646255	0.0337517635	0.4145596801	0.9060171733	1.058012657	0.8706631560000001	-2.3959519972	-0.4681394801	-0.2710886141	0.314162586	-1.8680792588	0.5761937809000001	-0.9541418496	-0.0564289596	-1.1714276625	0.9181152065	1.024710265	0.9954069284
P1328	408.23004	10.666	C18	POS	1.2084049554	0.2609916721	0.9002781938000001	0.5471114468	0.9803941136	-1.3526361447	0.8572868067	-1.3973755962	-0.17705862	-0.5049528657	1.1642284826	-2.1928235791	-0.6437894582	-1.214419506	0.3477130578	-0.1325517501	1.1722235893	0.1769752018
P1329	913.57632	16.013	C18	POS	-1.0577104282	0.1396835063	-0.3131097012	-0.3139734991	-2.1175460952	0.2910570224	-1.0835348532	1.0474610599	1.0323207449	1.1481801045	-0.9476545817	1.5418457896	0.1367732589	1.3647585088	0.3858470163	-0.5980932674	-0.2697880577	1.052720599
P1330	827.70979	23.28	C18	POS	0.0957914565	0.8527371154000001	1.0085873766	0.0310616472	0.1734734896	-1.7837730346	1.0560099086	-0.1657329024	0.2882511533	-0.9529368892	0.914828444	-1.8332784482	-0.9384059138	-1.5528588653000002	0.5443586891000001	-0.2081710637	1.334168551	1.135889286
P1331	655.56606	16.428	C18	POS	0.5706574001	0.1198137991	0.3708581971	0.6711676394	1.187371046	0.9868440373	-1.1148552385	-1.8260424448	-0.2026745501	-0.3915572076	-1.300893593	-0.2134772468	-0.8262888802	-0.1800730631	-1.2891951781	0.8046473902	2.2349487156	0.3987491776
P1335	480.27841	5.872	C18	POS	0.3460660795	0.7369171792	-0.4463871469	-0.2458431849	0.8795891361	-0.5761796294	0.3963091746	-2.2196128824	0.7483716265	-0.5170378043	1.0270045066	-1.5303135393	0.9727862848	-0.0798721571	1.4669672022	0.0210412014	-1.1056939338	-0.9673295464
P1337	599.50326	22.886	C18	POS	0.7183260028	-0.4307085354	0.0354102051	-1.6178458686	-0.7239581958	-1.5470595119	0.096968443	0.6277075922	0.3580919213	1.055874338	0.2641077377	0.605023211	1.171851206	1.1599885828	1.6360946128	-1.612935726	-0.7136457599	-1.0832902548
P1338	825.58219	17.144	C18	POS	-1.5283639204	-0.4193766185	0.0241008054	-0.202298987	0.7849679605000001	-0.4456426558	-0.1830592482	-0.2500854974	-0.4507645196	0.6254733557000001	1.1889496611	0.0881214366	-0.5634396788	1.3677531614	-0.9819776684	1.451353091	1.6357066686	-2.1414173462
P1339	343.29595	6.941	C18	POS	1.1460678187	1.9699656757	-0.5323823327	0.2374488033	0.0041657014	-1.5145458805	0.7004480035	-1.6167007726	-0.3573676083	0.6609274855	1.5727634506	-0.8166867882000001	-0.6743387725000001	-0.0614683316	0.6395535638000001	0.2650803905	-0.067194572	-1.5557358347
P1340	899.74634	24.647	C18	POS	1.3083220478	1.3401534742	-1.6694426333	0.5732586994000001	0.3260340359	-1.1798478999	0.8379152128	-0.7816604713	0.5869545193	-0.3232053958	0.8075131588000001	-2.1670251592	-0.4754576129	-0.4614544737	-0.4696959785	0.2313780341	1.4309814545	0.0852789878
P1341	738.50508	17.301	C18	POS	-1.4580469386	-0.7023043038	-0.4800057471	1.0202281966	0.1998396858	1.0892143917	0.4880368237	0.5677672410000001	0.6539232927	0.1802017659	-1.347701535	0.8301898242	1.0030939359	0.7037326581000001	1.4097944164	-1.2019395577	-1.3129744667	-1.643049683
P1342	860.77453	24.011	C18	POS	0.8379881682	0.2304711269	-0.6754166148	-0.1823401222	0.4108739237	0.8837800625000001	-0.0611416834	-1.0984708403	-1.1600732173	-3.0191193659	0.6476774087	-0.2299063102	0.4428526108	-0.0852228511	-0.2509723235	-0.1041378625	0.4819530131	1.832734037
P1343	1553.17391	19.107	C18	POS	0.5642931729	0.5606296159	-0.8284735471	0.7239014763	-2.1734617006	1.073715609	0.9749581281	0.777460362	0.2818389457	0.1989896752	-0.7461248180000001	0.6278794815000001	-1.1435481141	0.1234609617	-2.1342169393	-0.3848726178	0.252387335	1.2511829735
P1344	640.60324	22.487	C18	POS	-0.7269482141	-0.1604440786	-0.5524964108	0.4461153489	0.7575444725	0.811400047	0.3928760129	0.1855771385	-0.3250742485	0.4455403813	1.1786817607	1.0017361128	-0.4587287164	-1.2146928821	-3.0348693376	0.8472788102000001	-0.5473167125	0.9538205159
P1345	658.40656	12.254	C18	POS	-1.5473866249	1.2043860619	0.1861564554	-0.4977200338	1.3231909781	1.5533967988	-0.8108927067	0.6841195455	0.1537601649	1.2671414884	-1.4747600368	0.5738016994	-1.2415541256	0.3298376355	-0.9697870735	0.813541418	-0.784165204	-0.7630664407000001
P1346	774.59947	20.347	C18	POS	-0.5451371926	-0.6810796707	0.6013120219	-1.015147075	-0.7391590737	-0.3161871198	0.5197778807	0.8462131873000001	-0.4533564799	0.0201722008	1.0532556326	-0.284107871	-0.455886866	0.182448617	3.0255350087	-1.8490971961	0.0405684088	0.049875587
P1347	500.27742	9.156	C18	POS	-1.3686693469	-0.6660352041000001	-0.7495547761	0.1260333133	-0.2234729159	2.119626796	-1.1473657797	1.5839904416	0.284238705	0.7072874881	-1.3520366756	1.5470874858	-0.4749999806	0.0923901816	-0.1597415529	-0.6553812107	-0.6026748141	0.9392778452
P1348	920.62167	16.626	C18	POS	0.8154550275	-0.4019648081	0.8653976172000001	0.3266227392	1.9978703726	0.1713209802	-2.2388123381	-0.7649202669	-1.0978875757	-0.4623112311	-0.934958986	0.2857049782	-0.4272070897	-0.6712282682	-0.3935298932	1.1557399643	1.4469646746	0.3277441032
P1349	1604.16111	18.618	C18	POS	-3.2787228795	-0.1978539044	0.5113634519	0.2774792848	1.0947196886	-0.2466616487	-0.0680120928	0.4079302591	0.0799261515	1.2126776299	-0.8176054707	0.5957258325	-0.1431388142	0.9172541107	0.9135280256	-0.0806142808	-1.1110135816	-0.0669817618
P1351	752.63999	20.358	C18	POS	0.4757274099	-0.7041843559000001	1.7469312732	-1.0732069168	0.4890868495	-2.0465412375	0.7586501452000001	-0.6040332218000001	-0.6082083132	0.5816956375	1.0552113157	-0.4768767902	0.8479743814	-0.0237366104	1.3968446685	0.4319782849	-0.7531551674	-1.4941573526
P1353	650.13849	12.132	C18	POS	1.8107009083	0.4217986527	0.4533131249	-0.7261530676	-0.4272901994	-1.9339583349	0.3254417109	-1.0512565085	-0.0812342335	-0.7170633858000001	-0.9200066565	-0.245006722	-0.2772012661	0.3371360682	-1.0803761733	1.4685934717	1.6702540777	0.9723085333
P1355	759.22243	19.057	C18	POS	3.453603022	-0.5654510499000001	0.1952777526	0.2194406664	0.5860223353	0.5669828307	0.60371348	-0.7419216435	-1.0105296792	-0.4328093051	-0.3157325879	-0.8136847133	-0.3487453563	-0.5896988795	-0.6661081059	0.5541265821	0.2251430979	-0.9196284466
P1356	851.78385	23.565	C18	POS	0.7188431787	-1.2924216263	-0.3193644308	-0.2158762051	1.9386190245	-2.1084748251	-0.2038432195	0.5758786402	0.6728374786	0.9162239676	1.1451110261	-0.5077148067	-0.4232024476	-1.3882899644	0.9180110119	-0.4844728967	-0.6921770249	0.7503131194
P1357	597.48803	16.223	C18	POS	-1.1258557529	0.0268094721	0.1105821416	0.9523757999	-0.0669591487	0.9827414545	-1.5354061709	0.5344031973	-0.3258110965	1.2868921575	-1.6353554025	2.3172233727	-0.7709330526	0.318441459	0.4448286081	0.0341358165	-0.3868253022	-1.1612875528
P1358	690.61873	22.266	C18	POS	-0.4373181461	-0.2696983007	-0.7847780176	0.8999262348	0.9105009098	-0.4404206237	0.4206252048	-1.269202662	0.2306062545	2.0766621872	0.6376061726000001	1.8285171907	-0.1634768522	0.1223980298	-1.7970478892	-0.1760755778	-1.3851927289	-0.4036313859
P1359	343.19486	11.479	C18	POS	-0.2697583561	-0.2191269818	-1.5745164116	-0.0594649511	0.4376418291	1.2742453955	-0.9538963696	1.1938277478	0.390150345	1.6676438076	-0.5332874543	1.6088987471	-0.2422463223	0.5098430302	-0.0560574999999999	-1.3477824787	-1.8170392568	-0.0090748201
P1360	1277.35549	23.476	C18	POS	1.0371509399	-0.627709717	0.2236415051	0.2520067886	1.8687662829	-1.4523607737	1.0673599069	-1.0852810276	0.6699767976000001	-1.101834264	0.7334193629	-1.755573397	-0.3363299677	-1.3545227133	0.3532950049	0.084898585	0.9592555913	0.4638410953
P1361	906.84196	24.834	C18	POS	0.7344003396000001	0.09997173	-0.7489847407	-1.2095929422	1.7464822036	-1.8201184055	-2.2234549458	-0.4173834932	0.2387779364	0.355059387	0.1345693463	1.1053972571	0.3924910428	0.0117335325	0.9489990192	0.0607366149	0.2123561106	-0.1580686226
P1362	504.51395	17.468	C18	POS	0.4774981448	1.4370250578	0.5581310185	0.535697136	1.190031897	0.6419843169	-0.2210185985	-2.1621305952	-0.5758299705000001	0.2587237759	-1.3373681912	-1.085222947	-0.8273062155	-1.2652055939	0.9092194519	0.7357443901	1.1625296765	-0.4325027534
P1363	850.59472	17.274	C18	POS	-0.2812896122	-0.9569466435	-0.3050950913	-0.2585156004	-0.384984461	-0.7905484418000001	1.3686687015	1.1267260032	1.8287374591	-0.0013976325	-0.3350047271	0.2338099268	-0.8794977062	-0.3024891916	-2.540177467	0.647807582	0.9703712746	0.8598256275
P1365	835.53388	14.822	C18	POS	-1.453615018	0.4538331316	0.339476926	0.2125013544	-1.1233119321	1.2364111071	-1.1718458733	0.2978634926	1.239783227	-0.9795308177	-0.4644604144	1.7969527907	0.6961637069000001	1.248312134	0.551224885	-1.1372575313	-0.5809419335	-1.1615592353
P1366	798.68098	18.989	C18	POS	-0.2148542253	1.4642366794	-0.695283936	-0.5496309541000001	0.9639134278	-0.5971236004	1.5094191937	-0.0767048165	-1.8721825485	0.3745546958	1.3501716824	-1.6918313156	0.1323667347	-0.3399909102	-0.8212942999999999	-0.7686890991	0.7656676879000001	1.0672556038
P1368	733.55699	19.849	C18	POS	0.8654919	-0.4438831299	0.3479129605	1.47008246	0.4126348957	1.1244417741	-0.8849127063000001	0.1863010783	0.5395193707	-1.1050579099	-0.3867018395	-0.7542727532	-1.976373775	-0.7755017286	-0.8773631832000001	1.0494403661	0.9306322083	1.3945432984
P1369	963.64359	11.331	C18	POS	-0.5172304226000001	1.0873448314	-0.9145437604	0.3735163481	-0.4099948384	1.7784560017	-0.9056079738	1.4772854173	0.8805921001	0.0099673848	-2.3576388791	0.8543512127	-0.1753458925	0.8525116191000001	-0.8149982988000001	-0.716909609	-0.4909273431	-0.0108278976
P1370	1514.19477	19.318	C18	POS	1.0414493655	0.5062934548	-0.0535188707	0.4711853098	0.1170298636	0.6269529947	0.3846348382	-1.765026722	-0.2544031391	0.8684077234	0.0255709428	-1.1214382791	0.3243543932	-2.6222841328	-0.5016709755000001	1.1558558199	1.0357568084	-0.2135784524
P1372	736.51377	16.35	C18	POS	0.0636280089	0.8062798872	-0.1918522258	-0.2277694474	-3.075980121	0.5681324406	1.1482276816	0.9017744908	0.8635955328	0.431238916	0.7848795379	-0.9193245261	0.4325478885	0.371941041	-1.6026001868000002	-0.1284288014	-0.1915840415	-0.0347060751
P1373	1499.08911	17.739	C18	POS	-1.2604027163	-0.2213588553	0.3613038011	0.4477728881	0.8495451452	0.9408791721	-0.8685250026	0.4673051366	-0.5515167055	-1.3127806255	-2.4153621034	1.9913486232	-0.3244068491	0.4176274404	0.7988545131	0.2330299167	0.1877562794	-0.6095950605
P1375	88.07605	19.978	C18	POS	0.9195276368	0.6328380224	0.8207234656	-3.0256950382	0.3330613006	0.0682304382	-0.7533693962	-0.1572714346	0.4906834798	0.2989012889	0.5951780833	0.4837984258	0.5581726433	0.6149765072000001	0.9232942114	-1.3590989814	-1.0666795472	0.113412374
P1376	651.53477	15.425	C18	POS	0.2525159898	1.0591647751	0.2821026252	0.1943306235	2.2598384773	0.3802112802	0.787919197	-0.417956812	0.6649201266	-1.2322213623	-1.25438541	-1.8634221893	0.4562155123	-1.409968321	-1.0616146845	0.4791531845	0.239042639	0.1841543487
P1378	891.6836	22.631	C18	POS	1.3021233298	-1.4123070552	1.0644945855	-0.8849682089	0.6255263147	-1.3639063702	-0.1994681229	-0.4759721398	0.9779280242	-0.3716002624	0.7659154795	-0.7647848644	0.2165374065	1.2311464667	1.9019133072	-0.8784708806	-0.5890480534	-1.1450589563
P1379	774.60009	22.948	C18	POS	-0.2251621987	1.7094466183	-0.6672380285	-1.1478423231	-0.0183571012	0.1460535212	1.0363664835	-2.5059812984	0.4196917259	0.8898545874	-1.246149766	-0.3643831224	1.2174015932	-0.6772144092	-0.1651211595	0.9752104052	0.5584076904	0.0650167818
P1380	519.44055	16.726	C18	POS	-0.1408263946	-1.6387850268	-0.3620090895	-0.3092402314	-1.0447071482	-0.5444158089	-1.2424486089	1.0334012714	0.2145939165	-0.7492793071	-0.1241012405	0.8511640147	1.2866134726	1.3316226979	2.4376671641	-0.2254956315	-0.3794132202	-0.3943408297
P1381	800.61514	20.996	C18	POS	0.8120470087	-1.3507729151	1.3797547127	0.1047647692	1.5028277188	-1.3123209878	0.9189360821	-0.5236128778	-0.196306656	0.0373147885	-0.3274215658	-0.6398510716	-1.9292171136	1.2963202116	-0.4873669845	0.8397682578000001	0.8299251618	-0.9547885391
P1382	889.80315	24.193	C18	POS	0.5197801522000001	-0.6543892522	0.4084694916	-0.218883347	1.6305714412	-0.7045493598	-3.2020156249	-0.0973636922	0.2885315382	0.0493488259	0.3633775216	1.0854967338	-0.7599149477	-0.0431213682	0.4831300428	0.6583962163	0.1276725141	0.1148119402
P1384	1629.20398	19.169	C18	POS	-0.0711066016	0.4416636675	-0.771945773	-0.5439955820000001	-2.055890117	0.8613381711	0.0882438409	1.8007088691000002	0.3956392097	1.7030248795	0.1541021486	-0.1620672461	-0.3191751257	1.5425490931	-0.6309813637	-1.2466289387	-1.0649943326	-0.1204847991
P1385	621.48789	16.108	C18	POS	-2.2895515052	0.0553744663	-0.1402607652	0.1664318872	-0.0159709878	0.4942857843	0.0800545728	1.2567830861	0.6709509166000001	0.8613111888	-0.3215593799	1.5064580679	0.4395804988	0.6222232493000001	0.8095364023	-1.7076719452	-1.0633169012	-1.4246586359
P1387	899.70982	22.515	C18	POS	0.034016289	-1.1688620486	-0.4277744331	-0.830689726	-0.8577254234	-1.3827887223	-0.6113788891	0.3192933562	0.8776975766	0.165996029	-0.3999186531	0.3319106956	1.7362362958	1.699919564	2.1665641671	-0.7164890449	-0.5638583325000001	-0.3721487002
P1389	468.30914	9.099	C18	POS	-0.9134775308	-0.7933441383000001	-0.6207686578	-0.5718589023	-0.0297577685	1.3899037356	-0.9618357101	1.4648776131	0.1702400619	-1.2632896395	-1.8103028695	1.9554418901	0.7383208536	0.6639247158	0.6110688646	0.419153589	-0.7030792168000001	0.2547831099
P1390	387.28924	16.068	C18	POS	-0.6910039138	1.1596555206	0.0096263093	0.4134956054	-1.7475711702	0.6701506567000001	1.1302475376	1.117620292	0.7946446483	0.8753953951000001	0.6379810923	-1.1853980508	-0.1495960416	0.3027967277	-1.9913106197	-1.2996053816	-0.7298102685000001	0.6826816613000001
P1391	784.48457	16.11	C18	POS	-0.8057234626	-0.9360401335	-0.4366661552	0.1670472565	-1.0553590777	0.2908514871	0.2912619146	1.0757851904	0.8557939458	0.9294099918	0.0851760272	1.279579131	0.7418259896	1.0309259453	1.1211273167	-0.9652780943	-1.6942295281000002	-1.9754877445
P1393	364.25278	13.239	C18	POS	0.7125873544	0.9229761708	-2.5170979986	0.1772082103	0.913215695	0.9039111623	-0.8324204341	0.3085555896	-0.8815988042	1.2450388042	-1.5880851969	0.8878628076	-0.8839919222	0.4429836108	0.2842446452	-0.9015406885	0.4120466899	0.3941043045
P1395	620.39174	11.788	C18	POS	-0.2977453032	-0.6363412409	-1.0590004494	-0.1490901879	-0.5306158415000001	0.6344266426	-0.2097021865	1.9303221832	1.5195379572	1.9246408914	-1.112635966	-0.6707897754000001	-0.5986337809	0.7466380827	-1.3932409449	-0.3642554115	0.3754667262	-0.4067266984
P1396	781.53836	16.194	C18	POS	-0.9239249622	1.8574345134	-0.6075958338	-0.1260539704	-1.1710078516	0.248887624	0.4880844535	1.6613980633	0.197753982	1.2297965924	0.2088450263	-1.3958263934	-0.8114002062000001	-0.1363930207	-1.3660395182	-0.464354927	-0.4349927283	1.5453891568
P1398	592.46158	11.955	C18	POS	-0.5038804472	0.2375475276	-0.9222926356	0.6313640774	-1.6190217292	1.0110801226	-1.1208664491	1.7240074229	0.7465927641	0.9410711	-1.5152833121	0.3834209507	-1.2180944196	1.2686912474	-1.1025584515	0.3503096498	0.3517781824	0.3561343993
P1399	755.56199	13.383	C18	POS	-1.9051188372	0.5604309723	0.3929738457	-0.3531124677	-0.0035553965	0.9731481517	0.4914943748	1.0895617269	-0.1634914779	0.0456190292	-0.3947572046	-1.1237431102	1.151595067	1.0289149014	1.1962955822	-1.2762247244	-2.0893828423	0.3793524097
P1400	219.32732	23.946	C18	POS	0.7962680806	-0.2582757392	-0.7136645189	-1.2417334576	0.8082081234	-2.3451698896	0.509572656	0.4396194407	1.0390776798	1.8526857296	0.4736984245	-1.5880489387	0.3721799371	-0.2017374008	-0.3660381736	-0.5473602311	0.0982457646	0.8724725133000001
P1402	854.57735	15.342	C18	POS	1.3415194715	0.7270666208000001	0.6129071183	0.6033316428000001	-0.0282104429	-0.3679802263	0.372681229	-1.6805754889	-0.6312395981000001	-1.0847037582	-0.1997603799	-1.4583317761	0.1069100514	-1.8805107543	0.1292683294	0.7034639596000001	1.7503408787	0.9838231233
P1403	753.50694	15.346	C18	POS	-1.3054254456	0.8932459092	-0.1424697416	-0.7468690667	-1.4926272925	1.6196901727	0.3336180128	2.0360945404	0.7282830505	0.4513944808	-0.8610109639	0.3873923245	-0.1563630302	1.2417920694	-1.0349572808	-0.9456828952	-0.7750006459000001	-0.2311041981
P1404	551.50332	16.315	C18	POS	0.7414067306000001	1.4568836822	-0.0386195604	0.0847004725	-1.9931263344	0.4990822131	0.7997325451	0.0875428957	0.535114979	0.0633298365	0.1444631167	-1.2950107958	-0.3396672816	-1.1149905341	-2.2075577159	0.8341934226000001	0.9607821956	0.7817401326000001
P1405	808.61963	21.028	C18	POS	-2.1726765251	0.2448960724	-1.3120483413	0.8444096916	-1.0807461533	-0.0009595384	1.1034697419	-1.0921843791	0.7190796152000001	0.271600413	0.7876193429	1.6303499602	0.8794904516000001	0.6944979607	-0.6441614435	0.2202357589	-0.4475705064	-0.6462616597
P1406	680.47996	23.359	C18	POS	-0.0702522554	0.7922682843000001	-0.5939430024	-0.1185357721	-1.1743410885	-0.3295293768	1.5961534431	-0.9259784694	1.062758544	-0.2334290823	0.7262673008	-0.1541365431	-0.8990099363	0.1418171749	-2.4195102245	0.9715117724	1.6569669753	-0.029077744
P1407	1603.14711	18.221	C18	POS	0.8839267695	0.5427338725	1.4367890714	0.8290951932	1.1048190432	-0.8021018916	-2.4069107606	-0.1045891971	-0.4043364734	0.5212296671000001	-0.0193308832	-0.5561868558	0.2740829128	-0.5180885619	-1.9365272092	0.8531985078000001	0.9937412888	0.4132745497
P1408	1664.16291	18.019	C18	POS	-0.518799519	-0.0270992749	0.6485063510000001	0.0140868407	2.62784517	1.0467183486	-0.4480445483	0.4734629856	-2.0690446165	0.6683274798000001	-0.3395377143	0.7446623059	-0.5434263722	-0.6877509337000001	-1.6417068937	0.1157906589	0.0266056556	-0.0905959236
P1409	1597.19488	20.735	C18	POS	-0.4918143411	0.9940194948	1.0288893389	1.5038417931	-1.5971442197	1.1130227311	-0.7414627333	-0.0773677044	-0.3082154461	-0.1669202643	-1.0628624785	0.5610383281	0.2382667906	0.8805964550000001	-1.7970518526	0.1249024079	-1.4122772421	1.2105389426
P1413	343.28589	16.648	C18	POS	-0.9212208245	1.1141085584	-0.3048396375	0.8948180737	-1.9853016373	-1.575668121	1.5938183124	0.1195732324	-0.0144022162	-0.320044074	1.6313983921	-0.6385788079	0.4655262686	0.6179302654000001	-1.0834495535	0.0050089863	-0.5110024196	0.9123252026
P1414	938.81579	23.489	C18	POS	0.314287965	-0.6921110828	0.1228889952	-0.9948294248	2.0195431013	-1.0427079897	-0.8619613383	-0.2565960267	-0.0387958338	1.8510580245	0.5678265923	0.4812112409	0.5976166492	0.4014740455	0.6731485986	-1.4456406214	-1.3083980818	-1.0801258959
P1415	82.05283	23.717	C18	POS	0.9276631743	0.3999978251	-0.2313257751	-1.3409785687	0.846329745	-3.093481971	0.873968615	-0.394912571	-0.3405064108	-0.5492305901	0.9634195215	-0.1127025101	0.0265128816	-0.0958095099	-0.3396974648	0.7501380183	0.4011815612	1.3094340292
P1416	1574.43381	26.576	C18	POS	0.1076939907	-0.1575255522	2.645411239	-0.1661713182	0.4534220732	-0.5881819837	0.1036014157	-0.875794842	-0.1621397882	-0.9533178676	0.0815529132	-0.7551838310000001	-0.3972120684	-1.2255073559	-0.2170797324	2.5114851412	-0.2078300383	-0.1972223953
P1418	848.57935	17.355	C18	POS	-0.9836603505	-2.7000280687	1.0489141724	-0.0614254447	-0.2150440181	-1.0556424566	0.6324881846	-0.4054738564	1.2781931278	-0.4838884697	0.9719518378	-0.073655659	-0.7768601076	1.1622852217	-0.5838863715	0.3762214524	0.2740834903	0.9160063116
P1419	745.50185	15.252	C18	POS	-0.7368334257	1.5845880032	0.7818389957	1.4962654298	-2.0069896678	0.4197722316	0.9809862805	0.4401407229	-0.1058800033	-0.0407163731	0.0737733411	-2.047733867	-0.6197728767	-0.1615553685	-1.2567372977	0.5047889237000001	0.207401357	0.4866635943
P1421	721.5021	15.317	C18	POS	0.2357022593	1.0380555306	0.0341844982	0.5041606718	-1.5808153385	1.1138904824	0.2223656154	-0.1517348372	-0.0269897015	-0.0311448424	-0.2012860262	-2.0074981309	-1.2311690052	-0.6104262066	-1.2568255531	1.1202369242	1.3856084363	1.4436852234
P1423	594.37736	11.359	C18	POS	-2.2516628001	-1.4201225519	-1.1380167475	0.1482091751	0.3387428576	0.8019293517	0.381781762	0.5037022525	0.53230021	0.9387005598	-1.3252341717	0.4842752077	-1.3471230186	1.1144403642	0.0914909881	1.3650523086	0.2329960583	0.5485381939
P1424	846.67008	23.949	C18	POS	0.1938218889	-0.3878245936	0.4200702192	0.4091657251	0.1442015023	1.7396656437	-1.1539388645	-0.3055863786	-0.45263981	-0.5830198079000001	-1.7802073007	-1.0053358147	-0.7269632475000001	0.300128064	-0.1790927657	2.2712171495	-0.4165315561	1.5128699465
P1426	835.75008	22.688	C18	POS	1.0744930106	-2.4087497693	-0.0705930299	-0.7240121234	0.1176956338	-1.8833583876	-0.5892249925	-0.0822305981	0.0878891978	1.1818189725	-0.0687352751	0.395048376	0.7879844395000001	0.0089237035	1.9625213399	0.1463822529	0.5508176256	-0.4866703761
P1427	572.525	15.673	C18	POS	-1.6804364846	0.969329364	0.6093267627	1.6439034897	-2.1094642946	-1.1805931111	0.3821878942	-0.0455827579	-0.7921873573	0.3664559595	-0.281271681	1.0204314814	0.4015423797	0.4630960902	-1.2677814204	0.7714006925	-0.1066620745	0.8363050674
P1428	537.16588	18.283	C18	POS	0.6310128082	-0.7701773182	0.9123752328	-1.3528431884	-0.1267618759	-0.895150792	0.1239837794	0.34798701	-0.0242980094	1.9634098315	0.0488311363	-0.9383388586	2.0721099246	-1.7582713129	-0.1673103756	-0.0381370571	0.5529764684	-0.2334103932
P1429	907.84793	24.884	C18	POS	1.1872737863	-0.3665467159	-0.0643118984	-1.5249552654	2.0557321296	-2.5248155844	-0.0990673895	-0.7050097656000001	-0.0163986514	0.4261849392	0.3419111662	0.7642800936	0.2992850765	-0.969056149	-0.2066310224	-0.2453844981	0.3021007012	0.6403992822
P1430	836.80659	24.773	C18	POS	-0.341540354	0.271381914	-0.4919935148	0.7574205393	3.3105768558	-0.5232005654	-1.2962215845	-0.4535206328	-0.3617345687	-0.1352988638	-0.1027079675	1.1259609769	-0.9540695254	-0.3098334407	0.8278820825000001	-0.2615478688	-0.2823364426	-0.7792170396
P1432	620.49282	14.053	C18	POS	-1.1023202857	0.7085528335	-0.2345834767	-0.3825841192	-1.0072341785	-0.0285207433	1.3383927667	1.6013313559	0.831129443	-0.9585535836	-0.7078058954	0.6522656145	1.2237707604	0.7678961295000001	-0.0025241561	0.1099713634	-2.4364287177	-0.3727551107
P1434	563.50318	18.778	C18	POS	1.2090374653	-1.9686450731	0.0627239765	-0.0941893762	-1.107268314	-2.200569389	-0.8522849693000001	0.2643099394	-0.0981484842	-0.3776555382	0.2744850233	-0.3632421999	0.3015206785	1.050854849	1.4854289992	0.7516987427	0.6338325439	1.028111126
P1435	801.61937	23.386	C18	POS	2.1183768069	-1.2595263415	0.047266699	-0.2983128464	1.2650350494	-2.4767612164	-0.3677255468	0.3560069519	-0.7753298665	-0.461910799	0.5263325733	0.5835318695	0.8065106325	-0.462122815	1.0584113469	0.0084714737	-0.0190180829	-0.6492358885
P1438	1473.91896	16.471	C18	POS	0.3052148411	0.6270148107	0.6069286196	0.7823492089	0.5250445205000001	-2.1665475194	0.240804523	-2.3961174903	-0.3988156624	-0.2552492626	0.1363748459	0.2294651324	0.2857573906	-1.4770909647	1.0198526577	1.2020616162	0.8417252751000001	-0.1087725424
P1440	901.72475	22.709	C18	POS	-0.0182267603	0.0860699715	-0.8242056709000001	-0.9623474859	0.2382945092	-1.4201154372	-0.2536449732	1.3656716755	1.088247161	0.0247603725	1.2407865197	-0.0853451112	1.889085428	0.3014103735	0.9458328984	-0.7199977429000001	-1.0091048478	-1.8871708799
P1441	818.56633	18.853	C18	POS	-1.7206836418	-1.1595421778	0.8254374447	-0.3186650219	0.5077778514	-2.0654946741	0.8166285925000001	0.1767986688	0.3608905264	1.0568977498	0.4675377444	0.4276142024	0.8550848336	0.8944679074	1.3349987698	-0.1317809296	-1.1762413704	-1.1517264756
P1442	865.72563	23.152	C18	POS	1.9218490274	-1.3128938301	0.2925251379	0.3941283855	-0.048195196	-1.4951340348	-0.6842647773	-1.1160041411	-1.0276208993	-0.3843544931	-0.4098706109	0.4823880467	-0.0740005218	1.0469449465	2.0311115866	1.1240099325	-0.2668677112	-0.4737508476
P1444	589.48252	17.363	C18	POS	0.7424380269	-1.5138829277	0.5538268179	-0.1638095692	0.2463115224	-1.9992478464	0.359131199	0.4220882975	0.1157778052	-1.4520454921	0.6668862896000001	-0.8111695039	0.8269412267	1.0792594554	2.0195156555	-0.056404658	-0.5573302777	-0.2319744988
P1445	813.35632	11.24	C18	POS	0.6293897269000001	-1.2053493108	-0.3943550303	1.3420455362	0.227180473	0.0297475462	0.6427918551	-2.1399829048	0.0625257044	0.6813388394000001	-1.3227411634	0.6470541572	-1.3524585709	0.2133941062	-1.1651616942	1.1681875686	0.8250434616000001	1.1113496997
P1446	772.07654	19.55	C18	POS	1.1777821	0.2615803871	0.7369029794	-0.452609527	0.0695708675	-0.1690435639	0.8739306323	-1.9788625245	-0.7077705283	-0.8739038364	0.9031424385	-1.6109544466	0.1382220602	-1.5642576681	0.8432860549000001	0.9266059806	1.5362789908	-0.1099003965
P1447	977.83527	23.455	C18	POS	0.5661977239	-1.7489079986	-1.0689344464	-0.2711317927	1.4514861658	-0.5200697901	0.2629526655	0.4598304211	0.6883307692	1.379122693	1.1383531219	0.7940833907	0.5036177831	-1.1361497958	0.0185995855	-0.8139901425	-0.9058847302	-1.2989758281
P1449	1647.21206	19.955	C18	POS	0.2685042881	0.2137610439	-0.2813870705	-0.2542429405	-1.6869420339	1.1474692098	0.3785522371	1.0014966341	0.6843217182	1.6994627766	-0.2865509188	0.5178682322	-1.0775589835	1.1069823272	-0.6202974718	-2.1239590754	-0.2954014629	-0.6463214505
P1450	643.2868	8.757	C18	POS	-0.5446985755	-0.1839226202	-0.288061545	-0.5714985744000001	-2.4264472911	2.055616398	-0.0986330102	1.8665856507	0.6665379423000001	0.0813232818	-0.2212392193	0.2325504983	0.1771518145	1.0189556116	0.5182874307	-0.8607177679	-0.7781395447	-0.6436504799
P1452	824.54398	15.309	C18	POS	-2.4079429767	1.0798415526	-0.073928396	-0.551326116	-1.1012566346	0.4914690557	1.2206163503	1.0521823838	1.3268010729	1.2239853035	0.284546708	-0.5848064827	0.8697734801	-0.1721488634	-1.1289677123	-0.2328979486	-0.5086175999	-0.7873231766000001
P1454	617.60578	22.993	C18	POS	-2.1640925575	0.3334587271	0.5755226927	0.1813504042	-0.2560760881	1.3171223415	1.5007159656	0.8790620495	-1.0469801731	0.4225254423	-1.0838329703	-1.4370809859	0.8676497538	0.4882183532	-0.0099979904	0.9484266157	-1.2384212386	-0.2775703417
P1455	831.74259	23.347	C18	POS	-1.4029550771	-0.1167614964	-0.6354701544	-0.665452622	-0.0720003948	-1.7079981182	-0.1648948958	-0.8343561996000001	0.6347197059	0.299962295	0.4719788718	1.4656198167	-0.4308570205	0.2658075397	0.3141401633	-0.6105541495	0.4009783732	2.7880933626
P1458	898.78546	24.37	C18	POS	0.0214522872	-1.6273300041	0.2313587142	-1.9867926577	-0.047121188	-0.8307606935	-0.6819026114	0.1182171369	0.8682618418	0.3171502625	0.6071507455	0.7998544252	1.6862445545	0.6724542598000001	1.6595638156	-0.4190777066	-1.0210907922	-0.2494152527
P1459	1097.49712	11.328	C18	POS	-0.8993786061	-0.8905093865	-0.6666699289	1.2618183946	-0.5198259162000001	1.2596321553	-0.4791537031	-1.0887381326	-0.2524090047	-0.2638094369	-0.4660775456	0.9279492761	-1.315636671	0.9299815356	-1.1115816188	1.2217041965	-0.0545916821	1.9412185289
P1460	466.32954	11.832	C18	POS	-0.7868132505000001	0.7065657779000001	-1.3788596715	0.3923837407	-0.8108710758000001	-0.2454217394	0.6715591871000001	0.9879173608	0.0456350101	0.4733949251	0.5844410094	-0.0172798214	-0.5089201758	1.2839968579	-3.0326789394	0.5443857948	-0.2669403053	0.5466342397
P1461	504.34421	10.762	C18	POS	-1.7544110718	-0.8855806629	-1.8852160895	0.7244358267000001	-0.1891262202	1.8181345332	-0.7003409810000001	2.026158126	0.5470209826	-0.4720053637	-0.0804339264	0.7703060403	-0.3612104059	-0.4424566782	-0.1080393851	-0.1348497784	0.5003731776	0.6272418768
P1462	889.76797	22.686	C18	POS	-0.5075472842000001	-0.6449694749	-1.7254298810000002	-0.8867483319	-0.8864514431	-1.5856186681	0.4103716505	0.6163958296000001	0.7824692049	1.3683016162	0.5181614518000001	0.8477441241	1.270393284	0.3924615511	0.8730004469	-0.2938460946	1.1052338472	-1.100023799
P1463	1593.16531	19.724	C18	POS	-0.2320605394	1.4856545467	0.5132764761	0.0773229833	-0.3385787773	-1.3334642033000002	0.7643592622000001	-0.6439600349	1.0126421585	1.2290754175	-0.6358048254	-0.5981696586	0.9750654621	0.5595899475	0.8993922492	-2.0150735012	-1.2969522686	-0.7608934715
P1464	1203.33656	22.971	C18	POS	2.0175027337	0.5355828436	0.5326536533	-0.1835089321	1.1315027464	-1.7632780338	1.0962353565	-1.4535134294	-0.5885221134	-0.2525532483	0.5982221209	-1.6446084916	0.1657017528	-0.9840899116	0.3604594758	0.5743237506000001	0.5133430353	-0.6554533086000001
P1466	286.31129	11.537	C18	POS	-1.4110050432	1.1464442342	-0.2868661838	0.5877027098000001	-0.8207621796	-1.8900768567	0.9479271592	0.327701957	1.1543938594	0.6586759517	1.0879041194	-1.120229523	0.279878275	-1.4080576195	0.0087381716	-0.2029011342	-0.764415312	0.8929234066
P1467	313.2741	16.239	C18	POS	-1.0401721801	1.1487542406	0.1833870497	0.6857503094	-2.346211955	0.0083811091	1.2701327831	0.5532981220000001	0.0406004168	0.0639340164	0.9803592217	-1.1220788731	-0.1127756384	0.3545652198	-2.0824959501	0.4626886803	0.0872791775	0.8646042501000001
P1468	271.1523	22.789	C18	POS	1.7041718471	1.2713911414	0.2653852921	0.2309828265	-0.4911341664	-0.3541569169	-1.0311951812	-0.0363144058	0.2629662352	-1.6439896825	-0.4151593668	-1.1757041301	1.0534039872	0.6233653519	0.2043723661	0.9319641647	0.7504646185	-2.1508139808
P1469	1408.20851	19.744	C18	POS	0.5500220477000001	2.3416990835	-0.319579573	-0.5426448624	0.0904441743	0.3706744271	0.4299265892	0.6184165888	0.3853520553	-1.0432074315	0.9527617354	0.6206773521	-0.5219723407	-2.0270660071	-1.8721840073	-0.6552096030000001	0.4919144577	0.1299753138
P1470	273.2546	5.421	C18	POS	0.8207987313	-0.1365621097	-0.2872094061	-0.9405233824	0.2874649617	-0.3009381986	1.3854807366	-1.3394641102	-0.1945316435	0.4305933943	-0.0090274605	-1.5097889473	-0.1385818169	-0.0276177644	2.597797986	0.970639145	-0.1163328173	-1.4921972981
P1471	1455.0271	16.94	C18	POS	-1.1946018862	-0.6596790765	-0.7499040418	0.86505557	0.0447252326	1.6446067051000002	-1.2315537565	0.2219042967	-0.1943972701	-0.1252005823	-0.974987267	2.6309691249	-0.1127720222	-0.5041722829	-0.6691424863000001	0.9542748968	0.0548748456	-0.2964754888
P1472	118.12271	23.271	C18	POS	0.8917142515	0.3677599152	-0.6750252321	-1.1047912307	-1.5224889496	0.9286263977	-1.1997423211	1.2563521356	-0.0598432541	-0.1468769386	0.4617783433	-0.7683411424000001	-1.1567932406	1.5341115863	-0.8204659035	0.5960145628	1.8581504209	-0.4401394007
P1473	326.37876	12.433	C18	POS	-0.4344253265	0.5084220417	-0.8065134308	2.3624591297	0.6610423674	-0.7944150742	-0.2302697574	-0.5815734421000001	-1.4789795172	0.6264293424	1.7801810938	0.1052537209	-0.8097367839	-1.2331204807	0.4451152995	0.9551212023	-0.1929540713	-0.8820363137
P1475	438.29809	10.554	C18	POS	-0.6251250864	1.2904362951	-0.1587694386	0.2728018868	-2.1880926685	-0.9149139208	1.6505854495	0.0614426767	-0.2275245849	-0.4903359399	1.7329053054	-1.2053396959	0.7018376625	0.7257051852	-1.2031993909	0.499135271	0.149253017	-0.0708020234
P1476	832.58358	20.939	C18	POS	0.1937396558	-0.0135045145	0.6388356754	-1.7183249127	-0.8178437939000001	-0.346180736	0.8833765309	0.6932872191	1.845387095	1.1508844726	1.0410798963	0.212054414	-1.0414031445	-1.6814558838	-0.4909378199	-0.8076950021	-0.0854464048	-0.0874798877
P1477	534.29568	10.512	C18	POS	-1.172993666	0.4016921733	-1.3070660115	0.4736583362	-2.1777058688	1.7085677158	-0.4410862747	1.497443071	1.2779982717	-0.081266509	-0.4499311496	0.0835887846	0.3245907103	1.0602862313	-0.6788087113	-0.7322793138	-0.3012751714	0.5145873819
P1478	1479.11971	18.556	C18	POS	-1.8860825161	0.2202046757	-0.4617607823	0.8003875587	-1.5496540983	0.7263870898	-0.3490718867	1.2627077734	0.5489731519000001	-0.5498654333	-1.6383275817	2.0538950114	0.5812796688	0.8133816366000001	-0.1809254703	0.1984891879	-0.0275978735	-0.5624201118000001
P1479	1597.43165	22.756	C18	POS	3.3935285045	-0.9468502238	-0.648711467	-0.7772425851	-0.7041945562	-1.4961344619	-0.2449712768	0.0146114366	0.047869492	0.7668835548	-0.3425668538	-0.0654844887	0.1496337515	-0.214147576	0.8197088853000001	0.0495349551	0.4824100339	-0.2838771245
P1480	1580.18062	19.137	C18	POS	-0.7152712185	0.8185285624	-0.0470938746	0.893068418	-0.2359969412	1.3579678852	-1.1543644923	-0.2339776707	0.4617347773	1.8487842069	-1.5343299869	0.4986184722	-1.0326225441	-0.12846843	-1.3941447316	-0.9592010052	0.0543742696	1.2663973623
P1481	760.4884	15.999	C18	POS	-0.5257106598	-0.4339364914	0.3716037068	0.7076868337000001	0.1789668802	0.1999638905	-0.7030145328	0.5046036213	-0.3631205883	1.1169294846	-0.8200750043	1.5610595215	-0.0938513727	0.4786703598	1.5183304959	-0.2315653676	-0.5123292069000001	-2.9542115704
P1482	1573.19031	18.741	C18	POS	-0.8362987675	0.4468895318	-0.0579147687	0.4474441116	0.6125861921	0.6901161624000001	-0.0302733663	0.0758921613	0.530864302	1.3035648378	-0.9900567509	1.0290195136	0.2814195079	0.7783788418	0.4271760964	-2.6723988826	-0.0342841982	-2.0021245247
P1486	411.36218	15.211	C18	POS	-1.1326686727	-1.5492746896	0.5519800725	-0.0509378716	-1.6357332687	-0.52282565	0.8737661431	0.6867070948	0.958077649	1.3163064582	0.6844466806	0.2174349473	-1.5134887672	0.1192642066	-1.4421314415	0.7792245271	0.4492381578	1.2106144243
P1487	1499.93463	16.522	C18	POS	-0.1182631836	0.0442097184	1.0810833385	-0.5548145723	-0.6630827305	-1.4220520444	1.6424485217	-1.3030361019	-0.6958289143	-1.1726986997	-0.259616149	-1.0099245187	1.1856840724	0.8271195601	1.2713840666	1.688356496	-0.27481647	-0.2661523893
P1488	893.55929	20.895	C18	POS	1.3824019439000002	0.3583425271	1.2434194001	0.5381298817	1.1009181684	-0.6347712067	0.6411258253000001	-0.5881320131000001	-0.0757887256	-0.8936721865	0.603617312	-2.1020344104	0.4901668486	-0.5797521064	1.0744286199	-0.2368787928	-0.2431353286	-2.0783857567
P1489	226.18048	4.962	C18	POS	1.8292714072	-0.2034509251	-0.3916131286	-1.4395052158	0.3086432887	0.0714704784	-0.516941118	-0.7313090655000001	0.2753129965	0.6321947467	-0.4694130983	-1.6349425705	1.2860047708	0.3583198662	1.7307778812	1.0265380885	-0.9861291988	-1.1452292035
P1490	826.55994	17.581	C18	POS	2.0867767308	-0.5306710479	2.4630170459	0.7486994618	0.3341037218	-0.6905071683	-0.1973671974	-0.564470423	-1.0058172692	-1.4993378973	-0.1685359175	-0.1184743523	-0.7768735590000001	-1.1753656428	0.600275986	0.327465481	-0.0215258194	0.1886078667
P1492	834.71693	21.789	C18	POS	-0.3717183844	-1.966698458	-1.6724188303	-1.2057226812	0.505005126	-1.03889116	-0.146079978	1.4913844272	0.3292204122	1.1749144278	0.3514075659	1.1911520297	0.9007391098	-0.1070894727	1.1113584252	-0.559747045	-0.6101808334000001	0.6233653191
P1495	393.29892	11.873	C18	POS	2.1620349463	0.0335137972	0.1245842976	-2.0525651158	0.0909061892	0.1472023291	0.3169421788	-0.598645587	-0.3491479384	-0.6574980382000001	2.1683197077	-0.1743925396	-1.1849532064	-0.5719949958	-0.8177284634	0.016774884	0.7568733817000001	0.5897741729
P1496	802.68778	19.971	C18	POS	1.6155045613	1.120471898	1.2549570831	0.5157731478	-0.9243012508	-0.7382594861	1.0837285062	-1.0811801107	-1.6571676075	-0.5113574203	0.9079919539	-0.6543340314	0.0759910364	-0.7485415937000001	0.2249232999	-1.5157073282	1.1656095734	-0.1341022315
P1497	1584.10257	17.871	C18	POS	0.0804335585	0.4796985631	0.0410543951	0.2791055484	0.2403937448	0.5634728324	1.2866970717	0.5145192430000001	1.1184299605	-0.7213237965	0.4307979232	-0.971061508	1.2887570671	0.5238403592	0.398568193	-1.5754785269	-2.001757787	-1.9761468417
P1498	627.535	17.516	C18	POS	0.920728546	0.9613395094	0.9781207639	0.8995984748	1.9051731964	-0.8652598371	0.7649287254	-1.2299792905	-1.0836305217	-1.4192799133	0.282043077	-1.1517212222	-0.6253309826	-1.3362835858	-0.4903672041	0.8442943557	0.485202105	0.1604238037
P1500	1504.06509	16.076	C18	POS	-0.1287588126	-0.5928309749	-0.1569162561	-0.0672544355	0.1664217278	-0.6497215367	0.0760632355	-0.2324642975	-0.2751153198	2.4945432517	-0.1345772087	2.4010936814	-0.0124495136	-0.6305642626	0.8765185152	-1.1808856065	-0.4552426652	-1.4978595220000002
P1501	1560.10156	18.121	C18	POS	-1.8913879057	0.773840057	-0.6556425565	0.898100784	0.0631984401	1.8723333984	0.5657862275000001	1.3973902645	0.4160452772	0.0047490537	-1.6298842474000002	-0.6614569889	-0.3447259775	0.8399106482	0.2088050885	-0.907982535	0.3606471991	-1.3097262273
P1503	594.58194	18.86	C18	POS	1.6075213436	2.7684505313	-0.7148591628000001	0.0824982643	0.4859604672	-0.2956902253	-0.5422569709	-1.0604792705	-0.2927887102	-0.3033143785	-0.0090103769	1.5047581724	0.2717050473	-0.6575466427000001	-0.5470265542	-1.2876539479	-0.6995207330000001	-0.3107468532
P1504	1510.16689	18.672	C18	POS	-1.2351924854	1.2526208283	1.0309190812	1.2934075103	0.3686157561	0.9036969841	-0.2317215599	-0.3014787215	-0.1693752084	-1.4666202859	-1.2537780729	0.366939854	0.0195900139	-0.7655762897	1.8027403036	-0.4370692581	0.5213755829	-1.6990940325
P1505	1636.131	17.751	C18	POS	-2.2656556076	1.2731651211	1.3440914868	0.9335502351	-0.2972489267	0.3260004652	-0.3430611126	0.3871166311	0.109722529	0.0024824292	-1.6962807809	1.2018254878	0.3670030581	-0.0991207262	0.1834332791	-1.5963747831	0.8026099193	-0.6332587046
P1507	883.71517	23.676	C18	POS	-0.3311591618	0.2025758569	1.1909567224	0.8363585506000001	1.1869766055	-0.1346361179	0.8021477765	-0.6199538272	-1.4112498615	-1.366232143	0.902594319	-1.0757991038	0.3690917166	-1.7814905603	0.5556602935	0.8888521339000001	1.1203671112	-1.3350603106
P1508	556.53007	16.246	C18	POS	-2.7374569326	1.0156719878	-0.762096522	1.025737519	-0.510632337	-0.0782658688	-0.1422102638	0.337543934	0.0942503755	-0.6980391479	-1.4556107924	1.0344552111	0.4117385087	0.6449383621	-0.745972622	1.3739351551	0.6844475963000001	0.5075658368
P1509	1501.41406	25.688	C18	POS	1.5461347674	-0.8369303091	-0.228631733	-0.8440062880000001	-0.2177325877	-1.1150357042	-0.3906945375	0.62849379	-0.7513132233	-0.4854504148	1.652093338	0.7384216133	0.7039688838	-1.333531811	-0.8556936632000001	-0.5800528506	1.8038712554	-0.7633672282
P1510	820.70083	21.099	C18	POS	-0.3632414348	-0.6407100552	2.2997195004	-0.4568295288	0.3676033564	-1.0395914891	0.9073739831	-1.0522998744	-1.3426172268	0.0656348662	1.4243864608	-0.3343198742	0.7313391415	-0.6553621087	1.466677285	0.4039069221	-0.8806087575	-0.901061166
P1511	885.78867	24.019	C18	POS	-0.4657573543	-1.1947551259	0.4956667952	-1.0390829534	2.3986803835	-1.3601308549	0.8500497429	0.4900725854	-1.3033988559	-0.7243253964	0.9128268917	-0.121705979	0.9623724774	0.3247014428	-0.234942102	-0.8030572652	0.1684650327	0.812785568
P1512	927.74066	23.04	C18	POS	0.2474145426	-0.3135878703	-0.2679692954	-1.1575327441	-0.5164043512000001	-1.4262116039	0.1084037682	-0.2322337567	-0.1382059875	0.2926159025	0.2168167977	-0.197048037	2.0253055715	1.817627471	1.9806718379	-1.4004213592	-0.664319768	-0.3749211181
P1513	715.57435	16.532	C18	POS	-3.026289937	0.3535357261	-0.8059774055000001	0.6532360125000001	-1.6843771333	0.2157478286	0.4633210945	0.6819232068000001	-0.0763381896	0.4701851433	0.0405021267	1.1560759553	0.4437319395	1.1371329964	-0.2914850674	0.490753753	-0.6902823838000001	0.4686043338
P1514	758.60499	21.225	C18	POS	-0.6799281034	0.4431612831	-0.1580403683	0.0866270093	-0.3321715975	-0.2649593462	0.6923474075	1.0766946643	-3.4510180365	-0.6625035148	0.3964375998	1.2725745323	0.5605776343000001	0.3868128278	0.2470012361	-0.0564384939	0.2446585971	-0.4643368458
P1518	1351.37508	24.065	C18	POS	1.154858634	0.8372437368000001	0.4629156913	0.8095007573	-0.351307896	-0.2577861792	0.9596891009	-1.9181594736	-1.1740588724	-1.3716648425	0.7552903740000001	-1.5720358998	0.5420046186	-0.8783361534	0.859551347	0.8467961977	0.9960116391	-0.7005127801000001
P1519	579.53487	24.657	C18	POS	1.2224185172	1.1867302754	-1.0482350062	0.518044038	-0.2042780621	-1.7757858258	0.860936581	-0.9934404304	0.8204720614000001	0.5367206105	0.5629781721	-1.7642595723	-0.1089996237	-0.8654477719	-1.1846050521	0.4167890003	1.3693849045	0.4505771842
P1522	436.28256	10.141	C18	POS	-1.6651307037	0.1730369447	-1.8526064413	0.0849055572	-0.4589302839	1.4803398188	-0.4736792648	1.9800267692	0.918970593	0.3471982048	-0.6848324104	0.9986848731	0.6535419963	0.5266624248	0.3704250157	-0.9079765786	-0.7813159509000001	-0.7093205638000001
P1524	440.41029	12.538	C18	POS	-1.5261596865	-0.0006420044	-0.9046227123	-0.3867680689	1.0166001274	0.936005262	-0.7214271133	-0.1033134928	-0.0227930024	2.0561576339	-0.516196147	2.1400439848	-0.4362339836	-0.7197125307000001	-0.9095472194	-0.7305649637	-0.2077430616	1.0369169785
P1525	782.49754	15.283	C18	POS	-0.764180841	0.6832131669	0.17977013	0.7355536015	0.5694766725	1.3366672358	-0.8748145954000001	-1.3364830915	-1.1071003196	-1.2763819204	-1.3406113969	1.602376593	-0.672763654	-0.9703145124	0.4435550416	1.3307315865	0.9100018896	0.5513044136
P1526	1515.06379	17.304	C18	POS	1.3016887802	1.537278135	-0.327722541	0.5194092158	-0.7254640834	-1.3491771792	1.5537713168	-1.6059715154	0.0067568087	-0.9854481215	1.3468029251	-1.037461593	-0.1396218484	-0.3388034325	-0.5286366250000001	-0.234433904	1.3366292349	-0.329595573
P1527	771.64743	22.181	C18	POS	0.6041753049	-2.0235269347	-0.4092968288	-1.0893883709	-0.277928363	-1.1646860661	-0.5842909303	-0.3388982522	0.1470447542	-0.9785950821	-0.1617863906	0.8437257928	1.0873979678	0.2312162895	2.4871381994	0.4999841651	0.1956797069	0.9320350379
P1528	606.30812	10.679	C18	POS	-2.3487401905	-0.5822763425	-1.7861576362	0.6704649332	-0.021046548	1.7562784488	-0.5538790542	1.8612490799	0.4826321798	-0.4421251996	0.1331128992	0.568749093	-0.4032006246	-0.4010831789	0.0481263561	-0.032787821	0.518144426	0.5325391793
P1530	1352.08041	18.517	C18	POS	-0.1516117743	0.2197294128	-0.0274899912	-0.001562089	-1.3447810688	0.6381183738	-0.9098395255	1.6961877977	1.6606293835	-1.3832261205	-1.9720898468	0.3249886129	0.8723557982	0.6975625757	0.5144435608	0.3445693307	0.209160573	-0.4240380163
P1531	605.4542	18.366	C18	POS	1.5583426157	-1.2873987512	-0.1002847579	-0.5860425087000001	0.9446238296	-1.9838824101	-0.3280372033	-0.0152380914	0.2588233627	-1.5585448501	0.6001488664	-0.5432451770000001	0.8824430584	-0.3300140437	-0.1756278998	1.3042507931	1.375813631	0.3852481889
P1532	921.78829	24.373	C18	POS	0.2926676447	-0.8240981429	0.6117783353	0.0858218602	2.987916247	-1.1073824012	-0.2672814255	-0.7394036780000001	-0.9669012263	0.0252436785	-0.3691821987	-0.144662828	0.7010092012	-1.0769562639	1.0749867198	0.6906072007	-1.2714394839	0.2972767612
P1533	519.44046	22.207	C18	POS	-0.0522423001	-2.3635881211	-0.2740474646	-1.2702617367	-0.203444022	-0.5966306504000001	-0.9793175378	0.5401942845000001	0.2517532822	1.0512039869	0.1174114673	1.4174225674	1.0271920582	0.787410083	1.7800554025	-0.2808028387	-0.9793995361	0.0270910751
P1534	129.13868	23.313	C18	POS	0.4748721547	0.6748657753	1.3519468202	0.464638436	-0.7576608044	0.492760113	1.6400194464	0.3387761276	0.6450060001	0.0777490046	-0.2959969452	-0.8768683696	-0.2398320776	-1.292192287	-0.0922689683	-1.9553009455	1.3436021169	-1.5013554842
P1535	105.11053	20.844	C18	POS	-0.8011013775	0.8074578286	-0.7349766845	-0.9086467367	-1.1606888442	-0.4354357615	1.6775968403	-1.2051183765	-1.8368033901	0.4657173518	-0.6721973330000001	1.5191417086	0.6097526712	-0.259165047	0.8988960612	0.1850862144	0.490982688	0.9240664252
P1536	797.58708	19.571	C18	POS	-2.4214679587	-1.7015366694	0.810292062	0.6485488504	0.4027941616	1.8704710437	0.0113535624	1.275512938	0.2653239704	0.4142014356	-0.4936536693	0.8882266423	-0.1978087084	-0.0689462395	-0.8311463710000001	-0.0195511902	0.0751739139	-0.9277877738
P1537	1374.06252	18.538	C18	POS	0.1098436143	1.4262599791	0.4480344055	0.268640588	-0.644708371	0.0694165609	-0.2521456941	-1.4866508845	-0.2290624276	-2.1736605504	-0.6436950330000001	-0.8573438877	0.1616405883	-0.169308685	0.9646493114	2.0911314834	0.5299979102	-0.4009662345
P1539	393.29881	10.869	C18	POS	0.9575398237	0.3307387865	0.7611147752	0.3422549197	0.542777511	-1.1636420531	2.1111961163	-0.5611947639	0.0804631827	-0.1002397505	0.7660988239000001	-2.9510793033	0.1014854895	-0.085430334	0.4559421284	-0.4508380041	0.0003085796	-0.179956104
P1540	624.44806	13.524	C18	POS	-1.9696753607	1.290388391	0.5255570298	0.6653074212	-0.8665246995	1.5592634523000002	-0.4628575507	0.5875780916000001	0.3033184341	0.3940059252	-1.2305503619	1.2364085368	-0.6859700771	0.3627396392	-1.8370588175	-0.6507954499	0.3693521532	0.4095132428
P1542	806.53406	15.422	C18	POS	-1.8842451581	-0.8962862088	-0.7418123505	-0.6568813809	0.9778541119	0.0050274622	-0.5246812493	0.9690376934	1.1734900278	-0.0278882525	-0.5379217928	0.2110026585	1.1766838682	2.3716744679	-1.0317822678	0.5702667342000001	0.6263774182	-0.6064257536000001
P1543	772.58362	20.704	C18	POS	-0.1193033172	-2.8779221083	0.5664641768	0.1593066125	1.2954446561	1.1868889157	0.0652890529	-0.4923436329	0.1836185676	-0.910257142	1.1199281868	0.5762060762	-1.6047191343	0.1123021006	-0.2621113731	-0.142478477	0.9212999664	0.2223868733
P1545	1294.22385	23.145	C18	POS	-0.35493715	1.3718705027	-0.4285537376	-0.2547336763	-1.4141183522	0.6768751171	1.2427902709	0.2517424566	0.4559492029	-1.0195074515	0.9531970928	1.0381269666	-1.1649603087	-0.3367139409	-1.73660345	1.269654924	-1.3225258176	0.7724473510000001
P1546	1628.08779	16.212	C18	POS	-0.9562420017	-1.1665774758	-0.0873224704	1.4321954504	0.3261521762	0.1288421722	-0.8655213147	-0.755103681	-1.0005430885	0.5757002867000001	-1.5508644015000002	2.017804907	-0.6353766813	0.4172053085	-0.0284878674	1.4505295791	1.2114835097	-0.5138744074
P1548	1202.33577	22.973	C18	POS	1.7109736235000002	0.3248198991	1.1487331767	0.264949305	0.8919765632000001	-1.5866146237	1.1587483932	-1.6640320299	-0.51757184	0.2535031497	0.3374617381	-1.9180016334	-0.0247403201	-1.1253488938	0.4395755254	0.3376497828	0.4599216199	-0.4920034359
P1549	718.58321	15.253	C18	POS	-0.5199979873	1.1420857638	-0.6136402991000001	1.4587634164	-1.4051849986	-1.823127696	0.8262572787	-0.2744802749	-0.2682846945	-0.2723590368	-0.1332610721	-0.0903249432	1.0590020767	0.7929536666	-1.8182862903	0.8182457504	-0.2568766056	1.3785159459
P1550	1592.1627	19.747	C18	POS	-0.1699471489	1.0607986833	-0.2202557561	-0.7674349366000001	-0.0776485907	-1.5383928562	0.8643032215	-0.3022495155	1.292346867	0.1161315341	0.2031924094	-0.664868841	1.1569684322	0.1565129581	1.4676956761	-2.4878273577	0.1572571328	-0.3242305024
P1551	645.54294	19.976	C18	POS	-0.3778586072	-0.7313048225000001	-0.5983767498	1.1656184746	1.4638510751	-1.0496018193	0.0085135578	-0.3919531565	0.8736343192	-1.2840388686	-0.8441473774	0.3137183255	-0.938437333	-0.5301509978	-0.9019419794	1.6250310205	0.1102533126	2.0871916262
P1552	821.74202	23.726	C18	POS	1.3504108384	-1.1985075027	0.3244686809	-0.1448472585	-2.6791712005	-0.3675704871	0.0372767958	-1.4543821923	0.4567182081	0.9622740279	0.3169233035	0.6203961782	0.264563539	-0.095415981	1.281388281	0.1050992137	1.0609109264	-0.8405353708000001
P1553	137.0459	0.504	C18	POS	0.1209200764	0.5217353216	0.7810635977	0.4883371968	0.9319597388	-1.7339143122	0.3171846534	-1.6537424778	0.2105623339	-2.0588817911	0.4068175121	-0.9807856877	0.7106703678	-0.3792163631	1.2967875959	0.9633724979	0.3759484281	-0.6980350518
P1554	146.98033	22.711	C18	POS	2.0159002097	0.1490988432	0.4993605118	-0.6813279685	-0.5837365627000001	-0.2557829066	0.282472507	-0.261169613	0.0137087209	-2.5559348417	-0.186724315	-1.804170348	0.6416587288000001	0.2199867004	1.2124018439	0.6954950602000001	0.6387013583000001	-0.0399379287
P1555	639.49836	17.621	C18	POS	0.9987667537	-0.1104637348	-0.4921233566	-0.3499555125	-1.4773241265	-1.7655744191	0.1272652584	-0.0379079911	0.4020538625	-1.0549818771	0.6587156472	-2.1502126609	1.2363013124	0.5515754692	1.1138625374	0.6709049898	0.6927223801	0.9863754676
P1557	731.54372	19.404	C18	POS	-2.4174896742	0.8785035910000001	0.0141880098	0.1319022189	1.0625270253	1.8509392874	-1.4710853226	0.4242586815	-0.0717909209	0.2942799922	-0.7640902194	-0.130631245	-1.1591913162	-0.175519372	-0.3175892069	0.3513271287	0.8803238885	0.6333254636
P1558	767.62881	19.203	C18	POS	0.8906123899	0.3678424101	0.107904208	0.2853314125	1.2476374041	0.3405143769	0.2183928148	-1.4953975247	-0.4957272669	2.2902893583	-0.7701251255	-0.1316066965	-1.2494517458	-1.6605850778	-0.6118325051	-0.5732678674	1.3716031302	-0.1321336952
P1560	580.43436	14.553	C18	POS	-2.0905829876	0.8355047539	-0.7371288149	0.8414757077	-1.4376437023	-0.7194741802	0.6206982524	0.5472166811	0.1753006843	0.2897861358	0.5943801211	0.4044480778	0.3186006702	1.4092429327	-1.7954620126	0.6799187092	-0.9690730071	1.0327919785
P1561	775.6035	22.982	C18	POS	1.2325763272	-0.1706665946	0.6261240409000001	-0.5600202689	0.5971640436	-0.2663273823	-1.5945996130000002	-0.0637365034	0.3143478675	0.0573637117	1.1514085538	-0.1907765243	1.7259691055	0.0507205734	0.0479905414	-2.6932551319	-0.170278617	-0.2646707244
P1562	615.6264	23.102	C18	POS	0.0886231757	1.6201720635	-0.5278669075	1.9681288879	0.3032165347	0.0259860856	0.092314608	-1.5978406937	0.4859791009	-0.3878352704	-1.6506439328	-0.1689032331	-0.4840900087	-0.6048535297000001	-1.0010050291	-0.574222381	1.1232534276	1.120683869
P1563	876.56928	20.69	C18	POS	1.3413218035	0.8878119481000001	1.1281845986	1.2203164753	1.3529821624	0.0565811186	-0.3087199811	-0.6625892365	-0.5392293488000001	-1.3524963143	-1.2766101163	-0.89751309	-1.3292312836	-0.8089175412	-0.6148206586	0.7311917571000001	1.5894400851	0.8352797839
P1564	929.5134	15.023	C18	POS	-1.1643436603	-1.1874656589	1.2838704695	0.5160495077	0.38821631	0.9390728584	-1.5503725467	0.915285761	0.5164092364	-0.4046855851	-1.1733680518	2.2152130963	-0.6570028243	0.1453324515	0.7529524122	-0.7223566115000001	0.0728546589	-0.8856618233
P1565	748.54885	16.521	C18	POS	-1.8428824721	-0.1666964821	-1.0724154705	-0.5282894020000001	-0.8669013176	0.7421188995	-0.9573690208	0.8418127118000001	0.5903651346000001	0.2840037302	-0.8835579950000001	2.132772256	0.7683338057	1.0772772571	1.2931259474	0.0081005205	-0.5878923283	-0.8319057742
P1566	1585.10561	17.995	C18	POS	0.3036350311	0.6539493831000001	-0.1600455455	0.4150195391	-1.7614473651	-0.0819266754	1.1425206625	0.9194971094	1.16005594	-0.6471500108	-0.0623958199	-0.4418687711	1.4076157335	0.6428708710000001	0.9855621617	-1.4698946417	-1.4199627357	-1.5860348661
P1569	1294.0678	17.477	C18	POS	0.0447343062	0.3760017331	0.5130393636	0.5203699013	0.7149407233	2.6018714498	-0.4202385725	-0.0963623182	-0.3639173009	-0.2259370698	-3.0123128235	0.1512961597	-0.5736244386	-0.3602162966	-0.0641309134	0.0947231317	0.2719187537	-0.1721557891
P1570	687.54323	15.462	C18	POS	-0.9945115346	0.4383293062	-0.7649653043	0.378589508	-2.2069442825	0.5279085386	-0.6917163097	0.9110860535	-0.4334675467	0.7513375019	0.1387198987	1.0335066255	-0.1817890607	1.52792534	-1.3660075925	0.4631550512	-1.5268529898	1.0011852628
P1571	158.15394	24.121	C18	POS	1.0660070134	-0.8957580865	1.5937458472	-0.3074226408	0.5729594066	-0.0850247477	-0.0480937348	0.4819866538	-1.5675487444	-0.9894636561	1.8288510783	-0.7536244528	1.2322742512	-0.8947252823	-0.643590655	-0.4178797196	1.0505147154	-1.2232072459
P1573	824.61427	21.755	C18	POS	-0.4970606779	-0.6819574652	-0.6271632487000001	1.1696641532	0.8014356044000001	1.8250914203	-0.9586679289	0.5924037866	-0.3398891382	-1.621464443	-0.6295750791	1.3241927881	0.3326273018	0.4398782358	-1.9708640945	0.0435517827	-0.2644542801	1.0622512827
P1574	1486.08317	17.877	C18	POS	-1.7779677390000002	-0.0455014468	0.2029859112	1.2477241574	0.615362119	1.4615167393	-1.5214865853	0.340411879	-0.2696488542	-0.9716695707	-1.8114650423	1.8464644852	-0.3787525135	0.1698711482	0.1732113235	0.4886909854	0.3579332145	-0.127680211
P1576	201.76889	17.851	C18	POS	-1.4092161089	1.3965796186	0.2677549292	0.2975778854	-1.4479524622	0.7822040858	0.1511832552	0.5576747686	0.4161858943	-0.0671376564	-1.3364049252	-0.1286834612	0.5849114830000001	2.2913300507	0.2670037749	-1.6460862603000002	-0.6119741343	-0.3649507372
P1577	493.42501	16.479	C18	POS	-1.0766868555	-1.2559492385	-1.0889349056	-0.3097686875	-1.4924721201	0.0260332677	-1.5004963706	0.727172086	0.8064154536	-0.2773714138	-0.8181706946	0.9403723335	1.4673443437	1.0383328703	1.7427530985000002	0.4206264542	0.1928909729	0.4579094057
P1578	859.7619	23.385	C18	POS	-0.3667423663	-1.8575218417	-0.0714204366	-1.7403029546000002	1.379664834	-1.4202064192	-0.8154679997000001	0.903074779	0.425512056	1.3331526808	0.8259521346	0.3064013262	0.5588978761	0.6905468723	0.5606346999999999	-0.2693549477	-0.7712601077	0.8873376906
P1582	115.05048	18.996	C18	POS	0.4373108973	1.7973071048	0.3320099148	-0.6438512590000001	-0.6078107792	-1.8392635374	-0.2334629863	-0.513334829	-0.2101430278	1.1009104281	1.4724438954	-1.4125618274	-0.4970300658	-0.7202863332	1.7950357696	-0.411953165	0.5212264676	-0.3665466675
P1583	911.80423	25.491	C18	POS	2.235662148	0.2689677719	0.445309166	0.0339817229	0.970360431	-0.4567872029	-0.9425025867	-1.1377399613	-0.2570347421	-0.4843901464	-0.4257842032	-0.9549912036	-0.7148591854	-0.5786307072	-0.3416884199	-0.1259365648	2.6443812983	-0.1783176144
P1584	537.16588	19.381	C18	POS	1.2136733483	0.0929482829	-0.207474158	0.4070031553	0.2291242453	-1.4322312049	0.6534545556	-0.1531393134	0.1365942217	1.74007206	0.2870881725	-1.9173939096	-1.1293985478	-1.5963099875	1.4470314172	-0.6449528386000001	0.7794633332	0.0944471677
P1588	847.29289	21.005	C18	POS	0.1772551499	-0.7708696238	0.2171048256	-0.471955793	0.251802559	-0.7352325744	-0.1765897016	-0.6200595042	-0.2580300566	0.5390494697	-0.6130297945000001	-0.4143449968	-0.0995742475	-0.0356923967	3.8575900577	-0.4354826538	-0.1237791704	-0.2881615489
P1589	468.30885	10.738	C18	POS	-1.4860790516	-0.140894496	-0.9129036519	0.5843058099	-0.5745454763	1.3803965398	-1.3154196178	1.868922837	0.7355853005	0.6290743415000001	-1.5628042655	1.3548450329	0.3076057154	0.5945309443	0.3849184257	-0.4992877659	-0.9647297061	-0.3835209159
P1590	368.35253	12.366	C18	POS	-1.6086284055	0.9396965813	-0.1290298073	0.0046390948	0.2163772564	1.0568968699	0.2148228501	1.0771877166	0.0121475131	1.4970006635	-0.0111323663	0.3672920308	-1.0667334091	1.2420167336	0.05530896	-2.444170494	-0.9298976616	-0.4937941261
P1591	1112.97741	17.441	C18	POS	2.1800641528	-1.3041531557	-0.1231356831	-0.1291324618	-1.0867133296	-1.2847524606	-0.0497428997	-0.4210997999	0.0338433255	-0.8500390155	1.9134077416	-1.5101223835000002	0.4199789079	0.1573267741	1.1670839854	0.2448960314	0.3865711183	0.2557191523
P1592	883.5314	15.247	C18	POS	0.7608897684	-1.0819123645	0.0858103866	0.6280016777	1.9749207424	-0.9859135056	-1.0487260329	1.5768175762	-0.6395241734	0.5163781258	-1.1998263988	-1.1024126689	-1.1507241334	-0.370040836	0.0307274262	0.004390075	1.5461736178	0.4549707173
P1594	1624.08245	16.711	C18	POS	-1.3982558089	0.9224761472	-0.6928678355	0.2070924934	-0.2810048431	1.4653167527	-0.1854031838	0.4570183877	0.9695088702	0.5706526121000001	-0.472502595	-1.3550279591	-0.4920941649	-0.1928122687	-2.373527031	0.5395084959	1.1478306852	1.1640912456
P1595	793.50173	14.963	C18	POS	-1.5143262637	0.7093203853000001	-0.1888577324	-0.1910107896	-2.0076287599	0.9400298213	0.5468273884	1.3650641048	1.2361240619	0.6092577901	0.306099179	-0.0955398035	0.670588886	1.0784445771	-0.1531274636	-1.6388869733	-1.243804779	-0.4285736289
P1596	802.59421	17.549	C18	POS	-0.8608904594000001	0.365985502	0.6959046205	0.8798684901	1.0104484599	0.3949753448	-0.7675977464	-1.1863433305	-1.1920287018	-1.4957496893	-0.7448800209	-0.7893451659	-0.1434204874	-0.8351993387000001	0.1073387478	1.7656034736	1.1709604191	1.6243698823
P1598	1072.73196	10.793	C18	POS	-1.1101595796	-0.7844461371	-1.2148635251	0.2818684929	0.7674240517	1.5717973296	-1.2735295718	1.3413091466	0.5216209878	0.93081052	-1.2422313715	0.5157170319000001	-1.4700837076	0.0155617595	-1.1201835706	0.6451833858	0.7191205412	0.9050842162
P1601	142.02653	13.081	C18	POS	-1.2805320611	0.7372208199	-0.4601399924	-0.1799347861	-0.6775261001	-0.4153578997	1.1053014572	2.0308264679	0.7560316147	-0.4224146508	-0.5190100516	1.1185518973	1.2308157011	0.8948150915	-0.2618545105	-1.1541816701	-1.7395385023	-0.7630728250000001
P1602	244.19138	4.962	C18	POS	1.8777218594	-0.5086417489	-0.2816980055	-1.3408108331	0.3560088525	-0.2333413727	-0.3880079336	-0.7286809993000001	-0.1472579555	0.6100018796000001	-0.4238222647	-1.5527819451	1.3537897091	0.3606298305	1.9131120486	1.0319429573	-0.9793965228	-0.918767556
P1606	1488.09922	17.982	C18	POS	-0.57041346	0.5354176687000001	1.1557311267	0.5795037673	0.8358490025	0.5144627263	0.0625417527	-0.7659278393000001	-1.1175201924	-1.7670648043	-0.2527703029	1.1785521233	-0.2421848272	-2.2338505548	-0.5761203635000001	1.1100692023	1.2859582004	0.2677667742
P1607	874.5452	14.575	C18	POS	-1.3966260362	-0.131303098	-0.489078378	-0.2029149481	0.2215724989	1.3113568738	-2.0509605054	0.8508137056	-0.2635501761	-0.2745720829	-1.5669805655	2.0462370597	0.625845965	1.2513849644	0.2308343721	-0.0279634845	0.2827242149	-0.4168203796
P1608	337.27436	9.536	C18	POS	-1.3021360062	-0.5774275025	-0.483235669	0.5803310824	-0.2387355139	2.030829773	-1.2383168256	1.7683533336	0.4232154787	-0.0754424473	-1.187971057	1.5824028766	-0.2098033029	0.3851068585	0.7154723254	-0.8820148238000001	-0.9134919881	-0.3771365919
P1610	827.6353	23.749	C18	POS	0.107533155	0.1518238081	0.6929794119	-1.8335519558	1.2658818757	1.1960564801	1.3343190086	-0.2757950064	-0.1978006802	0.7577167257	-1.3504720527	0.0710959945	-0.5249632523000001	0.3347192285	-0.1293482347	-1.7811825558	-0.4745795543	1.2191987814
P1611	798.09201	20.7	C18	POS	0.5581719787	0.906846736	0.8076880115	0.9848257355	1.4417287607	1.2892585188	-1.8726868117	-0.4564859606	-1.4285630753	-1.7315505103	-0.8311872918000001	0.0910283802	-0.6412240736	0.1541457538	-0.7932375689000001	0.0293238014	0.8084256619	-0.1476953382
P1612	1610.11726	17.676	C18	POS	-2.0435334461	1.8880118371	0.0161655575	0.6968002021	0.7934466971	-0.4294822528	-0.9052848119	-0.2379582027	0.0356946192	0.8109127728000001	-2.4830682211	-0.1881962674	0.3821546153	0.9460993158	0.2217602375	0.2236339855	0.2880071567	-0.0151637946
P1614	808.70215	21.761	C18	POS	-0.1180827176	-1.8297393707	-0.0722231544	-1.5212899805	-0.4412305408	-1.2426988226	-0.5522562159000001	0.049056581	1.1283854328	1.4644341002	0.8680033672	-0.3336201135	1.2860484913	0.5580141736	1.086763624	-0.7373747613	-0.6222918217	0.9578785745
P1619	452.27776	9.248	C18	POS	-0.9752011285	-0.6168821069	-0.7390274336	0.6325924859000001	0.5530998748	1.436409555	-1.8025890589	1.3311079161	0.0566373392	-0.1072248822	-1.5532840783	1.8452742242	0.4082011678	0.5754259051	0.8042985867	-0.2375458035	-0.8128690597	-0.7984235031
P1622	780.55242	20.594	C18	POS	0.2411471749	-1.2370016241	0.2652626524	-1.1059639963	-0.5090005572	-0.2592047715	-0.6322801171	0.8753432558	0.3430997242	0.411031278	0.0567852953	0.6607480406	-2.1321603647	1.2281131196	2.3440244648	0.5060320158	0.2783073768	-0.6735349267
P1624	96.08098	11.614	C18	POS	0.9482063598	0.6607244166	0.6198134391	0.488101955	0.7794782299	-0.0987587521	0.8402715785	-0.5151686904	-0.0217663843	-0.1549548304	0.780138231	-0.8307926732	0.3269443935	-0.2746846519	-3.3526075282	0.1858378387	0.4576915687	0.2390305078
P1625	781.13286	18.074	C18	POS	0.0872636249	0.5023490752	0.8555799676	-0.7911169769	-1.3308533094	-1.0366554846	-0.3647823535	1.600397097	0.3687070446	-1.6136749943000002	1.3667462207	-0.8890840703	-1.1077552017	-0.4728638984	1.8185728698	0.1048666701	0.8169560508	0.0853476682
P1626	783.06763	19.614	C18	POS	0.7640911074000001	-0.5572368155	1.2169716391	-0.1495282925	0.6875080585000001	-0.6935404929	0.3613053047	-1.3738563707	0.0948306981	-0.7775713013000001	0.7629288823	-2.3625953407	-0.823960421	-1.0536882313	1.1340186848	0.5507870633	0.7484240336	0.6867421236
P1627	721.59349	24.392	C18	POS	-0.1530085167	-0.0155940265	0.4174857741	-0.5494305803	0.4473851094	-1.2486371376	1.0152591565	0.4135009915	0.8301885978	1.7670301159	0.3081422422	-1.0552306208	0.9055323003	-0.1819966227	0.292386301	-0.5402319214	1.0776780708	-2.4528855263
P1628	822.63698	22.875	C18	POS	0.7740265642	-0.1197129829	0.7142886674000001	-1.2950671636	-0.0393482108	-1.3318014362	0.8449055018	-0.9349786044	0.8486369952	0.7307613946	1.036774325	-0.2892581208	1.067337745	0.6583835365	0.8395762102000001	-1.7039409665	-1.8005834544	-0.079219264
P1629	846.54019	18.328	C18	POS	-0.7970344136	-0.3648619408	0.788749174	0.4723245098	1.7891726042	-1.3023120122	0.936831379	-0.3715913078	-0.53821865	1.1029944844	1.1342813176	-2.0217503311	-0.6162478216	-0.5441944845000001	-0.1303841929	-0.3922210475	1.5184150238	-0.6639522909000001
P1630	200.23719	8.083	C18	POS	-0.1556499694	0.3697565937	-0.2963003257	-0.1635791735	0.7297111545	-0.6354788839000001	3.1718066058	-0.7223253904	-0.4266743824	-0.7832680842	1.655665503	0.6387766315	-0.6492127772	-0.9933986324	-0.4059841306	-0.6295441047	-0.2042182341	-0.5000823999999999
P1631	1276.35486	23.472	C18	POS	1.2017746829	-0.9114046779	1.0200498376	0.7629435023000001	1.2606043025	-1.3400819497	0.7485319672	-1.5891877986	0.0341354237	-0.8923590528	0.9387339668	-1.6832839208	0.1132123404	-1.382411016	-0.0785934331	0.3629595608	0.5965931896000001	0.8377830752000001
P1632	339.28962	11.695	C18	POS	-0.2910500378	-2.1849343766	-0.9250278921	0.5691992189	-0.497178442	0.3697595791	-0.6090581849000001	1.1641854414	0.3715446988	-1.7185970845	0.2896118927	1.1971242011	0.6177312208	-0.070058465	1.1663798647	0.8148632996	0.6609359635000001	-1.2164809357
P1633	1620.42024	22.335	C18	POS	-0.1725484487	-0.7244738941000001	-0.3697037509	-0.7890525641	-0.7359137664000001	-1.1279942916	-1.603429668	1.1164772741	-0.2563748266	0.3762006	-0.5658096137	1.6825905004	0.4886081311	1.114108819	2.2315793004	-0.7349265895	-0.3869615933	-0.2668495122
P1635	809.08319	20.722	C18	POS	0.5731687596	0.6551973194	1.0173548838	0.5604477645	0.9205531438	0.9890770632	-2.4173834986	-0.3887259294	-0.7234878352	-0.6350773402000001	-2.2769839728	0.104436038	-0.3156593879	0.3783328734	-0.0438947939	0.8247214353000001	0.9901135416	-0.2121900647
P1636	1611.1219	17.708	C18	POS	-2.423594708	0.8725407078	1.3850614577	0.3277096767	-0.6415358585000001	0.5337189172	-0.6028388457	0.5222118858	-0.3201100501	0.7531350177	-1.9845906637	0.6938094483	-0.4596490858	1.3616139844	-0.7832046142	0.1430254606	0.4205786482	0.2021186215
P1637	646.40832	12.262	C18	POS	-0.5824574848	-1.2902084543	-1.2647396785	-1.1340615111	-0.6249294009	0.4021039097	-0.3723476188	1.7184681109	1.2913305781	1.1307989447	-0.4690641395	-0.5404489294	-0.949215361	1.3437534852	-0.965416971	1.0014473867	-0.110285157	0.8328148061
P1638	490.42541	15.68	C18	POS	-2.3466873287	1.4983056559	-0.0403554905	0.2499289326	-1.8548022642	0.6879608318	-0.0155146387	1.2400036206	0.8816226775	0.068299701	-0.393983045	-0.8790891803	1.162102922	0.5868695786	-0.0425472989	-1.0628684129	-0.1544702476	0.4152239868
P1641	273.16817	19.712	C18	POS	-0.0683628315	-1.0423843688	0.6173529825	-0.1204387003	1.3992416459	-0.3066445865	0.803614259	-1.9558419096	0.7838514564	-0.434963466	1.195900836	-1.4750464384	-0.8734406056	-0.8069177331	1.199943709	0.9877128545	-0.6306003741	0.6065845704
P1644	800.61594	24.34	C18	POS	1.4186770413	-1.0264148438	2.2433193851	0.7162150057000001	-0.3428698613	0.16339975	-0.99545867	-1.0304630717	-1.225040745	-0.2902435466	-0.3641531203	-0.0272131749	0.4258225808	-1.4159649075	1.5792147523	0.6783342544000001	0.0658507713	-0.5730115998
P1646	229.14138	16.601	C18	POS	0.0412425281	-1.3426076275	1.1314002096	-1.8695537572	1.7917462122	-0.3815122906	-0.1054538026	-1.6787572134	0.270340239	-0.7535833853	1.068641846	-0.5542572012	0.1040363041	0.4263381642	0.3885882307	1.5652212288	0.3651949913	-0.4670246762
P1648	717.55351	15.332	C18	POS	-1.7540730455	0.8268110929	-0.4137764701	0.8204434733	-1.9716438016	0.0616663041	0.9628952712	-0.1796822202	-0.1204715771	0.2651772057	0.8446304259	0.8688698520000001	-0.0791713587	1.4079527639	-2.0717053308	0.241537696	-0.4071614817	0.6977012006000001
P1649	565.48239	17.638	C18	POS	0.8797310478	-0.5477449555	0.6750910915	0.0169875141	-1.1961065602	-1.093870028	-0.1012096014	-1.345942723	0.2086235334	-1.272797082	1.0107818914	-2.03687434	1.203261027	-0.0643105968	1.4388359677	0.6543641731000001	0.8187112223	0.7524684187
P1650	1604.19746	19.156	C18	POS	0.0758970676	0.5545805442	-0.6203468535000001	0.1840525303	-1.3076065344	2.127334271	0.0661066301	1.0449540032	1.1506717423	0.0177432506	-0.0387769663	0.4601747912	-0.9227685169	0.1607110546	-1.9705481727	-1.6485197967	-0.2578677152	0.9242086706
P1652	752.60729	19.882	C18	POS	0.9801973359	0.6004630261	0.7657277817	-0.1072942055	0.7508189733	-0.8175472441	1.7845165428	-0.5277245831	-0.45820863	-1.079821846	1.1666135687	-0.0305003949	-0.9180447592	-2.2535323248	-0.3375356962	-0.7266476591000001	1.1232130424	-0.9945147738
P1653	820.6057	17.463	C18	POS	-0.2275462407	2.1568903417	0.2726544968	0.3345374481	-0.6742058449	-1.0975487585	1.4384909774	-0.7752827520000001	-0.3733532139	-1.3763328314	1.3887686719	-0.8165463345	-1.3657591267	-0.6999529581	-0.8130217662	0.1670306574	0.2048268584	0.6267822746
P1655	666.61866	22.592	C18	POS	-1.6997091444	0.0387794141	-0.5577892432	-0.243761041	1.8109825334	-0.5517318703	0.9115872518	0.3807335461	0.4649852153	0.8587523473	0.9995412015	1.6703025289	-0.1562179955	-0.3043800733	-1.9679712303	0.0362914611	-0.9353777438	-0.7550171576
P1657	666.43503	12.038	C18	POS	-0.7635830846	-0.3364967003	-0.7200393318	0.7095828209	0.2565007568	2.7961190324	0.0077553841	-1.4488322301	-0.6924855109	-0.354078966	-0.4682564862	-0.4381915799	-0.4559721441	0.9046261967	0.0633045351	1.6591130641	-0.5106328744	-0.6766893678
P1658	806.49471	15.498	C18	POS	0.6857308996	0.534576711	0.0555801718	0.8177383573	0.3019359274	-0.402398448	0.0091897711	-1.0228958462	-0.8882535973000001	0.4455247136	-0.189779803	-1.3888910107	-1.1948456919	-2.0488290836	-0.1737270092	1.3398735756	1.6036521225	1.5158182402
P1659	559.43305	16.731	C18	POS	-0.0232281701	-0.5512354101	0.0016876532	-0.5094747039	-1.1190047264	-1.1827869599	-1.2177126637	0.4835184357	0.0385554336	-1.0408283623	0.0121345187	0.1779636585	1.0053209892	1.3671556384	2.8440316087	-0.4664092073	-0.2062423314	-0.1646808109
P1660	927.77848	25.492	C18	POS	0.7366128765000001	0.2251845852	0.3120015339	1.5348496265	0.8098222708	-1.6911431847	-0.7519639741	-0.8784076695	-0.1902383428	-1.2817564258	-0.6244144521	-0.8416020184	0.7962514291	-0.1044488274	-0.2676615211	-0.084385592	2.5563170586	-0.2550173727
P1661	1129.31755	22.447	C18	POS	2.0501910863	-0.3334888147	1.1905326827	0.4867281415	1.2672510707	-1.2062215166	0.7849749300000001	-1.0354301293	-0.5874154906	-0.5654953112000001	0.4060177413	-1.7798957303	0.0964058992	-1.2558370721	0.4934707586	-0.7125310124	0.9424678847	-0.2417251178
P1662	1548.19215	21.216	C18	POS	-0.8683819079	-0.59664365	-0.132269742	0.2786300602	1.9073800315	1.5153944186	-0.4753791094	0.4980176434	-0.6843447518	-0.6365012361	-0.1557093296	0.6487946794	-1.5796014661000002	-0.9558270176	-1.6229339478	1.3215753331	0.987983977	0.549816015
P1663	603.53456	18.43	C18	POS	0.2033918434	0.7954425415	2.2329060695	1.1133695591	1.2807537476	-0.050581753	-0.1176199598	0.111091292	-0.7632833903	-2.0051135324	-1.2610909877	-0.8459020703000001	-0.8668286743	-0.9879950645	-0.2760927824	0.5420175918	0.5570064011	0.3385291688
P1665	864.76433	22.954	C18	POS	0.6632392854	-1.0686173596	-1.2674041383	-1.1117057423	0.923003443	-2.7238888865	0.2825175293	0.1257005318	1.4995780076	1.1521643769	-0.0619173455	-0.4499462657	0.5418664096	-0.2436132771	0.6078253797000001	0.6198831615	-0.0517084692	0.5630233595
P1666	779.52351	15.521	C18	POS	-1.6272935755	1.5524825869	-0.3879878474	-0.1144730944	-1.9067338118	0.8049819542000001	1.101641973	1.0215277981	0.556152775	0.4286471074	0.540639229	-0.6524177652	0.34556951	0.6482186209	-0.6267904375000001	-1.1832368292	-1.3836765911	0.8827483974
P1669	839.70988	23.071	C18	POS	0.7650654867000001	-1.068872119	1.8832459207	1.2573821159	-0.0666463875	-1.1972677574	-0.8114554491	-0.8926860791000001	-1.0094451081	-0.2920881072	-0.4377061955	-1.1292076635	-0.0596740834	-0.5823932819000001	0.3136678723	1.4782082014	0.1054590078	1.7444136268
P1670	1373.05899	18.533	C18	POS	-0.0992200135	0.4270167461	0.8343725226	1.0375607687	-0.8357835128000001	-2.3257091012	0.3947723385	-1.0250435108	-0.0492231994	-1.0482356952	-1.2805619397	-0.4123784692	0.5909502033	-0.1396765131	1.5752827267	0.8921323311	1.1506603411	-0.0992944926
P1672	575.50317	24.043	C18	POS	1.5829914266	-1.3974490388	0.3932083066	-2.7553698378	0.6756727647	0.2566581762	0.2788406698	-0.1657824428	0.6411145131	0.6541900725	0.1217922494	-0.5354241599	0.5742122985	-0.8622830557000001	1.5135834305	-0.6388644188	-0.4826323941	0.1455414402
P1673	748.58431	21.937	C18	POS	-1.4958167252	-1.023356195	-0.1851235375	1.1138619533	-1.4122114673	2.0012923319	-0.5765228049000001	-0.1917406759	-1.058019251	-0.0736784822	-0.4864256263	1.7274419753	-0.2173338532	-0.5848368612	0.1666301352	-0.07832966	0.7998157583000001	0.9978301809
P1674	820.58209	20.009	C18	POS	0.0287756965	0.5685726888	0.9135940989	0.3235668417	1.7302810667	0.5536603686	-1.4719516693	-0.4886250834	-1.3533794499	-0.9789068385	-2.3898075117	0.1392648747	0.8709754953000001	0.0125527675	0.6456738011	1.1324197357	-0.0082447808	-0.2284221018
P1675	1556.10063	17.773	C18	POS	-1.8757106521	0.5899145798000001	0.7734935489	-0.6002735029	0.5533688631	-0.1377594946	-0.8318718863000001	-1.0898374209	0.6524836692	-0.5015366691	-1.9328092835	0.7170790966	0.1513422844	1.4564874939	0.7534378158	1.5716784389	0.6402368181	-0.1362858833
P1677	1557.10726	17.785	C18	POS	-1.345606465	1.1020009385	0.546827257	-1.0212511576	0.081857856	-0.1213783096	-0.627023243	-0.4448847097	1.4521191450000002	-1.0405400562	-2.1270428084	0.9536978021	-0.1866326806	1.2655213535	0.8436692726	0.5724991563	0.6446963629	0.1737612494
P1678	1495.05538	17.21	C18	POS	-0.9254738442	-0.3991971183	-0.69357709	0.2223122352	0.3355075111	0.6519860307	-2.4470788206	0.8279532167	1.2479930303	1.1998381877	-1.8479917283	0.9264521022	-0.1344351097	0.3315250886	1.0712686552	-0.4416010686	0.3642343779	-0.288737398
P1679	1609.1972	20.076	C18	POS	-1.3088872626	-1.7082055038	0.8216217008000001	0.6136368479000001	0.9377761391	0.8861781891	-0.6447179082000001	0.0385918961	-0.2380145616	0.3436775722	-2.5177608638	1.34604814	-0.1406230257	0.4257432321	0.3783376482	-0.7354123482	0.6194367269000001	0.2378554735
P1680	839.63542	24.076	C18	POS	0.3055231197	-1.1954808323	-0.7328782347	0.7602187941	0.3318977552	0.3865949793	-1.5843947042000002	-1.7285004682	1.1591990679	1.5617041695	0.6412347968000001	0.5213226352	-0.2231971844	-1.1588537731	-0.0742839632	0.8369716445000001	0.5278556355	-1.1420956355
P1681	1518.05528	17.112	C18	POS	-2.2073126977	-0.6348309830000001	-0.0174525771	0.2280475665	-0.494225039	0.7120591736	-0.9913719019	0.6274241797	-0.1279209896	0.6264679635	-1.3412659196	2.7156883466	0.139378143	0.4803954697	0.7829025862000001	-0.1571846459	-0.0810147162	-0.2597839589
P1682	1326.27998	23.156	C18	POS	0.171251723	-0.0925984901	-0.5935357928	1.4891965542	2.7949212521	-0.3351218758	-0.4653399026	-1.3037736687	-1.2058717998	0.6218165808	-0.8423151550000001	1.3119787176	-0.6664933496000001	-0.7610739594	0.2921135629	-0.1424400366	0.1024210878	-0.3751354477
P1683	663.45338	17.044	C18	POS	-1.76879067	1.3385685992	0.5654985156	1.7649087748	-0.1336592252	-0.3821238347	0.3438630412	-2.1892367367	1.0177453366	-0.5335061373000001	-0.2055019705	-1.4805233534	0.2041970129	0.3042134296	0.6622498348	-0.3063372046	0.521724725	0.2767098629
P1684	757.19855	18.478	C18	POS	0.3737304208	0.9858740449	0.261469046	1.0052793419	0.5417128054	0.6378068117	-0.4119525581	0.451170629	-2.5269632414	-0.6357741732000001	-0.1068122252	-1.6699831246	0.3799521471	-0.2771628538	1.3839401256	0.2043307153	0.7868347585000001	-1.1791219544
P1687	1652.08952	16.113	C18	POS	-0.6859905485000001	-0.854500809	-0.4294654526	0.0282199482	0.2575359152	0.4309172604	-0.8459806048	0.3145224549	-0.0353664377	0.2454719907	-1.0917359858	2.6532196033	0.1028373199	1.7147430026	0.4935510327	-0.6032455154	-0.7825255882000001	-1.5981981345
P1690	760.5153	15.64	C18	POS	0.4091338944	0.7833703286	0.5133340033	0.3284358044	-0.6242164769	0.7328260432	1.048337313	-0.758556898	-0.5938869747000001	-1.1284337654	-0.4927152778	0.2405539229	0.6711213035	-1.5261327828	-2.5346788406	0.7581934342000001	0.7873487782	1.3859661904
P1691	623.31767	10.315	C18	POS	-1.3582059657	0.497608471	-0.2616283436	-0.8519541295	0.2287341411	1.9290725439	-1.2858368223	1.7818096311	0.3558222927	-0.4059306119	-0.7480956582	0.6431775631000001	1.0442364091	0.9792347135	-0.5102674930000001	-1.5061529212	0.2476564992	-0.7792803193000001
P1692	510.39253	12.49	C18	POS	-1.583555045	0.5921415131000001	-0.617838689	1.0113478466	-1.5877639295	1.126346267	0.4976261187	0.6871649870000001	0.0746035551	0.8096688217	0.6828066957000001	0.8120295333	0.1583911791	0.9088199529	-2.036757465	-0.8036937783	-1.2397898736	0.50845231
P1693	411.36209	16.371	C18	POS	-0.5899022072	-0.0784263589	-1.4282476757	0.7119136761	-0.9528153239	0.1543011809	-0.9739841708	1.1458150063	1.2645692568	1.1311472781	-1.0453154458	-0.5828397012000001	-0.0152134681	0.8601265416	-1.4005127472	-0.3125197096	-0.8402960887	1.9993846334
P1694	195.76896	18.093	C18	POS	-0.2905032386	0.3959856685	-0.6603165408	-0.0928679806	-1.023947562	0.0957679688	1.3916421652	0.9515566544	0.5059503455000001	0.513676631	0.7860019069	-0.2519300451	-0.0132934086	1.2137303402	0.6400333908	-2.3018605779	-2.1210229068	-0.7625503732000001
P1695	805.06531	17.852	C18	POS	-0.8492914547	1.5406526743	-0.7554424476	1.0485722976	0.3530420336	-1.7343890429000002	-1.7170077809	1.123921992	0.8751534793	0.8124206603	-0.9092226269	0.3069610648	-0.8551362308	0.6053477439	-1.3517588066	0.1837852906	-0.0754241358	0.548523835
P1696	856.51325	15.124	C18	POS	-0.5229859798000001	-1.1243166143	1.4395236497	0.3871589129	-0.8335745252000001	-0.8474409742000001	1.5460225553	-1.5555294279	-0.6467553963	-0.5439492424	0.9342146758	0.332113687	-1.1307556748	0.2291256888	-1.0073671666	1.385208554	0.7188409610000001	1.2404663172
P1698	293.17942	10.991	C18	POS	-0.930258512	-0.335833699	-0.9065885266	0.3343852508	1.0679100742	1.0891687876	-2.1505234048	0.7142323473000001	0.7484805268	0.5035581309	-2.1169099494	0.4276238335	-0.7611422711	0.907562066	0.7279276402	1.055577607	-0.3121844125	-0.0629854887
P1699	189.76892	18.484	C18	POS	-0.2582943302	0.7539111961	0.1943320573	0.7451691846	0.0990149907	0.2219026434	-0.9595104006	0.6171778951	0.2812567579	-1.6885205144	-2.5619528569	0.5041734996	0.2834755451	1.3439545973	1.4335379185	-0.053309968	0.3160476019	-1.2723658173
P1700	757.55778	20.635	C18	POS	0.0339949982	0.6701402747	0.9977524953	-0.5065933235	1.0029272754	0.198790167	-0.996794681	-1.3402230297	-1.335182415	-1.5737399716	-1.6398182575	0.8995726301	-0.7417933921000001	0.9289600539	1.0169725183	1.0287100797	0.3044531001	1.0518714777
P1701	330.27973	9.641	C18	POS	-1.1992978613	-0.4917749651	-0.7539383929	0.012615083	-0.8014263584	2.0469245567	-0.8601642458000001	1.8983761549	0.7184837379	1.1185328488	-0.8984797825	1.1636105836	-0.5098566836	-0.1957684306	-0.3799435719	-1.0256307842	-0.6760399979	0.8337781095
P1704	836.54212	17.457	C18	POS	0.426447813	1.344394298	0.5701711879	0.4236206907	0.8739956508000001	-0.6154118471000001	0.7138644868	-1.5993487035	-0.7821314488000001	-0.941262471	1.1769297767	-1.9002402282	0.1255918261	-1.3843910324	0.2802804568	0.3611083714	-0.0046922358	1.3575212216
P1707	1594.40458	22.295	C18	POS	-0.1161213532	-0.6107315243	-0.7127795994	-1.2213552713	-0.8252614356	-0.2638266276	-1.0085283964	-0.0217034019	-0.3470126741	0.3792092545	-0.7672895501	1.8993282878	1.4212863464	0.4263748981	2.4489008725	-0.4329622889	-0.4701518704	-0.3881071903
P1709	480.2784	13.381	C18	POS	-1.5924563628	0.6037257822000001	0.5201469544	-0.2835919017	0.0426445395	0.9851005737	0.6507812569	1.086164572	-0.0030452484	0.187533044	-0.6558483092	-1.6089947690000002	1.0541950536	0.8666996044	1.1865300226	-1.6784813554	-1.7064611554	0.3453576987
P1711	453.168	7.215	C18	POS	0.1289072859	0.0641660867	0.4480457426	-0.2841331277	2.1441605474	1.1547329052	0.2143732553	-1.2960738587	-1.2192985349	-0.320025616	-0.9601359414	1.9542291307	-0.9394158579	-1.0418378871	-0.6820846656	-0.0439958431	1.0623832726	-0.3839968939
P1712	367.19468	11.48	C18	POS	-1.2760308758	-0.1825057031	-1.6957387865	-0.1235360655	0.6834632121	1.186629301	-1.4809891055	1.3328650077	0.3813816317	1.261413561	-1.4874884225	1.3555725341	0.1838660319	0.6082757362	0.2830529357	-0.2710568068	-1.0760755602	0.3169013745
P1713	511.30382	9.802	C18	POS	-0.752932366	0.7379590502000001	-1.0582353551	-0.4169511521	-1.9249297116	1.5131698732	1.0083911509	1.5659734527	0.8492510394	0.4652276015	0.6097831262	-0.2106995269	-0.0213670093	0.2377178718	-1.5732855410000002	-0.8842312082	-0.9245339251	0.7796926294000001
P1714	1621.1066	17.308	C18	POS	-1.0901441793	1.9809115201	-0.2114057351	1.9453618569	-0.4404793376	0.3709832468	-1.0780848886	0.0367388568	-0.1162154385	-0.0327980415	-1.3266283223	-0.337038446	0.0305979208	-0.4449635243	-1.5462114123	1.5937429617	-0.0695605697	0.7351935321
P1715	441.25272	11.647	C18	POS	-2.0015932124	-1.9345645287	-0.580637097	0.7197448857000001	-0.222436004	0.3796962656	-0.3709008333	0.9260936505	0.4281086845	-1.5356451946	0.4663707819	1.0185018737	0.8251310862	0.040727007	1.1236909672	0.9338639527	0.7779468516	-0.9940991366
P1716	573.48777	16.362	C18	POS	-0.4021209177	-0.4421351	-1.1929138465	-0.6234512295	1.1808016771	0.6714974252	-0.8059752409000001	-0.0750288754	-0.2811343065	-0.2187775874	-1.3002314806	2.0984829769	0.2585691399	0.837057437	1.5113095305000002	0.4994700041	0.2232940452	-1.9387136515
P1717	1608.19334	19.994	C18	POS	-2.1304276474	-0.9338382968	1.5488045024	0.8652698435	0.948359312	1.1211535592	-0.8835567912000001	0.368191543	-0.9632720083	0.011109826	-0.9053943464	1.3080774837	-1.3742475356	0.5532766955	0.2414864697	0.0619149939	0.6473139638000001	-0.4842215672
P1718	700.52753	17.633	C18	POS	0.7526759226	0.7751714391000001	0.7418989745	0.2634371118	0.6036982538	-1.9634015358	1.0946365455	-2.3469220902	0.3989568761	-1.234768174	-0.2297637653	-1.3405444429	0.6095836782	0.2430456753	0.3660303892	0.6218696134	0.8673808591000001	-0.2229853305
P1720	388.34197	17.357	C18	POS	0.7971179570000001	0.0579668877	-0.187819535	1.1705687768	0.4441770518	-1.5665383106	1.3964252731	-1.2055165369	0.6828082272	-1.0399095167	1.1971144933	-0.3897724768	-0.8554934495000001	-1.6999874712	0.2944038697	-0.5027871337	1.1827481329	1.021611718
P1724	740.64022	20.479	C18	POS	1.2114752928	-0.1103450385	1.3511181968	-1.4554434419	-0.6376154311000001	-1.8264067286	1.091417624	-0.2313770328	-0.3913284682	1.2689115327	1.165207525	-1.5289411549	0.4046313151	-0.22315351	0.6382304066000001	0.3319064529	0.1187831483	-1.177070688
P1727	781.59252	19.329	C18	POS	1.3290339401	0.4267477364	0.6737777457	0.1150248964	1.025973614	-1.4669417172	0.7683051387000001	-1.7011856245	0.5954392471000001	-0.025835915	-1.1319680302	-1.3811264042	1.42877472	0.6661260174	0.9412871122	-0.3268950932	-0.1301541523	-1.1402572139
P1728	1574.19407	18.733	C18	POS	-0.5962054596	0.7517109969	-0.3832851138	-0.6443412455	1.1519027622	0.2139725377	0.8929690514	0.4636739492	0.4720927319	1.8782121449	-1.0484015793	0.9027747901	0.1876743648	0.2452176683	0.2157811521	-2.3516581067	-1.0550938873	-1.2969967574
P1729	388.3418	23.936	C18	POS	0.6238357132	-2.0720823361	0.5128477816	0.0984396996	-1.6831058298	0.0834137175	0.9296863228	0.2957914588	0.3044344998	-1.6804257233	0.5913470362000001	-0.20812385	-0.2907330053	-0.5170448848	1.8829932778	1.0327168817	0.4733972798	0.1354597422
P1730	419.31556	19.373	C18	POS	0.1740538706	1.5314453393	0.7944993069	-0.7272034356	-0.3225819154	-1.4659094743	0.3130671781	-0.9189236994	0.465260036	-0.4938845831	1.4490909404	-1.3104236348	1.5343165914	-1.4166390495	0.9721803164	0.0787095749	0.5268355234000001	-1.1838928851
P1731	664.49094	16.667	C18	POS	-0.3031436028	-0.3302860262	-0.2738574871	0.1891761188	1.3036600586	2.047922956	-0.3660007814	-0.9875374004	-0.2864251318	-0.1097833975	-2.1159632174	0.2198857329	-0.053888929	-1.4523468766	-0.6850349889	0.893946482	1.2493147333	1.0603617575
P1734	1555.18824	19.222	C18	POS	0.2979982067	0.3276469784	-0.034533584	0.3131292228	-2.7766754441	1.7163698685000002	0.8894265123	0.5619076729	0.3333495702	-0.0401363139	1.2747878584	-0.1830136807	0.3631510795	-0.2585022271	-1.4456663746	-1.366880625	-0.0674851334	0.0951264131
P1735	888.80232	24.694	C18	POS	0.2843572852	-0.6801410119	-0.0665681674	1.8506705012	0.4001256306	-1.3028982032	-0.7012871866	0.5534440799	0.0564754816	0.8512758739	-0.4255478299	-1.7098923324	-0.0898482986	-0.1055671433	2.4597258165	0.2779851411	-0.7101853761	-0.9421242605
P1736	224.10011	3.168	C18	POS	1.8674319218	0.0897294707	0.7315656972	-0.1492456472	0.7933826547	-1.1929483164	0.5339746776000001	-0.6351432879000001	0.6621099513	-2.6159974366	0.8099494228	-0.471753407	0.2924146131	0.5386272642000001	-1.1689275716	0.182341343	-0.2188496549	0.2729675529
P1737	1602.18396	19.145	C18	POS	-0.4404451032	0.9472752744	-1.3170629657	1.5621820623	-0.8146808283	0.4215632643	0.0890748097	0.8906790178	1.9241823609	0.4376827125	-0.4086356661	0.2075729594	-0.6205561254	0.6761921408	-1.1782046855	-1.889385288	-0.6865344159	-0.6155803521000001
P1738	184.07327	23.483	C18	POS	-0.7078922857000001	0.6158117390000001	-0.1443668865	1.1792490894	0.6041595637	0.8729557137	0.1996970381	0.0428364692	-1.0253908048	-2.5827469683	-0.6149427167	0.2952542065	-0.9290281675	-0.1236663788	-0.8231856188000001	0.5630193279	0.5290466805	2.049189999
P1739	359.25827	15.269	C18	POS	-2.5998814644	0.8945900204	-0.6816291433	-0.0952863607	-1.8629210719	0.7050675195	0.5959242333	0.9071647257	1.0661777618	0.54601417	0.3384918866	0.1727642255	0.6133644205000001	1.0314483304	-1.2257780194	-0.2336124726	-0.4248337244	0.252934963
P1740	1491.06126	17.415	C18	POS	1.3791215088	0.7726919743	0.0968708531	0.0493862655	-0.6050819660000001	-1.7619309585	1.6605130593	-1.6614865064000002	0.388592035	-1.2603792324	0.4610410903	-0.9480589086	0.0965911587	0.1374780718	-0.5930967341	0.3142914708	1.4734568182	0.6529732354000001
P1741	841.49992	15.128	C18	POS	-1.1935101556	0.8132653074	-0.6130499180000001	-1.1809286863	-1.0058348678	0.3846921722	1.0938317877	1.2271144992	1.1441755066	0.7970262518	0.5338291571	-1.1143917758	0.9892425977	1.0812315386	-0.2634997305	-1.3914374609	-1.2109445297	-1.0966465616
P1742	1128.31684	22.447	C18	POS	1.7035477166000002	-0.0250097634	1.3085363293	0.1093184276	1.2540033066	-1.0351672584	0.8670448894	-1.5767778933	-0.4237295568	-0.7561779457000001	0.6195813778	-1.7532499634	0.1984952551	-1.3373728661	0.2813164712	-0.3094601141	1.1069162137	-0.2318146261
P1743	1628.48128	23.285	C18	POS	0.8510232022	-0.8048860825	-0.5316149585000001	1.2078866044	-1.7578916009	-1.6281109768	-0.3216942832	-0.1952214015	1.6327304796000002	0.8920905725	0.0368030694	-1.0320576978	1.3053885248	-1.1202281349	-0.3145263942	0.1440097984	0.9888847692	0.6474145099
P1744	192.13842	16.726	C18	POS	-0.8430566580000001	-0.835067121	-0.1751399287	0.4861289271	-1.4395581292	-0.2141655585	-0.3355928216	-1.2356046885	1.8606238195	-0.9466954331	0.052913249	0.0752257857	-0.411845741	-0.1292157436	2.2443748822	0.2347868941	1.7067843191	-0.0948960534
P1745	517.33144	6.705	C18	POS	-0.2234087942	1.5119930035	-0.0641152316	-0.2075297959	0.2670385933	-0.2812660427	0.6747324204	-2.1482613357	1.011987586	-0.3429047818	1.3345360186	-1.4313565812	0.8773894627000001	0.1075594043	0.8050969725	-0.6297297028000001	-1.0346377924	-0.8512942275000001
P1746	769.49899	15.565	C18	POS	0.216237735	1.1144729543	0.2411347874	0.9144229771	-0.7994034629000001	-0.0555960366	0.8837888013	-0.2245946865	0.3611517893	-0.2698248673	0.6316618557	-2.9815921168	-0.5027046594	-0.5133752026	-1.2030612065	0.215569522	0.3160898859	1.6556219302
P1747	759.57273	23.404	C18	POS	0.5304591568	0.0465719851	0.2437067701	0.4148236544	-0.9878717103	0.231442644	0.1124791541	-0.0624187678	-0.2228256874	0.0175825028	-1.5921384489	0.451326659	1.2037992678	1.8525652296	-0.2187699728	-2.8670307193	0.6909560983	0.1553421845
P1749	606.47726	13.797	C18	POS	-2.0925945508	0.735519381	0.1060447576	-0.0093209807	-0.5516127522000001	0.2910064578	1.0813307307	1.2993214475	0.6719822296	-0.9604277994	-0.5677293238000001	0.8403125159	1.0846203561	0.7586485154	-0.124561979	-0.1067644502	-2.3736516985	-0.082122857
P1752	747.57273	20.046	C18	POS	-1.7995584006	-0.9987936877	1.7052461111	1.7614993229	0.4064286612	0.9930424862	-1.4377779813	-0.7219025205	-0.8904759591	0.0017289132	-0.4915644257	0.4725545628	0.5361877141	0.2266936986	-1.2428382796	0.746871103	0.5179064402	0.2147522412
P1754	215.12563	16.88	C18	POS	-0.4492218526	-0.2602977569	1.0342466503	1.486106657	1.4529168044	-0.5734374337	1.7907784688	-1.6531338450000002	-0.6663156345	-1.4499123956	-0.5222437335	-0.6770387641000001	-0.2387815751	1.2099457455	0.0637151942	-0.5813754032	0.6995800867	-0.6655312126
P1755	506.36005	11.867	C18	POS	-0.0415627706	0.5976755332	-1.715776998	0.5494552625	-2.0524094456	0.7639234764	-0.3354134672	1.1601111829	1.0909047049	0.3103683923	-0.6153293134000001	-0.3056720813	0.0981303744	0.8507897682000001	-2.1093050277	0.5209315426	0.3266769378	0.9065019287
P1757	736.63475	16.893	C18	POS	0.4976842163	1.1057258927	0.4096276694	-0.2460598903	0.3999993088	0.7196544145	-0.1615573301	-0.764496367	-0.1357235909	1.9642971989	-0.6042166048000001	0.4597524558	-1.0153394796	-2.209302514	-0.8338490953000001	-0.7461853299	1.7467705444	-0.5867814988
P1758	846.56386	16.554	C18	POS	0.5565943283	-1.7627167599	-0.1132152967	-0.5814271512	0.0146743781	-1.6796690347	0.0908500705	-0.3646870245	0.936828443	0.2414531627	0.7550654296	-0.3121651359	-1.3343781137	1.2522831808	-0.4337835123	1.604784789	1.6921482111	-0.0060456359
P1760	613.61071	23.508	C18	POS	-0.2759469611	1.3214593192	-0.3799569409	1.5652366509	-0.8301755839	0.007545662	-0.8092488205	-0.3081637593	1.0575850784	-1.1645887232	-0.7320486087	0.196218874	-0.796237961	-0.0895988577	-0.5213623502	-0.8194154749	-0.1571797656	2.7358782226
P1762	196.16445	20.009	C18	POS	2.7693614092	-0.7990711791	-0.6691502999000001	-0.5445297052	0.6041931895	-0.8917179149000001	1.1536004294	-1.0147595237	-0.9816796537	-1.1708810024	0.8697720349	-0.0187867055	-1.1628096252	0.5420694224	-0.5610709938	0.138817776	0.6106774642	0.1112053542
P1763	756.55308	20.207	C18	POS	0.2391197386	1.1344717632	0.2432353557	1.0100047096	0.3578209773	-0.7089404666	1.2917797916	-0.2985391641	1.0002840804	-1.6027595105	0.6837758779	0.8892078656	-1.439350836	0.3526523753	-0.0288047934	-1.4500858376	0.0464438177	-1.7491205382
P1764	1626.13882	17.965	C18	POS	-0.8521266869	0.4743379899	-1.3555388889	0.1237883004	-0.4707923052	1.3778175611	-0.0797323398	0.8874606527000001	1.2387159816	0.8400079871	-1.1012491605	0.5898217285	0.6904029099	1.2139644792	-0.7312861255	-2.0452937891	-1.1211088322	-0.5313161493
P1767	1454.02395	16.927	C18	POS	-1.6825923189	-1.0562404379	-0.2996490382	1.0405930523	0.3194449117	1.761163937	-1.0473266297	0.2237551489	-0.3554874538	-0.2798094009	-0.6934332863	1.3233194673	-0.2538348181	-0.6578094292000001	-0.5476754086	-0.2291963062	0.1497918265	2.2849861841
P1768	399.34657	23.409	C18	POS	1.6658257197	-0.4947085179	0.8242698260000001	0.4016875374	0.0712641521	-0.058786695	1.8391124144	-1.1264639622	-0.5202913259	-0.9331912897	0.6412911628	-2.4328922143	0.816022016	-0.2380799496	0.2292547788	-0.6253150609	0.6186000509	-0.6775986425
P1769	749.54874	20.32	C18	POS	1.1654752442	-1.6973954666000002	-0.4109551629	-0.5954679142	0.5740632511	-1.4949661453	-0.097138966	-0.0895431307	0.0777133427	1.7686944082	1.0406685038	-0.2866031487	0.320189949	1.1242133152	0.9835483835	-0.9926547925	-1.4943840787	-0.8881123847
P1770	562.32704	11.921	C18	POS	-0.7181666223000001	0.6828235263	-1.9678793843	-0.0522436201	-0.5552369647000001	0.8690357854	-0.754193603	0.8077581184	1.2430525606	0.1236358831	-0.3916479771	-0.6913014134000001	-0.3059313258	1.6097750912	-2.0719861606	0.6188637246	0.5552639422	0.9983784396
P1771	873.54819	15.24	C18	POS	-1.3763004356	-0.1807754706	0.4679479429	0.5846538493	-0.7102312859000001	-0.8597702197	0.4722927463	-0.4499581784	-0.4297945981	0.9625848823	-0.6526519731	1.1604704176	0.9930149496	0.4423987622	2.3847555921	-0.8126645203	-0.1500489256	-1.8459235349
P1772	658.6107	20.138	C18	POS	-0.8972586810000001	-0.0422594688	-0.0018573751	0.8728820829	-0.0721987306	1.6169761795	-1.1334383963	1.1015979718	0.9249674432	-0.1937336922	-0.7837604205	2.5228334453	-0.9621196578	-1.2983130689	-0.6858270875	-0.4904296007	-0.1906547542	-0.2874061891
P1773	373.21155	11.484	C18	POS	-1.1298097142	-0.1117788381	-1.5430272564	-0.629768999	0.3901048468	1.2391456255	-1.3514411973	1.396336849	0.4418523297	1.3178150064	-1.2603147908	1.5019259615	0.2580685034	0.8727418177	0.4430950142	-0.8585795563	-0.9652679114	-0.0110976907
P1774	1279.82634	16.662	C18	POS	-0.1826722289	0.6993160668	-0.124919617	0.1717654026	-1.4433436708	-0.6737767426	2.1979036789	-0.1312895748	-0.278596569	-0.1822323268	2.3389720014	-1.5512923468	-0.2065070999	-0.0206407018	-1.2546996756	0.0621776567	-0.0773763562	0.6572121041
P1776	677.55925	16.052	C18	POS	-0.6269262832	0.5564993617	-1.2180522181	0.6928130895	-2.2103459175	-0.4726318079	0.6546064794	0.7676236775	0.250611296	0.5514620747	0.5186807368	0.5105458389	0.1741849298	0.9433479316	-1.9502201712	0.6226876585000001	-1.317333111	0.9255201511
P1777	368.42474	23.763	C18	POS	0.9556056529	0.7806980421	0.4110309958	-1.9459355177	0.1105316299	0.0509915999	1.0290317351	1.0259708067	-0.4702894845	-0.3190894569	1.4340521716	-1.6301837984	-0.7951834259	-1.7993576815	0.4163839323	-0.130336177	1.1141522496	-0.2380732739
P1779	573.41663	11.96	C18	POS	0.4996887815	0.7716912475000001	-1.0947864418	1.4873442857	-1.4883934978	0.7428840183000001	-0.8300999233	1.3838013646	0.5333585271	1.0857778377	-1.733957249	-1.1691713684	-1.2234404031	0.4509923576	-0.6031130486	0.4322319669	0.375640189	0.3795513564
P1780	628.6025	24.237	C18	POS	0.249813395	-0.5843032317	1.1235140069	-0.6896594332	-1.8690856429	0.6553998043	1.5099129339	-0.4049521945	1.6232620327	0.259458198	1.0729688909	-1.071397708	0.3311174893	-1.2884866235	0.2132130696	-1.440049904	0.6805160958	-0.3712411785
P1783	1589.21389	19.025	C18	POS	-0.5774737524	-0.475006968	-2.4027445027	0.92249587	1.7540275019	0.8009183841	0.160532759	-0.9028039071	0.5429058764	0.0004857634	0.5542084726000001	0.8480685445	-0.3795450331	-0.8623824336	-0.8191585421	1.0306541822	0.5171741416	-1.0919013896
P1786	1537.05334	16.393	C18	POS	-0.4196297829	0.5980115375	-0.3994616189	-0.4636006525	-1.7464115797000002	0.9912592668	-0.0780187889	1.2645138177	0.7454280767	2.5881935749	-0.4942537637	-0.2186433798	-0.5341223869	0.4551582673	-1.3178515716	-0.1331451733	-0.7814089409	-0.4756466846
P1787	786.52916	14.963	C18	POS	0.7560450295000001	-0.2261258726	-0.0432458511	1.4534927357	-1.3819938866	-0.3206992855	2.0804989008	0.6021057457	0.5067658866	-0.0243842026	0.38361113	-0.9508152657	-0.3293455403	0.4116555297	-2.3361868046	0.3036345147	-1.1604412134	0.2754284499
P1794	612.55572	20.49	C18	POS	0.7594721346000001	-0.0807603765	0.0369221766	-0.8636249861	-0.2164955803	-0.4062567799	0.6771649843	0.4844998748	0.9889755466	-0.0196013693	1.0055972296	-2.042856355	0.2109906882	0.1512910958	-0.5290218207	1.1956725848	1.5407999508	-2.2156040139
P1795	508.34064	11.502	C18	POS	-0.8571129377000001	0.1148952495	0.1050381407	0.4899619894	0.425990237	1.7149416451	-1.7317049631	1.5335829961	0.1357178542	0.2531260541	-1.5677790279	1.1773898889	-1.2714097535	0.2662278495	-1.6032972586	0.0669761902	0.2012951926	0.5461606535
P1797	817.55802	17.758	C18	POS	-0.8031898059	1.7913768129	1.9167240835	1.5072567546	0.4606831479	0.1468718459	-0.1039397186	-0.6181945637	-0.3432783728	-0.2633847709	-1.7451241603	-0.8100223503	0.4442803165	1.2014594699	-0.8507426631	-0.7718053947	-0.4171835276	-0.7417871034
P1798	1637.13665	17.75	C18	POS	-1.6929869795	1.1492356064	0.7938506731	-0.3153738775	-0.3473746459	1.2571191903	-1.20772396	0.7470403602	0.372017777	1.1652258609	-2.0642459901	1.2896377064	-0.1482761813	0.9169349993	-0.6944975317000001	-0.2158029901	-0.6586566089	-0.3461234084
P1799	319.19492	11.496	C18	POS	-1.1986596591	-0.2504371324	-0.6251258584	0.6113539499	-0.2238595316	0.2837262813	-1.2699749077	1.0657929841	0.7257841746	0.9061117736	-1.7055498578	1.324846202	-0.2575772995	1.8064412885	1.0765722666	-0.7687957368	-1.3155996662	-0.185049271
P1802	469.34218	10.462	C18	POS	-0.5896451534	0.9730806579	-0.419144626	0.1891659393	0.1215114218	1.3353789876	0.0256298435	-0.7311812203	-0.2997689259	2.1462074888	-0.8298716460000001	0.4267496478	-1.3690194915	-1.3999780225	-1.3593869999	-0.2507261905	1.6425497903	0.388448499
P1803	617.54999	24.33	C18	POS	-0.3247832722	-1.0317291992	-0.4931233697	-0.5460798045	2.4694545571	-1.287645531	-0.8039235604	-0.5345367446	-0.336727639	1.4158185018	-0.7747647481000001	0.4232710385	0.9252170069	-0.5815479171	1.1830456503	0.5678084942	-1.0704139189	0.8006604559
P1804	767.59317	16.396	C18	POS	-1.7958394344	0.9964651785	-1.8678890507	-0.9527576356	0.6019554509	0.2983311697	0.3206644567	0.6119405801000001	0.1035073461	0.92463506	-1.9860214175	1.0263113691	-0.4782531949	0.290052822	-0.3732865475	1.0243367417	1.017353414	0.2384936919
P1806	313.2741	15.326	C18	POS	-1.0237280491	1.171541036	-0.6678296434000001	-0.4376467952	-2.1756835202	1.0908111621	0.308407299	1.6170568686	0.6861417223	0.7229605621	-0.2520764684	0.0059339598	0.0843242945	1.5122317811	-1.6103075478000002	-0.3992621757	-0.3650381698	-0.2678363159
P1807	668.54599	15.28	C18	POS	-1.4603821953	0.7758627471	-1.0739739517	0.9012456532	-1.5142084691000002	0.6267700887000001	0.1881161704	-0.3467551243	0.6301132259000001	1.0478101364	-0.4486970327	0.6658503473	-0.2195276866	0.6588181292	-2.1073909171	0.3205713974	-0.4115067869	1.7672842684
P1810	681.48355	24.148	C18	POS	0.0125458641	1.0390484305	-0.9249472751	1.0593866931	0.5953570020000001	-1.122440725	0.4988633709	-1.0646784756	-0.9598771988	0.0920656458	1.7169271637	-1.3401794827	-0.9435306118	0.5206970186000001	0.9410526988	-1.5619767578	1.3315592373	0.1101274022
P1811	254.22318	23.474	C18	POS	1.0364479445	1.5388195329	1.3494729941	0.6104534334	-1.5664876219	0.1971389896	1.0351432859	-2.1955210595	-0.657129218	-0.2506171557	0.2655481689	-0.4143110067	-0.1499179597	-1.6354854112	0.130849492	0.0114911963	0.7260433096000001	-0.0319389146
P1812	561.48745	22.981	C18	POS	1.2519216524	-2.028515906	0.5251912211	-0.839821793	0.1724842573	-1.5858534447	-1.0790152712	-0.2747307642	0.258602611	1.777012627	-0.4846822161	0.6910039456	0.9978813524	-0.1306649628	1.4790872266	0.1133205455	-0.5737807344	-0.2694403465
P1813	829.72675	22.915	C18	POS	0.3968197459	-0.5002503133	0.3676636877	-2.0891964417	0.6592976749	-2.9915178729000003	-0.5621344695	0.4386050818	0.1467250657	-0.1040075447	0.3167890656	0.5923104334	0.9417743873	1.0450546433	0.7611322717	0.0768344224	0.3644062921	0.1396938704
P1814	865.65137	22.399	C18	POS	1.1148438332	0.1000803913	0.9952697979	0.311159737	-0.4414901657	1.5964220485	-1.3277848793	0.0624119348	-0.6044695685	-0.5279858241000001	-1.2826987586	0.5530014887	-0.9489626399	0.0155350296	-2.0118409795	0.2541248669	0.2817927834	1.8605909045
P1815	558.48624	16.212	C18	POS	0.1548893881	0.6249109181	0.2803432935	0.1753777604	-3.1037488153	-0.7358643736	1.0145726462	0.1922774803	0.7390465666	0.6903046585	1.7430728404	-0.5805117595	-0.5951089175000001	-0.0646516445	-0.9646416751	-0.3858403418	0.2251145066	0.5904574687
P1816	658.53972	17.422	C18	POS	0.686733523	-1.4401337551	2.0593489651	-0.3576587498	-1.3137543968	-0.7969482807	-0.8362961050000001	1.0526449457	1.1151283683	-0.4196378283	0.2587424318	-0.0053236714	-0.4315305738	1.0070588538	-0.3896367857	1.1641057864	-1.2957776049	-0.4147238726
P1818	918.83705	25.472	C18	POS	0.7857047064	1.2740379224	-0.0959988099	-1.3038205231	-1.4182477166	0.0190990513	0.3448648864	-0.0216366194	1.5002631808	-0.1617023792	0.6884062999	0.0814643043	-1.8097386743	1.1953784237	-0.5657860004	-1.5889777374	1.2570191415	-0.1803294564
P1820	341.305	15.526	C18	POS	-1.9614466074	0.4987865636	1.0456635856	1.2401781603	-0.0042467425	0.541651357	-0.6314956207	-0.2180275621	-0.0702425938	-0.3737181599	-1.7022950481	-0.2337473811	1.1434483514	1.9847116747	0.3490269429	-0.8574916002	0.3492703438	-1.1000256634
P1821	280.09734	17.208	C18	POS	1.8013898784	0.0841644548	0.493728043	-0.1770716713	0.3180570718	-1.1385197718	1.3437105407	-1.5879999268	-0.479980131	-0.8931030343	1.6288183772	-0.9263670274	-0.9483843673	-1.1283322704	0.0039502672	0.5141350245	1.3126959127	-0.2208913701
P1822	764.52185	15.262	C18	POS	-1.8052757498	-0.8997631383	0.8351729857	-1.6445480715	0.2972724534	-0.9222361047	0.4584154432	-0.0203374628	-0.1325052387	0.9937289551	0.6056782145	-0.4466308134	-0.6394481311	-0.8313362803000001	-0.5195648306	1.8599872288	0.9616015585	0.9296883812
P1823	295.1942	11.959	C18	POS	-0.6158144279000001	0.8873236670000001	-1.022116084	1.5110068203	-0.3465508334	1.3538606039	-1.166920422	1.279628204	0.1169445891	0.7842053683	-1.651697124	-0.2758123306	-1.6620928948	0.2004399273	0.008175444	0.5183291861	-0.9708400572	1.051930364
P1824	631.46553	12.289	C18	POS	-0.454237476	1.5966119575	-0.7728547137	0.5042323369	1.6144380649	0.8328317326	-1.0168007305	-0.1973516558	0.2959954801	0.7198837826000001	-1.8216361594	-1.5460395309	-0.0682877708	0.3402693387	1.3278649968	-1.2952728967	-0.296720739	0.2370739827
P1825	384.34683	23.051	C18	POS	1.3346613983	0.1685205748	0.1599042359	-0.6778697317	0.2361557925	0.1373568282	-0.2918328557	0.3701246038	-0.3246329996	-0.5525023509	1.5956684427	-1.1230103381	0.957289933	-1.7405051982000002	0.155463338	-2.3203957228	0.9302743444	0.9853297052
P1826	785.1532	20.666	C18	POS	-0.3926668706	1.2223288159	-0.1401401121	0.98342562	1.9543242853	0.9354224732	-0.7371123991	-1.1368914376	0.2325525737	-1.2987258736	-0.2148999792	-0.3610565671	-1.3882829404	-0.4627921882	-0.7920698207	0.383039115	1.6283326208000002	-0.6296872944
P1827	1332.08361	17.478	C18	POS	-2.7141158029	0.5800590521	-0.2622679233	0.3303027137	-0.3994987398	0.2734740887	-0.6154229901	0.6383954855	1.0457165001	1.3200985594	-1.3547796898	-1.4040798337	0.2939090063	1.3591616897	0.6978498940000001	-0.0213798032	0.1766577815	0.0559200117
P1828	94.06529	23.593	C18	POS	0.7670753286	0.9398559173	0.5412718136	0.9739260017	-2.359393885	0.3655016684	1.0298548987	-0.8172769138	0.2194096277	0.3383926556	-1.3337636339	-0.1979615296	0.1015375123	-0.6159075322	0.6931477979	-0.8442495374000001	1.5604686129	-0.9963871343
P1829	798.52868	15.201	C18	POS	-1.7676655013	-1.0744246112	-0.2190095837	-0.4619775878	2.5096468371	-0.7843385609	0.0777698284	-0.5716179102	0.9387628187	-0.0545380189	0.6908055251	-0.4917220562	-0.8775747145	-0.0207298898	0.0134860715	1.3903365915	0.9281780902	-0.2119012566
P1830	100.07591	17.312	C18	POS	1.0492523809	-0.2433489921	0.7883902557	-0.5700135731	1.1889946704	-0.587041559	1.2288927489	-0.6669575899	-1.0753036908	-0.7577363177	1.2655481845	-1.825654151	-1.2560463766	-0.9319672324	0.704717036	1.0313210204	1.130474138	0.5757314286
P1831	578.522	22.638	C18	POS	0.3183527867	0.5283183328000001	0.4090178332	0.2244585012	-1.6445667269	0.5528905961	1.6079790312000002	0.4235801389	-0.5403731622	-1.2559038592	0.9179970423	0.4829359581	0.3671548245	0.6981702229	0.5819905795	0.0926951148	-1.0619385044	-2.3844059228
P1832	124.08243	23.928	C18	POS	1.0901841697	0.5411720505000001	1.1176322638	0.6885552385	-0.2307446831	0.0673971201	-0.7474901426	-1.7553178248	-0.4364045491	2.5389742232	-0.9592377775	-0.6720578115	-0.5324325782	-1.3543753443	-0.3229407881	0.9292782824	0.0558834744	-0.0180753235
P1833	1695.07234	15.462	C18	POS	-0.8587214071	-0.3658893404	-0.022417479	0.3495348655	0.4276261799	-0.9572653748	-0.3461148398	-0.6698605566	-0.5570705497	-0.1092233917	-0.8232114716000001	3.6668575717	0.1334732884	-0.7577307455000001	0.3748862201	0.3634332675	0.1665020861	-0.0148083229
P1834	789.61582	22.401	C18	POS	-1.968551521	0.2302303578	0.218392768	-0.3036348046	-0.6711739817	-0.9630100258	0.2203633198	0.3979555106	-0.2779233794	0.5591126835	2.0869477189	0.6175832512	0.2839288359	2.1460380388	-0.4977659419	-1.3551702185	-0.6687116583	-0.0546109534
P1836	743.54393	18.483	C18	POS	0.1844156048	1.1556757658	1.115620464	0.4819463126	0.3020386143	0.6492943678	-0.2594027671	-0.3130779497	-0.6803325517000001	-1.5157029122	-1.2910188983	1.3796340452	-1.1259249113	-1.1073201251	0.9360246452	1.0874438174	-1.9476718116	-0.1589618351
P1837	601.51904	24.189	C18	POS	0.6382017134	0.4712923205	1.266610071	0.7286100788000001	0.0358429034	0.0734816384	0.1704560587	-1.7611098214	-1.535779141	-0.7229947118000001	0.7805372460000001	-0.1974221748	0.3678250301	-1.4916553377	2.0882708848	0.0647327927	0.280170039	-0.448411818
P1838	919.71421	23.163	C18	POS	0.4428102936	0.0594946892	-0.0930817395	0.0786101487	1.0543732333	-2.1385010816	1.2130743133	0.6045976177	-0.9714595633	-0.638496079	1.3792142578	-1.7341023681	0.0888474413	1.0866848917	0.5732280082	-1.5314803344	0.2350922393	0.2910940321
P1839	629.5506	24.131	C18	POS	1.2645946693	0.0987675368	0.3966139489	-0.3345483897	2.1159149203	-2.4593226246	0.0245397983	-0.8497686208	0.4629067422	0.7230954682	0.0451558543	-0.5873262162	0.0027279434	-1.076803598	-1.2592943897	0.1272086892	0.3562276991	0.9493105689
P1841	1350.37404	24.057	C18	POS	0.246147833	0.4582433875	1.2533426862	1.0421072603	0.1965055245	0.6455476210000001	0.6494563151	-1.1738736557	-0.8294259493	-0.7484997652000001	-2.5492221948	-0.7471033849000001	-0.4675582711	-0.7531214104	0.6885222862	1.3765747435	1.0991466682	-0.386789694
P1842	1587.08216	16.531	C18	POS	-0.5614485206000001	1.0078987245	-0.7072314710000001	-0.6165528538	-0.2591931416	2.1988262533	-0.1320615035	-0.2128353654	0.3219480092	-1.0151286152	-0.0109010486	-0.7948740296	-1.5711070128	-1.0148011819	-0.7546533952000001	0.9009866505	1.0249292037	1.3094843993
P1843	778.56053	16.015	C18	POS	-0.7144352403	0.1354463715	0.3999543693	0.8393788959	-1.2012831757	0.214497229	0.8480604004000001	0.7782463605000001	0.1037812661	0.4429095679	0.099774036	-1.0457234278	-0.0664177535	0.4467010771	-3.1136789746	0.6866353703	0.6436838372	0.9453793586
P1844	1528.16939	19.201	C18	POS	-0.3594923828	0.812020272	-0.7753718381	0.2496422712	-0.7559870947	2.1979177024	1.2581089021	1.0099147523	0.2518585094	-1.0479016078	1.3379199307	-0.2616515181	-0.4184165819	-0.9731449	-1.2723553476	-1.0235137989	-1.1330970631	0.1475626983
P1845	864.78423	23.292	C18	POS	1.3183340309	-0.3865571893	-0.1755100511	0.0892726502	-1.136973992	-1.5173353358	0.4395300497	0.3645528352	-0.3717483214	0.0940145931	0.6123816377	0.7996553404000001	-0.7149809989	-2.1359113807	2.3641042247	0.0494330474	0.5274326528000001	-0.2196937928
P1846	776.74937	22.111	C18	POS	0.9608143156	0.4208440176	1.1444126814	0.4353508073	-1.6698109707	-1.3262523111	0.6324548241	0.3324448828	0.394448393	-0.8436386034000001	-0.5289676602	-2.0789897743	0.5525400052	-0.3193515173	-1.0337988352	0.4176104086	1.0635479499	1.4463413867
P1847	1605.20248	19.159	C18	POS	-0.2386021671	0.3091504705	-0.5664838884	0.348573802	-2.2582013336	2.3919647151	0.0951631373	0.8159414619	0.77174526	0.244761222	-0.4892046026	0.6141079356	-0.9629001796	-0.0992442568	-0.999344521	-0.8812868889000001	-0.4188428194	1.3227026529
P1848	511.28334	12.278	C18	POS	-2.3062628166	1.054874968	-1.1097989849	0.9836569619	-1.2378772585	0.5657901367	0.279705242	0.9294150148	0.3313279245	0.1473903989	-0.6105158970000001	0.8062932682	-0.0693089126	1.0917978343	-1.3957003723	0.3623169672	-0.9431975148	1.1200930402
P1849	888.64852	22.015	C18	POS	-0.9862748539	0.4114306517	0.9105900613	0.4119499883	0.7858570930000001	1.4783174488	-0.0699303662	-0.2563351587	-0.2520550382	-1.0906390933	-0.5137696834000001	0.1114209656	-1.1306823049	-0.1726329711	-2.6090449941	1.2698310551	1.2251099716	0.4768572284
P1852	873.77268	22.474	C18	POS	1.0937133696	-1.209319308	2.1735000374	-0.6662748722	-0.9120189174	-2.1989568596	-0.064838931	-0.7077709991000001	-0.7627261924000001	-0.6678161617	1.1304717515	0.1288060297	0.4942045135	0.2218175615	0.8412191801000001	0.2078698458	0.6900568425	-0.3111993557
P1854	485.36052	14.668	C18	POS	-0.6588630424	-0.6528452838000001	1.5277631284000002	-0.2513894438	-0.6518269977000001	-0.8304147731	1.2971138999	-1.040842177	-0.8767316344	0.3731802882	1.0569323227	0.3455442453	-1.7306660857	-1.0414435151	-0.7164472681	1.3473984781	0.8186470981	1.0320454766
P1855	206.19295	23.056	C18	POS	0.1542192059	0.1945818235	0.5870569232	0.9662428296	0.5722508096	-3.4550870741	-0.5133809515000001	-0.0695088497	-1.0692719468	-0.0775207896	0.488566063	-0.5644000146	0.7569369752	0.2521711143	0.7093298428	-0.2907076431	0.3097924295	1.0487292529
P1857	284.29557	10.804	C18	POS	-2.7212773684	1.4475292819	-0.6042365297	0.0851969108	0.8158459114000001	-0.5287677569	0.6875039117	0.5342118690000001	0.6548631623000001	0.1532212794	-0.6970885285	1.8845578034	-0.1042419591	0.3184726484	-1.1278624813	0.1967242521	-0.5872126439	-0.4074397624
P1858	493.42477	22.135	C18	POS	-0.4597728097	-1.7866545169	-0.9698198306	-1.3512128457	-0.6636648737	-1.0107521269	-0.8745572683	0.3977478839	0.444774672	1.2574149256	0.2623876398	1.3472578414	1.0828049117	0.7304916123	1.7712934169	0.066631414	-0.7946032359	0.5502331899
P1859	933.544	16.175	C18	POS	1.1612786916	-0.1438717338	-0.0678549742	-0.4908459262	1.877229067	0.0517760939	-0.1537399568	-2.027872811	-0.2338025562	-1.0747558267	-1.4236554542	0.1746526285	-0.9629571079	-0.4969723257	0.7270740751	1.0676364561	1.5465360018	0.4701456587
P1861	937.80157	23.052	C18	POS	0.5333485111	-1.8661000342	0.0896021577	-1.3768520678	0.4458758613	-1.6390120157	-0.1851447047	0.3046246788	0.1069331091	0.9550053916	0.3544566688	0.9483199789	1.1633290643	0.9690445503	1.2194045379	-1.1332292517	-1.5327324072	-0.4901032803
P1862	865.65078	23.263	C18	POS	-1.1028296956	1.4279077231	-0.0662056934	-1.5860060479	1.090755369	-1.3072141037	0.9892578006	-0.5136948719000001	1.7039869328	0.4195639249	0.0368401304	-0.8051264669	0.6848671843	-0.4602755823	-1.0322134669	-0.5980095396	1.1183964029	0.9187258808
P1863	1351.07708	18.516	C18	POS	0.5993614459000001	-0.4941080884	0.4800186756	0.1113609193	-1.4600569291	-2.750873393	0.3184516557	0.1382551908	0.6362829536	-1.2833560199	-0.6818135773	0.0153663643	0.9989139807	0.6931721593	0.8844699017000001	0.6620443307	1.053397351	0.0944794435
P1864	462.29807	10.492	C18	POS	-1.5029579388	0.1839482484	-0.6786233582	0.8337558138000001	0.1704550022	1.7576400491	-2.1696417203	1.6063794456	0.5265607880000001	0.3832660263	-0.9370816507	1.23110609	0.1435452542	0.2937988982	-0.4847657748	-0.6074386641	-0.7845050915	0.0345585828
P1865	537.16591	18.927	C18	POS	0.8974822676	0.0546068856	1.9666448869	-0.4846129725	-0.3264499682	-1.0235464527	0.3936593917	-1.5493886354000002	-0.3918840407	0.7624312559	2.152973559	-0.7909232562	0.6352559488	-0.6949240347	0.5982951435	-0.7515480696	-0.2113101332	-1.2367617757
P1866	799.66771	21.029	C18	POS	-0.8208366455	0.7278177026	-0.7192920062	-0.1695254611	-0.4488662412	1.7330491828	-0.9118199034	0.4242145732	1.4455917888	-1.3463690578	0.2775503599	0.9749885696	-1.1711647609	1.0499392929	-1.1008999567	-1.061981648	-0.8313980268000001	1.1281655924
P1867	229.14152	20.426	C18	POS	1.7819285312000002	0.364977874	-0.0386488434	-0.2095662022	1.4931501304	-0.7724625836	-0.4533362516	-1.8345208321	-0.7120818714	1.0508508003	1.0349087821	-0.8119192747	-1.1486234412	-1.344090956	-0.4524475069	1.0106251229	0.4392615539	0.6019949682
P1868	1571.18047	20.528	C18	POS	-1.8426984619	0.0902531072	0.9169891537	0.5465947475	-0.547181503	0.1567590797	-2.6541871192	-0.0941690602	0.2209163469	0.4279707175	-0.7789857875	-0.4107503579	0.2680773516	1.7791274815	-0.1560231016	1.1634489452	0.3173930248	0.5964654357
P1869	490.46182	15.27	C18	POS	-0.8756532933000001	0.3954933231	-0.1488792869	-0.0281336233	-3.082364758	-0.2990615263	0.2666803773	0.0567026625	0.6098175646	0.9931576586	0.9939964638	0.4268509162	-0.6260334258	0.1567183421	-1.1621260672	0.0881808702	0.5746412398	1.6600125626
P1870	114.08943	20.767	C18	POS	-0.4926149609	0.0519152196	1.1753196902	-0.0781687402	-0.2578959921	-2.2084377741	0.7848634366	1.0271247952	0.7093519001	0.3603339484	-0.8909366087	-0.7538994763	-1.6642818913	0.7587492787	1.359589569	1.1057430176	-1.1467392162	0.1599838045
P1874	549.48741	16.864	C18	POS	-0.6154247685	0.0537730754	-0.4238923247	1.0607288938	0.5350671812000001	1.7746261454	-1.1351079819	0.0543662785	-0.1807067239	-0.370080048	-1.4085154866	0.3017083962	-0.7930219543	-1.0762032779	-1.234231411	1.5908138645	1.871046219	-0.0049460772
P1875	383.33073	15.117	C18	POS	-0.2278463204	0.7283421295	-3.1845677692	0.6967861464	0.8409634925	0.4801835849	0.5245875076000001	-0.6244480321	-0.32501601	0.4435834891	0.8914890240000001	-0.5189464028	-0.7850991389	-0.8145129577	0.5643056814	0.8818327248000001	0.1766425892	0.9485064082
P1876	500.48259	16.213	C18	POS	-0.3864911882	0.5085774086	-0.6813292449	0.7378210255000001	-1.3004282625	-0.5269865345	-0.0719115565	0.6464414229000001	0.8197690027000001	0.3908723545	0.7577160081000001	0.3143343911	-0.8541190641	0.1117497268	-3.0215591302	0.2450789149	0.9398935715	1.3705711541
P1878	1055.29852	21.886	C18	POS	1.4252767336	0.4391843303	1.0120328148	0.2648309034	1.6742670719	-1.0617129277	0.6592437064000001	-1.6546624006	-0.8106976512	-1.0843644606	0.0721924755	-1.6907703799	-0.2142878483	-0.9049064688	0.3649430376	0.4553520883	1.2755729386	-0.2214939634
P1879	202.18007	23.778	C18	POS	0.9029899318	0.4248376783	1.0529297511	1.1147378433	0.7434178365	0.5864476652	1.2237667301	-0.7373627192000001	-0.5463336827	-0.4203216206	-1.1018944549	-2.0054547337	-0.5873534337	-0.5378855512	-1.7733597871	0.3423076398	1.4460957361	-0.1275648292
P1881	498.28333	9.356	C18	POS	-1.4821888024	0.7214969868000001	0.1685380426	0.47924992	-0.1208061172	1.5853864712	-1.2970764793	1.1127286635	-0.1257887685	-0.1746537662	-0.4512083576	0.2952067011	-0.5989170361	-1.0024546033	-2.153384445	0.7988124997	1.3223611301	0.9226979607
P1883	540.23976	9.642	C18	POS	-1.2452736511	-0.4958555672	-0.7788510608	-0.0060693664	-0.7740674518	1.9760191159	-0.9838696488	1.8059730323	0.7143591705	1.1842133897	-1.0077661639	1.1072356639	-0.5466760498000001	0.1827103959	-0.2776293039	-1.0097045636	-0.7187094432000001	0.8739615022
P1886	563.50351	15.989	C18	POS	0.4992375525	1.1182889932	-0.4561992846	1.0259453696	-1.0350239824	0.8630356135	-0.7281551395	0.1835465817	-0.5605367597	-0.4822722927	-0.7691163263	-1.2836311518	-1.3290089867	-1.2218327189	-1.0371261551	1.371261523	1.4293380296	1.3751229795
P1887	609.48407	12.285	C18	POS	-0.7097107413	1.2926625012	-1.0443400264	0.4460837468	0.9157657737	1.1872531555	-1.4676360534	0.7266481613	0.7364495447	0.3389588977	-2.1578372966	-0.9637275363	0.1604937482	0.9010125281	0.726399517	-0.9993493544	-0.7500187272000001	0.6608921616
P1890	218.22296	17.155	C18	POS	1.6634509499	0.5282570187	1.6358292756	-0.4562838088	0.1704750465	-0.7509680739	-0.1166154326	-2.4203087033	-0.7294239266	-0.3739611352	0.8733390892	-0.666018259	-0.2761976856	0.2275824231	-0.3746531719	-1.0770533555	1.1117700105	1.030779739
P1891	1551.18885	16.79	C18	POS	-0.8285443094	0.1715002683	-0.8246610547000001	0.2362933737	-0.9707490783	1.4237095534	-0.3406857418	0.8603018157000001	-0.3618390725	2.2025464494	-1.5117339459	1.2419133098	-0.5555950454	0.0795698557	-1.5450145051000002	-0.3803771568	1.0299111729	0.0734541108
P1892	184.16957	23.589	C18	POS	-0.6541773849	1.2288091648	1.0918087243	0.5765587301	0.3452408565	0.057875758	0.8342165175	-0.3377816119	-0.0464162901	-0.3885165275	0.7035271019	-0.5983585303	-0.1169488328	-0.5604306367	0.4372848304	-3.3602252079	0.8830421549	-0.0955088162
P1893	381.33429	24.33	C18	POS	0.9583513713	1.4167311095	1.938456446	0.8503102663000001	0.1383549453	-0.098480446	-0.5638167891	-0.5547185128000001	-1.0725875702	-1.112021059	-0.6026205403	-1.1533102731	-0.777391214	-0.6041328138000001	-0.0270552375	1.6171994539	0.8748553248000001	-1.2281244615
P1895	1558.09142	17.611	C18	POS	-0.5390335036	-2.5613200878	0.8699355513	0.9937823144	0.416955139	0.4042294738	-2.1452991924	-0.2569602112	0.0122981123	0.5292598932	-0.268431751	-0.8852369391	-0.1857361606	0.4080158558	0.5519142005000001	1.1205851079	0.3652393667	1.1698028308
P1896	888.56353	15.203	C18	POS	-1.5018985542	1.429546361	0.1595896824	-0.2044054567	-0.7636765857000001	0.8684908078	0.6559464676	-0.6302599202	1.7541081111	1.6757784445	-0.0626468048	-0.5741006617000001	1.2746822397	-1.2207034075	-0.5576518984000001	-0.6123398337	-0.9455737663	-0.7448852249
P1897	604.49718	14.92	C18	POS	-1.5665563058	1.076123391	0.2598117128	0.2915682021	-1.0782898543	0.5783236420000001	1.1440791169	1.7352422599	0.8705830823	-1.4542921691	-0.9757295064	0.2033173331	1.0978122909	0.369809548	-0.9831130235	-0.5206635273	-1.3675760599	0.3195498671
P1898	1575.43361	26.574	C18	POS	0.243400188	-0.8026741016000001	0.900275657	-0.2364701845	0.5028994716	2.0608982214	0.0542865194	-1.0952452784	0.0751848707	-0.3097184407	0.4038402165	-0.9432239768	-0.6688786435	-1.0930246948	-0.8378146189000001	0.8033567557	0.1969101421	2.4496303093
P1900	871.57118	15.271	C18	POS	0.5991788232	1.0512848803	0.1580787915	0.1506391629	-2.7567438886	0.7142882411	1.1219839499	-0.4308359249	0.4895457905	0.4990517795	0.9324361839	-0.8409919840000001	0.1294223666	0.0927107834	-0.9677283491	-1.8556800931	0.3052298416	0.6081296453
P1901	676.49142	16.326	C18	POS	-0.1133923893	-0.2245449679	-0.1874924734	0.4043924772	0.8916154824	1.535858593	-1.1843655039	0.1795719907	-0.5004028322	-1.1188989777	-1.8056467948	0.943659769	-0.9934754532	-0.379183488	-0.9172535808	1.7830424178	1.0316808093	0.5414425323000001
P1902	393.35542	22.569	C18	POS	0.8347368429	1.344974444	1.3530969877	0.6188668437	0.846147736	0.4909364314	-0.2913399901	-0.1843186798	-1.2796995938	-1.4797847320000002	-0.0379181167	-1.4035122844	-0.9002278027	0.4633635604	-2.0308295359	0.9366617084	0.6051725593	0.1136736218
P1903	783.57299	23.532	C18	POS	-0.6103619757000001	0.2843155951	-1.3188555729	-0.7883028282000001	-1.7790089032	1.0477585591	0.2467793539	1.7487159386000002	0.5885203965	1.8310763656	1.2655233314	-1.052656763	-0.4280996527	0.063486323	-0.8196977390000001	-0.4801347047	0.4782862059	-0.2773439299
P1905	686.20148	18.07	C18	POS	0.1725461653	0.4604925918	1.2213946667	0.1680342644	1.2472650147	-2.5869068086	1.0872783351	-0.8008083873	-0.03047279	-1.270844738	0.6574493623000001	-0.639274819	0.0507924219	-0.6165069291	0.7993569848000001	0.6498375523000001	-0.5210166755	-0.6370986089
P1906	1333.08744	17.475	C18	POS	-2.2516103167	0.4354073424	-0.6161365724	-0.0693009195	-0.4684337131	0.6330615639	-0.1498712357	0.1974505888	0.5590272406	0.5977793341000001	-1.7433926298	1.0611372588	0.0005145122	1.9103327521	1.5198318068	-0.4909267568	-0.6189229919	-0.5059472635
P1907	403.28445	10.932	C18	POS	-1.4756741117	0.0192983629	-1.1667776246	-0.11875794	-0.617837808	-0.0886915808	-0.6944544587	0.8985937915000001	0.2653446096	-1.5380102923	-0.4108879192	1.4067885556	0.9353901296	-0.7003499408	1.1948013163	1.5367674619	1.2524273688	-0.6786715572
P1910	512.41647	9.446	C18	POS	0.8769428973000001	1.2527054876	-0.6462807801	0.3169493295	0.4850446922	-1.3149714824	1.6835434289	-0.6106666897	-0.7083331458000001	0.34366733	1.9622706579	0.4870780424	-1.0658370375	-0.4999312678	0.4547429031	-0.7936320871	-0.5776880958	-1.6456041827
P1911	871.71491	24.015	C18	POS	1.1503807346	1.15308512	0.4214527469	0.5048542039	-0.5734739823	-0.9920129218	1.1303270494	-0.6070561267	-0.115329965	-0.3914004164	0.7419571786	-2.4961849964	-0.9971059733	-0.8074724408	-0.6917827941	1.029551507	1.3342722243	0.205938852
P1912	158.02704	23.483	C18	POS	2.6631149302	0.5533163933	0.7759833813	0.2703552544	-1.5250790615	0.9019620563	-0.3708788686	-0.9821344295	-0.7597367669	0.3034087755	0.8282642067	-1.1046769875	-0.754980045	-0.4764627469	-0.5899810822	-0.4967964987	1.22634597	-0.462024481
P1913	269.22706	17.474	C18	POS	-0.6923362784	-0.3910222806	-1.194416499	-1.04497909	0.2261587421	0.2288888712	-0.7512922956	-0.0575520961	-0.3569766231	-1.4304043508	-0.7024837648000001	1.0810101393	0.8981641177	1.6406163887	1.722404112	0.7196067831	-0.504170056	-1.037700452
P1914	1529.17285	19.2	C18	POS	-0.1469855601	1.1350587989	-0.9477739331	-0.579872915	-0.6531920685	2.2267820874	1.258865353	0.793726589	0.5400081527	-0.4356181745	0.9219545311	0.0112957568	-0.5108437551	-0.6437844221	-1.6484657065	-1.3275558596	-0.8648167124	0.2180257694
P1915	1452.10255	16.585	C18	POS	-0.5796083466	2.981032629	-0.7560356074	0.711769109	-0.6017491356	-0.1470574113	0.7617736158	0.1423784388	-0.1690396135	-0.0527378354	0.5478386274	-0.4253077036	-0.3528745224	-0.4644579086	-2.1452310167	-0.1882385796	-0.4696034527	0.6053995779
P1916	1054.29782	21.888	C18	POS	1.6088127001	0.2575026789	1.159891297	0.3464921382	1.5493515087	-1.3604672796	0.7513608820000001	-1.5212118426	-0.3750178744	-0.5811429567	0.2498545399	-1.9621309733	-0.1563797861	-0.9934447946	0.0841779387	0.3893314648	0.9963368328	-0.4433164739
P1917	104.10526	21.565	C18	POS	0.2347960013	-0.7277502595	1.886616986	0.1085151117	-0.9174358963	1.6276996979	-0.6839180572	-1.6205555515	0.8300861025	-0.6616068918	0.303246871	-1.6656173321	-0.1515136452	-0.7298850055	-0.3959171505	0.8839016454	0.4140528507	1.2652845233
P1918	756.55297	21.277	C18	POS	-1.0088178843	-0.3271860321	0.4370060462	0.4548182574	1.0738829253	1.1761889994	-1.8088484263	-0.6296797803	0.7305306019000001	0.484386252	-0.923708798	1.9042704146	-1.0644313461	1.2454852424	0.3038614994	-0.6023736049	-0.167090797	-0.9744320701
P1920	144.13829	23.518	C18	POS	1.1446453171	-0.5997933120000001	0.7093421010000001	-2.2570064844	0.2763391024	0.5605383821000001	0.5574477021	-0.8441302729	-0.1029118336	-0.2134643383	1.0659128389	-0.9215144166	0.6519209435000001	-0.2955145243	0.79009555	0.0870761781	1.1895297461	-1.8408582891
P1922	931.77153	23.733	C18	POS	1.4666127677	-0.7330167247	0.457149092	-0.800073488	1.486243534	-2.0559380605	1.2677702802	-0.2475992954	0.2442943659	0.5252321248	1.7062589383	-1.0552758963	0.2840165022	-0.5767517321	0.1268651611	-0.740079013	-0.9033700756	-0.4523384806
P1923	1519.05799	17.116	C18	POS	-2.0868128724	-0.3751625317	-0.1466883679	-0.0801425895	-0.0416588566	0.1533141088	-1.402144011	1.5242760618	0.039292546	0.1113689055	-1.4707429692	1.7990343077	-0.046885556	1.454783458	1.1829362171	-0.2960635614	0.0550440068	-0.373748296
P1925	237.11664	0.504	C18	POS	0.721528155	0.3716758067	0.5801424188000001	0.6208659214000001	1.4797260403	-0.461605724	1.7768827175	-1.6708636302	-0.5141841661000001	-0.4564661082	0.3226740553	-1.0016702568	-1.4972131326	-1.5817082688	-0.7014935719000001	0.8095591949000001	0.7930766005000001	0.4090739483
P1928	385.27416	8.935	C18	POS	-1.3440374303	0.3401798168	-1.1052801619	0.5084578458	-1.1250404534	1.5213352281	-1.0133548422	1.1574043296	0.7155614677000001	0.0275983159	-1.243680576	1.6283505178	0.7591553773	0.6813392701000001	0.9113936851	-0.6907367818	-1.085181832	-0.6434637767
P1931	857.73417	22.057	C18	POS	0.2660253874	-0.4460481459	-1.6749545942	-0.4955663874	2.22753254	-0.9273282594	-1.0158394331	0.0175275905	0.0847502089	-0.3271510564	-0.8686812728000001	0.5636044442	0.5401116766	0.167354669	1.8535835198	-0.5450022625000001	-0.9848683001	-0.7346480435
P1932	1425.39534	24.876	C18	POS	1.3629050053	0.1030805381	0.7070785489	0.5255592619	1.1434593462	-1.2246549896	1.7653997652000002	-1.4032858223	-0.1515790295	-0.2827531216	0.1291835776	-2.0249628143	-0.6751298135	-1.0402990707	-0.2855378058	0.187218082	1.2567158367	-0.0923974946
P1933	906.25933	20.601	C18	POS	1.0692927509	0.2120894048	1.4503521039	0.6716230858000001	1.5901528159	-1.1573186008	0.9378398245	-1.695818497	-0.446282843	-0.5508736387000001	-0.2064719361	-1.6774646329	-0.004830309	-1.3003515946	-0.1532327377	0.9773736177	0.6732726439000001	-0.3893514576
P1934	1489.10384	17.956	C18	POS	-0.5299855219	0.3167815433	0.8935740174000001	0.1429204524	0.2680372019	0.1871835829	0.2212182165	-0.8838841344	-0.0344293745	-1.3166312491	-0.2152956265	0.6247702744	-1.4876203813	-2.4326113342	0.249086697	1.0666944738	1.6493463386	1.2808448236
P1936	602.58689	24.44	C18	POS	0.7798120561	-0.3880823325	1.5790208950000002	-1.3517459274	-1.5070489175	1.7210033376	0.2097068913	1.4856090547	-1.4562904417	-0.9825514934	-0.1739643585	0.4372172545	-0.189163712	-0.8799139938	0.5658352922000001	0.5301566048	0.550708382	-0.1504965353
P1937	814.68749	22.777	C18	POS	1.9528194651	-0.0873355378	-1.2508583483	0.2223022336	0.9662529188	0.0160259695	-0.869506404	-0.2462017722	-0.5601266875	-0.5091574362	0.8463336808	-0.080111816	-1.5469837975	0.2713597178	-1.3004717471	0.5765905503000001	2.1967976397	0.3685242898
P1938	356.35222	24.604	C18	POS	-0.0438513614	0.9637882905	1.0113047991	1.0206278751	0.2273022995	0.7032645377000001	-1.1178093481	-1.5851338064	-2.5320129633	0.2764057932	0.1830272943	-0.2106815257	0.6379782522	1.0065437161	-0.8425962193000001	-0.5911833575000001	1.2379168785	-0.3448911543
P1940	806.56873	16.632	C18	POS	-2.1477550536	1.45354125	0.9651885809	0.6717498539	0.983165584	-1.672994975	0.0424267026	-0.2596303952	0.0476115449	0.2276267144	-0.4368719987	-0.4704722149	0.0628296035	-0.2949387611	0.8675823725	0.3538168442	-1.7038387103	1.3109630579
P1941	1603.18738	19.138	C18	POS	-0.1046722099	0.3560045515	-1.3952944167	1.6761493119000002	-0.215530849	0.4916789276	-0.012696084	0.7111090402	1.2692012541	-0.0235070379	0.1951508754	0.1445630784	-0.5689952786	0.7659318272000001	-1.0567042301	-2.511878792	0.8533740795	-0.7894148967
P1942	1608.10223	17.289	C18	POS	-0.8624020205	-0.5442935365	-0.3209311794	-0.1894061452	-0.2539789491	-0.4665342446	-1.2253211322	1.3557663603	0.6628347723	0.9789481447	-1.7578453094	2.3576928041	-0.0230183529	1.0382330684	0.4551101032	-0.5350385257	-1.0409537499	-0.4912641279
P1943	1574.20391	21.544	C18	POS	-0.2375586954	0.6619151987	-1.0439912234	1.0326763254	1.0132105938	0.0417132325	-0.3976861703	0.1529421872	0.1841923603	-1.9334971387	-0.8320267393	0.4812499234	-0.6271682592000001	0.1067471333	-2.1724442712	0.610635216	0.7290013074	1.365362065
P1944	687.53242	20.043	C18	POS	0.0202943151	-0.4873883013	0.7799505674	0.3335909469	1.1748843507	-0.0270518492	-0.2323837286	0.1573183706	-0.3312025217	-0.8526832618	0.006520624	-1.4213907363	-0.7545098797	-0.1795715712	-1.6541939778	0.9756504983	-0.3864321416	2.8785982964
P1946	908.8639	26.479	C18	POS	0.3576293514	0.7447175134	-0.1723200233	0.0622643932	2.7532696623	-0.7728446897	-0.301945354	-0.9992128823	-0.3344950433	-1.0399238782	-0.3375968659	-0.4892931482	-0.974304474	-0.8045167980000001	-0.8587621415000001	1.656600819	1.1091779894	0.4015555697
P1947	282.27957	17.377	C18	POS	0.9365331897	1.2890367665	0.6405792641	0.6322304904	0.7825875486	0.2249319055	0.3935211111	-2.4681827914	-0.7589259299000001	0.1079451982	-0.2860258188	-1.2299286709	-0.4081232119	-1.6903854387	0.5887370208	0.2328672773	1.4067915648	-0.3941894753
P1948	627.53476	23.635	C18	POS	2.1141645965	-0.8802825759	0.4415150248	-0.0110830566	1.119559902	-1.7361122674	0.8873421473	-0.0342785873	0.0768439884	1.1187948723	0.7490128426	-1.7417990295	0.0608428734	0.0359397202	-0.4179463496	-1.5381094881	0.0733605609	-0.317765174
P1949	95.06055	23.654	C18	POS	0.9504876459	0.7336800234	1.2248698963	-1.8350864359	0.9067399702	-0.2598271977	0.7516041606	-0.4718153821	-0.3799928697	-0.3471705249	-1.1960275208	-0.4538578289	0.6111296539000001	-0.0170947469	1.0175015286	-2.4396507738	0.4894679189	0.7150424829
P1951	325.274	15.256	C18	POS	-1.9155837354	1.0175335366	-0.3100456806	0.4182910937	-1.8257003717	1.0982556237	0.5849677697	1.2291820721	0.7983398716000001	0.9228367903	-0.3132060696	0.0081127632	0.5403519760000001	1.1417930338	-1.4546983285	-0.6740888575	-0.8287243596	-0.437617128
P1952	426.32186	6.598	C18	POS	-0.3033699086	0.6702182242	-0.6744064273	-0.955221203	2.2560126361	1.5949248017	-0.9891153145	0.1877200073	0.364943203	-0.8635396585	-0.4627439687	1.0986468555	0.2626564181	-1.0677690586	1.2014199272	-0.5746489745000001	-1.4376480909	-0.3080794687
P1953	784.54851	16.671	C18	POS	-0.3758042088	0.6002768510000001	0.3797165029	-0.0041661701	2.0925990295	-2.1409023353	-0.0493505265	-1.9408112984	0.336216767	-0.2438895418	-0.7146490739	-0.5128926685	-0.291927093	0.8729259061	-0.1691269789	0.6774219295	1.1822344508	0.0582389166
P1954	634.5386	17.576	C18	POS	1.5025244439	-0.2945182704	0.7834060714000001	-1.3030912962	0.1015423775	-0.2833708665	0.1347514623	0.7474969671	1.1951930078	-1.4555939194	-1.8828312673	-0.0855459887	0.8767753693	0.0037629453	0.9159774148	-1.4059821441	0.235992744	-0.1554059061
P1955	754.50486	15.32	C18	POS	-2.1297029041	0.6870585938	-0.8645280285	-0.3421226571	0.2465521645	0.5103619051	-0.3042393138	0.8612941718	1.104212213	1.1887127981	0.6824911951	-1.2012129643	-0.2570109272	0.2909575042	-1.655515327	1.1861497786	0.9996179041	0.3685799707
P1956	888.87458	24.769	C18	POS	1.1468659271	1.1827227094	1.6312311597	0.1974430569	-2.2107311938	-0.7910148491000001	-0.2720006315	0.04457872	-0.2485076236	-0.8449457593	-0.2578082658	-1.5522482136	-0.011896421	0.4384268414	-0.4742873229	0.2179950912	1.8112012288	-0.0070244538
P1959	158.15397	22.951	C18	POS	1.2553983767	-0.5264983673	1.5006981632	0.1292309311	-1.3473847906	-0.2090796548	1.4335056574	-0.1734258592	-2.0040836949	0.6835926790000001	0.5632242291	0.0015085183	-1.3813786723	-0.5307171411	-0.3436038765	1.5622959818000002	0.0065453707	-0.6198278506
P1965	590.58676	22.715	C18	POS	0.1840596803	0.8176504888	1.5735761212	-0.7014577435	0.8231982506000001	0.5949879533	0.5276856309	-1.0380603865	-0.2207433577	0.5096512506	0.2630104195	-0.6188309624	-0.5003998236	1.1601676899	0.711100626	0.0374964979	-1.5490827112	-2.3899499438
P1969	468.39013	9.32	C18	POS	0.8812460761	1.2857065565	-0.5602254415	0.316675181	0.2324168469	-1.2951795825	1.6114887913	-0.6126031849	-0.7796628377	0.3642205168	2.0706540578	0.5907210638	-1.040819716	-0.5164917090000001	0.4712419533	-0.7548278505	-0.7024953136000001	-1.5620654077
P1971	623.46643	16.985	C18	POS	-1.2104062229	0.6471280478	0.3565260264	0.8332426777	-0.3072022514	0.4600915881	0.8344413645000001	-1.716200282	-0.7857051907	-0.0157158754	-0.956110757	-0.4075057225	-0.6536023167	1.0341953817	0.8673601709000001	-1.828701991	1.4265952461	1.4215701064
P1972	219.04754	1.812	C18	POS	0.296192688	0.9558345906	0.4767052262	0.2051726875	1.8412375581	-0.536930684	0.7658703276000001	-2.0574063291	-0.7143900472	-0.932256747	1.9162075805	-0.0392517058	-0.6699647792	-1.1928843177	0.0714325427	-0.91445566	0.6678736136	-0.1389865447
P1973	252.21765	0.569	C18	POS	0.3676485175	-0.0081221057	-0.0226172435	0.1458326704	-1.7184869856	-0.2638368108	-0.3450053233	1.7288143368000002	1.1229306766	-1.2413681267	0.0653493229	-2.0447912907	1.4473786689	0.3692387086	-0.4056256915	-0.5155777622000001	-0.1136917481	1.4319301864
P1975	472.3548	14.835	C18	POS	-0.6219814725	-0.6501589747000001	2.2602688891	-0.4778664418	-0.4409497012	-2.2662511423	0.0141540427	0.0059110662	-0.4483032906	-0.574775911	0.7202291813	1.6820161725	-0.7234305849	-0.0467033761	0.0500348313	0.7936406601	-0.327102478	-0.0471937355
P1980	940.8317	23.925	C18	POS	0.8297718863	-0.8451487024000001	-0.5360297083000001	-0.4696343979	2.6503317581	-1.7188595699	-1.3724467464	0.5014464675	-0.3469521395	0.7175733803000001	0.6465874907	1.0028522274	-0.2318982944	0.094259861	-0.5653651194	-0.3317417899	-1.0513942072	0.1814989016
P1981	663.5748	22.002	C18	POS	0.9543609493	-1.8076131466	1.1255704312	0.8180113703	0.3042587577	1.3592601859	0.9683575851	0.4215618205	-0.957662092	-0.0206706829	0.3787553081	-0.0100338597	0.5610840476	0.8693869769	-0.6153385764	-1.0615798364	-1.1671551075	-1.4375400654
P1984	628.29268	9.935	C18	POS	-1.4060921184	-0.5916828594	-0.9386862379	-0.4197346808	-1.4048053973	1.0618936606	-0.4803460167	1.8032397995	1.0622441506	0.8545324200000001	-0.2646514163	0.8283804614	0.632321655	0.9661756735	1.0523020013	-1.3971522863	-0.9053131628	-0.4526256459
P1986	967.84337	23.708	C18	POS	0.9714645203	-0.5733239231	-0.1819910185	-0.2629580535	1.0854839714	-2.53793709	0.771380158	0.1206609747	1.3437378086	0.5369137496	0.8604366816000001	-0.6890162611	1.3910244122	-0.7019170609000001	0.208942058	-1.4940948671	-0.5326878248	-0.3161182353
P1987	800.54373	15.318	C18	POS	-2.284419406	0.1027793178	-0.3786495502	-0.1542245505	-0.884261515	-0.3605095785	0.3326493998	0.2015123782	1.4417639089	0.6092176361	0.251960426	-0.3871787267	0.0080352572	0.7715629459000001	-2.1981062458	1.5772183528	0.8342968947	0.5163530553
P1989	891.81867	24.958	C18	POS	0.2925759665	0.9044848865	0.1130565128	0.085283472	-0.2008529795	-0.7351833916	-0.7003662262	-1.2217851428	-0.135113015	-0.773568985	1.3282180209	-0.0442618299	-1.2465539947	0.7758965103000001	-2.0630566438	1.7027138257	1.115391288	0.758859896
P1991	269.22737	11.134	C18	POS	-0.1168974527	-0.0782228265	-1.0393593769	0.2187411011	2.3196451125	0.4077944532	-1.142472487	0.1538286184	0.0899500345	-0.3174882323	-0.8033825446	2.0501556271	-0.0600762586	1.0078839884	0.4493491837	-1.1311636347	-1.5047436528	-0.5035416529
P1992	662.64442	20.153	C18	POS	-2.5380302761	1.9919699711	-0.3940064993	-0.3237852493	1.0854249501	0.6275300634000001	-0.4455220589	0.3929756882	0.3409458727	0.2818830686	-0.6582364063	1.2391504846	-0.931446635	-1.1480010495	0.5048438251	-0.6855815814	0.0923147305	0.5675711014
P1993	980.27846	21.273	C18	POS	1.270872282	0.4138659936	1.3398409056	0.7018103614	1.6018734355	-0.8571418015000001	0.819651525	-1.7290112815	-0.3034428623	-0.6572981829	-0.0411156893	-1.9252778617	-0.12239137	-1.2468523524	-0.4063094565	0.0429781784	0.9917404437	0.106207733
P1994	230.24838	7.865	C18	POS	1.3584772655	0.828914934	0.7131148039	0.5195678144	0.9987082024	-0.5111308596	0.1543509736	-1.9855833216	-1.0912914579	-0.627929587	0.8412295748	-1.5464593791	0.1710797173	-1.1707440456	0.1365199567	0.2071336091	1.1583927729	0.2600720396
P1995	1302.0357	16.958	C18	POS	0.0287128829	3.0542386862	-0.4753268524	0.142225881	-1.6410477839	0.5059033378	0.4921015573	0.4496065786	0.742584109	-0.1653328419	0.5418446827	-0.3010510212	-0.331867245	-0.5276189476	-1.0675115086	-1.5120044012	-0.3227071733	0.3872500595
P1997	838.60537	17.709	C18	POS	0.946170592	0.5776577248	0.7651887742	-0.0602351161	1.0855079689	-0.8293812087	0.5895441386	-1.8639005011	-1.2449371873	-1.3281951164	-0.4589380774	-1.3923703606	0.3622566414	-0.9392063978	0.4931164189	1.2389838922	1.274285386	0.7844524285000001
P1998	547.40368	10.99	C18	POS	-0.9597661648	-0.2797093416	-0.9416684411	0.1046499771	0.1025343889	1.2298229718	-1.7297108553	1.1785722607	0.918300114	0.9169717445	-2.0813969718	0.9928948113	-0.652536969	1.2758678152	-0.3391678659	0.8909390840000001	-0.4512885488	-0.1753080092
P1999	1601.06518	16.752	C18	POS	0.1110141091	-0.2252807288	-0.4969389907	0.0123851897	0.1634942686	0.9129669745	-0.4491220653	0.4143816043	-0.9803779914	-0.3641540695	-1.5080635991	2.052192441	0.1302003941	1.3277409387	1.4624407731	-0.3142090533	-0.0447299023	-2.2039402928
P2000	864.64032	21.918	C18	POS	0.2207785586	-0.1694605309	0.5370395557000001	0.9772678037	1.4295021285	0.4114350781	0.3527744547	-0.9282529006	-0.8161896217	-0.5672013565	0.4193843861	0.7676541095	-2.1483032627	-0.1277539984	-2.3014794032	1.0027771858	0.8892006504000001	0.0508271629
P2004	309.22749	22.872	C18	POS	1.3743726457	1.4901440995000002	-2.3672193408	0.9644506622	0.1879196244	-0.5152056671	-0.2671580761	-0.5173968246	0.2604088201	-0.5167261952000001	1.3053362924	-1.7015617435	-0.2840196684	0.2663041435	-0.1850795778	-0.1838447069	0.7332961594	-0.3111787227
P2007	399.34684	20.225	C18	POS	-0.8856164464	-1.2540314763	1.2463422664	1.0552184172	0.2436196712	1.3032317373	-1.0417728854	-0.8778401034000001	-0.6274070185	-0.6495698656000001	1.9434139809	0.3824037469	-0.8462688328	-0.443462475	-1.1546729857	-0.0192175066	0.3701331934	0.849546388
P2008	746.50938	17.441	C18	POS	0.9982407776	0.8414780764	0.5076889541	0.4153943027	-0.7681770337	-0.3050161339	1.1310342239	-2.1719207809	0.3192609978	-1.264723676	1.0714377233	-1.8371796992	0.2673807845	-0.0443045726	-0.7781629647	0.5544028527	1.0036318216	-0.2454817874
P2009	686.20129	22.471	C18	POS	0.9340642875	0.6227850711	0.207864755	-0.386182573	-1.2569922377	1.5093180057	1.7940329836000002	-2.2692688353	-0.0347635538	0.6831272001	-1.1511634672	-0.7900502517	-0.0609877311	-0.2820883628	-0.9265224728	0.5790654533	0.7908658913000001	0.0368958378
P2010	618.61764	24.638	C18	POS	0.3066589073	-1.1029453267	-0.5224775523	1.7924768539	-1.1392406409	0.7435567741	0.2855446151	0.1234072933	0.9742588247	0.4696784185	-0.1091037833	-1.2966720083	0.4723147778	0.7555197095	-1.8969543978	-0.9881265093	-0.5256012647	1.6577053091
P2011	818.06046	17.85	C18	POS	-0.7443084101	1.6701413553000002	0.7875223941	0.1765322149	-2.6956794663	0.6686957953	0.7221375937000001	0.6045145921	0.8123279457	-0.9920570518	-0.9066179544	-0.2343281564	-0.1814023382	1.378135045	-0.4865454464	0.1118033282	-0.8268681798	0.135996739
P2013	890.81729	25.241	C18	POS	1.3168513175	1.3145900425	1.1221536054	-1.5691126939	0.4297171103	0.1364558638	0.521761739	-0.2707078852	0.7440079454	0.0424553668	-0.300876334	-0.4212722781	-0.2259051653	-0.4710276161	-0.6437605497000001	-0.9242271411	-2.3772967811	1.1737280517
P2014	711.54107	16.192	C18	POS	-1.9607804526	0.753339634	-0.2223724141	0.6966808011000001	-1.3505923994	-0.6409532450000001	1.3603345602	0.5079418107	0.1014604829	0.5520083009	1.2637145675	-0.1584400468	0.3638048224	0.7707950179	-1.8191030911	0.0401999738	-1.8686243316	0.2599936098
P2015	1436.23946	20.539	C18	POS	-0.9858007848	1.048794525	-0.2815028285	0.3302964485	0.5980500417	0.9735163808	-0.6879601718	1.0615288034	0.0824975296	-0.1223012936	-2.4516353628	1.5660978115000002	-0.7561613109	-0.0729657698	-1.5399647085	0.1518386045	1.1706986012	-0.0850265156
P2017	192.13826	23.514	C18	POS	0.9446803304	0.3114980154	0.9798103838	0.3773482716	0.2818836838	0.1049588953	1.6255762838	-0.4663460254	-0.2117768792	-0.9049345874	0.3451477851	-0.7634072955000001	0.5934812291	-1.0833376932	-3.0180657136	0.2621049095	0.8085279483000001	-0.1871495417
P2018	656.50974	16.139	C18	POS	0.6268442674	-1.6809554489	1.3836202687	-0.5520256282	0.5042764251	1.6343008969	0.1614973658	-0.3159518838	-0.6863650119	2.2860385788	-0.2127631595	-1.073700223	-0.0533068561	-0.6976949208000001	0.1118708814	-0.3701681903	-0.4976352608	0.0978916899
P2019	772.61369	20.593	C18	POS	-0.293851262	1.0367015186	-0.0310351438	-0.382300466	-1.7378828879	0.4926256757	0.4894142245	0.3049925242	0.9730597599	0.0329406051	0.3552839564	1.1357048868	-0.562629691	0.0833105984	-3.1331486434	0.6029066332	0.1990364019	0.4348713093
P2021	842.59047	15.533	C18	POS	-2.0440377424	1.007716675	-1.4282902012	-0.4811395748	-1.0056803347	1.3269895946	-0.6861508659000001	0.8410351142	0.0730863048	0.9112658163	0.4744960883	0.0096647267	-0.36791848	1.5574581034	-1.2753907699	-0.1333081213	0.4552869393	-0.3740717285
P2023	408.22949	24.032	C18	POS	0.8062881746	-0.4637306661	0.8017500553	-0.498211916	1.988268607	1.3386010355	-0.4936993722	0.9987274221	-1.4261926029	0.9834232028	0.4897204412	0.4407852446	-0.8644511707	-1.3876352982	-1.2922053492	-1.1192630588	0.1499969905	-0.4521717395
P2025	658.54016	22.046	C18	POS	0.9069641637	-0.9484298113	1.2540793965	1.2662492833	-1.9109623108	-0.243915412	-0.4799920529	-1.5279077791	-0.9639009957	1.0817498221	-0.0130977646	0.651970432	1.3204571624	-0.416118267	0.9667338785	-0.5183784006000001	0.1033998838	-0.4255013444
P2028	979.85153	23.821	C18	POS	1.8141324648	-1.1430259027	-0.6244704345000001	-0.8647724433	0.125180809	-1.65962659	0.2711884121	0.5925959807	0.6549355731000001	1.9949198119	0.7831000976	0.3544823108	-0.1228482094	-0.2042880902	-0.414807722	-0.3462072435	-0.8141196034	-0.2612181549
P2029	150.02684	20.542	C18	POS	-1.0239672587	-0.2657854008	0.0287510674	-0.7161190907	0.325195061	0.2409227615	0.0994494389	-0.6769089235	1.2012576184	-1.8541112915	-1.1253774469	1.04144901	0.2224681451	-1.3480672056	1.49550798	1.2719053927	0.7777065888	0.4339240602
P2030	923.49755	15.006	C18	POS	-1.2488171747	-0.9555682564	0.2970249206	-0.9295926041	0.5918045682	1.1051533882	-1.2205392384	1.0240635578	-0.7795249074	0.4120842585	-1.1423577059	1.9715528205	0.6606908301000001	1.1823532322	1.1016779015	-0.677865578	-0.5991387396	-0.793001273
P2031	730.57451	19.818	C18	POS	-0.4242455282	0.6568104109	-0.9783557473	0.4153811854	0.4686189064	0.6103099656000001	0.7201818111	-0.5968758864	0.4304064082	-3.0252224082	-0.0339167508	0.4611273292	0.5399980362	0.8041883406	-1.4763708606	0.7587383005	0.4878490967	0.1948114698
P2032	915.59632	16.35	C18	POS	0.1368911435	-0.1916845453	-0.1050165571	0.2924483136	0.4723992686	0.2793545321	-0.3815807434	-0.9862050359	-0.2674321182	-0.2251358717	-0.9834410549	-0.8634425563	-1.1317403907	-0.2377943426	-0.5846620299	-0.0101870782	3.2467167094	1.5405123572
P2036	818.58996	15.688	C18	POS	-0.7864222806000001	1.1967163081	-0.5798689162	1.4964027004	-0.6367209469	1.1567655729	-0.6111082563	1.1863943446	0.8248385725	-1.3678973806	-0.4845297902	0.2642903375	-0.5902012323	1.3170125482	-1.7421744488000002	0.0866920185	-1.1682896694	-0.348321762
P2037	1538.05705	16.434	C18	POS	-2.4116822296	0.9131712244	-0.8795618658000001	0.2574325731	-1.362246908	1.4519019371000002	0.4066715437	1.6330287813000002	0.961446989	1.0873011002	-0.4273775701	0.1824566118	-0.1857649613	0.6674275304	-0.9606554682	-0.2284893466	-0.7954966286	-0.5845091207
P2038	738.5067	15.225	C18	POS	-1.4998040659	-0.2850241838	0.4294070748	0.7617202178	0.0461045772	-0.0852470434	0.4688535192	-1.7598553469	0.40832498	0.8807294517	0.3141931392	0.2987042833	-1.8939861747	-0.1315716787	-1.5131434636	1.6448480883	0.8759807454	1.0397658801
P2039	335.25839	15.332	C18	POS	-2.0201082911	1.0438475912	-0.8598412097	-0.9630898826	-1.3416452033	1.1373366658	-0.6985027517	1.5333830182	0.6580618106	0.4387176225	-0.3399112931	0.6467916524	0.3105319147	1.4820996209	-1.110266375	-0.1739390302	-1.144986109	0.0598750463
P2041	106.06517	23.991	C18	POS	-2.6018063747	0.6515808995	2.0094740206	-0.0325511334	0.3287116338	0.5616043569	0.8565828028	1.0657833046	0.114743002	-1.1267716035	0.4455313859	-0.2906102546	-0.4697977699	-0.2393966503	0.2419231556	-0.6034241151	0.6375534683	0.5066104993
P2042	516.30674	9.511	C18	POS	-1.3995396052	-1.0765794773	-0.8049952168000001	0.1818947061	-0.0841921827	1.7095312688000002	-1.5092276521	1.8721235749	0.7987190389000001	0.4877628583	-1.2283314803	1.5815441146	-0.4309552161	0.4973232662	-0.0232488075	-0.3859382515	-0.0529569733	-0.1329339648
P2045	883.75023	22.15	C18	POS	-0.5220074892000001	-0.1867736785	0.1816821379	1.1172730982	-0.9971972439	-1.1853552088	1.5006957265	-0.0150100484	-0.492238925	-0.0232003464	-1.1828791914	0.5642239775	0.7297381689	0.4747603505	2.0596336418	-1.547614908	-0.6761455034	-0.6625037402
P2046	598.59193	23.909	C18	POS	-2.590046437	-0.032751309	-0.1303377074	-0.6248707116000001	-0.9006780027	1.1766565612	1.4288189256	0.1708712532	0.2150216301	-1.3080337963	-0.4352894728	0.9713815675	0.1561579878	1.0721439782	1.0007635589	0.7161064047	-1.0111963191	0.1252818886
P2048	820.60431	16.348	C18	POS	-0.6203767764	1.4335040099	0.2689565063	0.8922798209	-2.2019947331	0.6371768934	1.6251498448	0.0078412603	0.1671051826	-0.3176911295	0.953026053	-0.2837116349	-1.5942997034	-0.1258713035	-1.6584169992	0.4346854071	-0.0410683682	0.42370567
P2050	907.77364	24.988	C18	POS	1.0687183362	0.2858864684	0.576829314	-0.7450247975000001	-2.0292351825	-0.4610088859	0.5895970234	-0.044189331	0.6227879719	-0.6789130326	1.8015928982	-0.4604731965	1.2602395818	-1.052434221	-1.3258387647	0.8968757031000001	-1.0463380119	0.7409281265000001
P2051	862.55848	16.645	C18	POS	-1.6510080521	0.2405700228	-0.2197763754	-0.5309891042	1.5082966324	0.9808040176	-1.0296942729	0.2462156348	0.2718951551	-1.2087407194	-0.6755390288	1.9216187882	-0.6495600396	0.2554308971	-0.7988484913	0.0437642295	1.6611063983	-0.1249756693
P2052	178.05818	3.165	C18	POS	1.8116767223	0.0732457371	0.7792149734	-0.1495507601	0.7706752068	-1.169569923	0.5531005714	-0.5878979659	0.6231983604	-2.6957331028	0.8209171385	-0.5175650969	0.3040707228	0.5198394518	-1.0846211303	0.2695993705	-0.2788660752	0.2113759092
P2053	837.61876	21.668	C18	POS	-0.3737309671	0.5923094513	0.7564929908	1.450607458	0.6432056294	0.1163652038	0.2492419227	-1.1789262396	0.2165741456	-0.8533960967	-0.2253413683	-0.7877680275000001	-1.6338445746	0.014880281	-2.0193321341	1.1295529245	0.7372704716	1.4150808519
P2054	664.45685	19.548	C18	POS	1.4850910655	0.363470488	0.6945871415	0.8061802537	1.0982459305	-0.0248966022	0.5507619932	-1.2443405482	-0.5797730981	-0.2603125151	1.4366213678	-1.9921392715	0.0822147266	-1.5612215057	-0.2673540766	-0.0552230278	-0.246360804	-0.8902212181
P2056	943.84493	24.916	C18	POS	-0.0479091512	-0.4657352039	-2.0424188793	-0.2604900144	1.299391926	-1.4999367676	0.2881245368	0.7035729906	0.3632211702	0.7429085072	0.1171250372	-0.4568374917	0.9734165728	-1.9764814012	-0.2132812194	0.406757971	0.275879643	1.1136753507
P2057	1635.11852	17.795	C18	POS	0.0881089279	1.5517420223	-0.2973816532	0.0912630245	-2.2053836248	0.8643726365000001	0.3001555568	0.7476918810000001	1.3039758525	0.7427541272	-0.5755650709	-0.9175702196	0.9848092124	0.8358101831	-0.5164378277	-1.069578219	-0.307449576	-1.6213172329
P2060	239.14914	24.099	C18	POS	0.9291690546	-0.1572642747	0.2430274358	0.2200060032	0.3082963411	-1.2496539379	-0.4203954931	-2.1319635692	1.0285121882	-0.941567911	-0.48995203	0.2684276734	1.559419857	-0.9961570461	0.4668436564	-1.1625076234	1.5678833263	0.9578763494
P2061	89.07115	23.474	C18	POS	0.3615532126	0.8035194880000001	0.448451861	0.7548607942000001	-0.1587912532	1.0195236325	1.016566209	-0.1966198545	-0.1352087459	-2.7223516572	-0.4270223968	-0.7399298813	-0.0913787015	-0.3828014219	-1.7985562283	-0.062997805	0.9408413897	1.3703413587
P2062	1437.24307	20.539	C18	POS	-0.301187093	0.1586056925	-0.3098336992	0.2014999543	1.0952064492	1.6639836562	-1.1015725475	0.2019956734	-0.2502100635	0.488726096	-1.9531124796	0.5904228526	-1.1987927464	0.6171492493	-1.4720583934	0.8886404453000001	1.5759994882	-0.8954625347
P2063	555.29385	9.227	C18	POS	-0.6661013246	-0.8668142642000001	-0.711882611	-1.0587531971	-0.3416215156	2.1106710291	-0.9611700595	1.395439929	0.1609306754	-0.8881009369	-0.8513705579	1.6025059844	0.7977673196	0.87960364	0.944236739	-0.9368647908	0.0580010183	-0.6664770771
P2064	774.59993	23.972	C18	POS	-0.6408799154	0.2531361274	-0.1978839304	1.4560300843	0.3944226734	0.8206584727	-2.6764714264	-0.1389194754	0.1951722815	-0.5093730040000001	0.9514082848	-0.3543159739	-1.3303775836	0.0514092042	0.2966975091	-0.9378146003	1.6756065291	0.6914947428
P2065	500.30474	6.779	C18	POS	0.4632497369	1.0579814209	0.5088356126	0.076776004	0.7873658383000001	-0.5308116359	0.1917888369	-2.7271923327	0.8531946206000001	-0.7007673871	-0.4746096678	-1.0628626003	1.2290826526	-0.2283044493	1.0933893835	-0.4070231846	-1.1127375826	-0.2489342892
P2068	772.27378	20.269	C18	POS	0.7876144029000001	-1.028476561	-0.1828912488	-0.668497281	0.4765914657	-1.7399652379	-0.0362144812	-0.8168944746	-0.1136764219	1.1188524693	0.8440691448000001	-0.3168597514	0.9463398	-0.1515104498	2.6995091245	-0.9524246115	-0.8529795800000001	-0.0125863081
P2069	356.31579	24.328	C18	POS	0.0134154665	-0.4388922312	0.5840035182000001	1.6915414979	-2.0284246607	-1.7540383201	0.9685903862	0.0996116273	1.4915242471	-0.2904096065	-0.362094705	0.160591295	0.5902582025	-1.5638624811	1.0807199334	-0.0509328008	-0.1872165211	-0.0043848477
P2071	713.54999	21.393	C18	POS	-0.5657855218	-0.5218359775	-0.8901505781	-1.2723358019	0.9779255565	-1.2185321652	0.8710310016	-0.3730959336	0.9253600348	1.560213134	1.352546757	1.0865312966	1.0742340839	-0.1245480585	-0.4972108337	-1.4476155016	-0.892266263	-0.5663012067000001
P2073	929.83616	24.824	C18	POS	0.1446559713	-0.5299131482	0.3328187436	0.6073504855	-1.8850881718	-3.0721295318	0.1729904596	-0.0952137378	0.6046048052	0.9930364707	0.4266033457	0.5888245665	0.0363076454	0.5381297754000001	-0.3979753911	0.6007475551	-0.2612725962	1.1955227529
P2074	538.42369	13.952	C18	POS	-1.8394626618	0.4210466064	-0.6389400417000001	0.1909023309	-1.2027973999	0.2104469776	0.5664910676	1.2679200868	0.059902657	1.2996585105	-0.1172573776	0.1921955607	0.236256368	1.9986509891	-1.8513651273	-0.7052328718	-1.1299894961	-0.1612235783
P2076	814.59483	17.31	C18	POS	-2.467849106	0.1848136375	0.1797923755	-0.2286669619	-0.7541238292	1.8063913207	-0.2752621953	0.1435366642	0.2674007837	0.5908137155000001	-1.1988082861	-0.0384084908	-0.7355160115	2.1482314312	-0.0172443362	-0.6056326252	0.0256852431	0.2207228417
P2078	1568.07076	17.151	C18	POS	-1.1714442817	-0.4666619115	-0.813133783	-0.4172996667	-0.194719298	0.6074908746000001	-0.6591935967	0.9669951076	1.2626976061	1.1255759164	-0.6967502091000001	1.9498651146	0.3128053599	0.6179955731	0.4282053545	-0.6557073224000001	-2.0420054655	-1.326159654
P2080	1634.11546	17.761	C18	POS	0.1812641806	0.9370504135	-0.3477497646	0.0455615273	-3.7625035596	0.0745924207	0.1816704579	0.7126841782000001	0.441361165	0.5809615786	-0.0231510698	-0.1021797553	0.5038421312	0.6199144786	-0.0853123421	0.0291851624	0.2127658585	-0.1707718986
P2081	437.34522	24.502	C18	POS	-0.7261530468	1.1388939507	0.5868792088	0.7042892687	0.2562461886	-0.1551218371	0.0872395062	-0.3743747266	1.1785847326	-0.3517631381	-2.3333448922	-0.2521659281	-0.333568122	-1.9880538624	0.148462096	0.4576051596	1.9446305034	0.0117149388
P2084	783.59385	14.302	C18	POS	-1.7333663412	0.9735579328	0.1376011481	0.4864333842	-1.2553266239	0.2637264788	0.4836553321	1.0569651573	-0.0409480651	-0.3783816888	-2.0805705407	-0.0348761807	1.3685016548	1.0886489575	1.2688046841	-0.2687165468	-1.2546483815	-0.081060361
P2085	508.47248	15.292	C18	POS	-1.4975551608	0.8678563446	-0.3216942927	-0.2662269404	-2.1362416543	-0.3759287502	-0.3941782145	0.0354432431	0.385212457	1.0353756113	0.9304024678	1.1357621561	-0.386181576	-0.0360040257	-1.8167123225	0.6426813024	0.7035097578	1.494479597
P2088	864.6481	24.571	C18	POS	0.2210899456	-0.6965982662	1.4911771473	-0.9105407549	1.2418059853	-1.1050713004	0.529918411	-0.5100469783	-0.1233260762	0.5541655538	-1.1550178844	-1.2014256365	-0.7246246515	1.6186858397	-0.5023536414	-0.5272134528	2.0647494785	-0.2653737187
P2091	389.25057	22.251	C18	POS	0.5564248286	0.034929432	0.7829497845000001	0.9194189515	-0.00146038	-0.0310961497	-0.2367394758	-0.8490904362	0.3027454966	-2.177932478	0.9420395787	-2.5605392969	0.6097879419000001	0.4614537324	0.3758554058	0.6104166096	1.1407006915	-0.8798642365
P2092	866.63691	18.325	C18	POS	0.3522201754	0.2596672215	0.5415432322	-0.4738714692	1.0730207563	-1.6065190814	1.124388563	-2.8681327676	0.2938076884	0.8187053360000001	0.9268641214	-0.5852065811	-0.6141553584	0.166119222	-0.0727418019	-0.0436419424	0.2588805948	0.029964732
P2094	830.72989	22.867	C18	POS	0.678147833	-1.1143617088	0.6175752098	-1.7882422999	0.1403353953	-2.0844985605	-0.7866872917000001	-0.2171465538	0.529655734	1.2888673962	-0.3582747105	0.5620826511	0.7717420735	1.0688465766	1.1253225928	-0.360378865	-1.187347181	-0.0133720791
P2096	649.51913	15.231	C18	POS	-2.4834493411	-0.029665189	-1.8582948941	0.8580064706	0.9068354307	0.1270727581	-0.5492514301	0.7937093625	0.1942970022	0.3078777502	-0.8265568884000001	1.7766901807000002	0.2958838074	0.2023729673	-0.5016481577	0.8187615869	0.6350601909	-0.6677016072
P2099	349.21179	11.483	C18	POS	-0.4029602987	-0.6043764307	-0.9697044342	-0.404094517	-0.0080384098	1.4126987851	-0.9136173457	1.1457572736	0.7166124086	1.6851205937	-0.6586119985000001	1.6855977157000002	-0.3838146512	1.131816289	-0.1232119927	-1.4545956114	-1.3261871781	-0.5283901976000001
P2100	1600.06142	16.75	C18	POS	-0.1488708501	-0.3981973797	-0.3792531648	2.0070125188	0.1602561549	0.8310804804	-1.0421325697	1.7592563275000002	-0.517339031	1.1231554518	-1.4565792352	-1.0089038432	-0.4267666468	1.3535207608	0.4594002952	-0.7392484193000001	-0.9713991047	-0.6049917449000001
P2104	284.33177	16.391	C18	POS	1.4222591627	-0.1114576598	-1.7085364927	-0.5880189978	0.970208074	0.0693637068	-1.0108611825	0.4610552955	0.1842823116	0.119305672	0.0314347708	0.6232442533	0.8606681536	0.0372247969	0.5137014853	-2.7213563044	0.8216102423	-0.0855849474
P2106	281.24797	24.393	C18	POS	1.1604958604	0.8095074731	0.4866799903	0.6574962120000001	-0.2805818751	-1.7489749641	0.1521178978	-1.3553425545	0.3380295574	-0.8958490932000001	-1.2558524701	-0.1411012716	2.0546254834	1.411313577	-0.1373766865	0.3781144219	-1.0492438724	-0.5840576857
P2108	1627.08481	16.241	C18	POS	-0.9050627538	-0.6333101771	0.4071888717	1.4149444678	1.0320498514	0.8823442398	-2.1904947629	-0.0607340099	-1.0826889034	0.3024753482	-1.7105831699	1.6961360264	-0.2374973676	-0.1892187275	0.3832450548	0.6545529362	0.437770308	-0.2011172319
P2109	686.20146	24.185	C18	POS	-0.7099813428	1.0982853629	0.0681791453	2.0285151533	-0.1320872642	-0.4993116994	-0.908607013	1.1450075858	-2.5566644204	-0.9951989388	1.3935391422	0.0449365301	0.1676377506	0.3970573498	-0.2811139756	-0.1134676339	-0.0122904801	-0.134435252
P2110	537.57002	23.214	C18	POS	1.0088711756	1.1518354219	-1.8653219505	-0.8148878167	0.4474112068	-0.1121460235	-1.1912378055	-0.6733856756000001	1.4297739426	0.6365691246	-0.1656466408	-0.6124802753	0.4236526479	1.5554502009	-0.4578606305	-1.2723993875	0.3996564621	-0.0119638486
P2112	526.32847	9.935	C18	POS	-1.5523191631	-0.9098920144	-0.5757141013	0.3853030188	-1.6955793497	1.1234060253	-0.4880611231	1.8236156591	0.6598000163000001	0.8417291833	0.2134718385	0.6604890212	0.5532285889	0.8205835380000001	1.018942296	-1.2671145273	-0.9357397072	-0.6761491993000001
P2114	822.62924	21.36	C18	POS	-1.6127036159	-1.3922407226	-0.4491807068	0.7461894838	-1.0245492173	0.6499984464	0.7431415236000001	-0.2470372844	0.2563146905	1.1907557733	0.0287285193	1.4912213244	-0.1101974064	1.8083306065	0.5762025588	-0.1109559424	-1.4238387091	-1.1201793218
P2115	1514.06057	17.309	C18	POS	0.9296080305	1.2058998621	0.200186685	-0.0845131574	-0.6872933639000001	-2.2544141029	1.5192807452	-1.7985972871	0.6956019624	-0.7924433271	0.9465437081	-1.0803372411	0.4853881966	0.1278293156	-0.6277886573	0.2432169654	0.7893547632	0.1824769027
P2116	141.00032	24.132	C18	POS	1.1078209122	0.8700901767	0.6229680585	0.5045598775	-0.7405706809	-0.620358423	0.0200066949	0.2036406903	0.4960001202	0.8987935001	0.7683862642	-1.1916057063	-1.3146719891	0.7138685169	1.7244838752	-1.9036344596	-0.7920515294	-1.3677258984
P2117	748.58574	19.97	C18	POS	1.0947746845	0.8155354903	1.2956386008	0.2728541966	-0.1767281567	-0.6742106733000001	0.0415609523	-1.7529233229	-1.8063069641	-0.4657103643	-0.156369137	-0.4089141272	1.2951927232	-0.2926104605	0.7879763092000001	-1.5711544213000002	0.5175525349	1.0274729985
P2119	544.50876	16.481	C18	POS	-1.4462387987	1.2431568851	-0.6169388471	-1.4517125985	-1.5839259572	-0.1257487041	-0.5753118085	0.9058781021	1.651718335	0.0993459955	1.197087313	0.0594771913	1.147805575	0.5711502219	0.1196883867	-1.3921704418	-0.3535996898	0.5503388401
P2120	731.52249	16.25	C18	POS	-1.6383425172	1.3354714884	-0.3432231427	0.5369370518000001	-0.5879818196000001	0.3064888336	1.3839735705	0.4421363478	-0.8970823051000001	0.2996109015	0.9861031393	-2.0381552441	-1.3955730569	0.343939524	-0.649571946	-0.3536145061	0.217620201	0.8137097141
P2121	842.62622	18.243	C18	POS	-0.4572705573	0.4508517378	0.2177868938	-0.7428614068	-0.0515561638	-0.3166068284	1.426517807	0.6369841718	-0.9280085888	0.6447453011000001	2.1317271689	-0.9092052072	-0.7194562393	-0.1004832305	0.3854401728	-2.4003478825	0.084815172	0.5953715156
P2126	300.29041	12.282	C18	POS	-1.8300117574	0.8346773230000001	-0.8630436301000001	0.9454714254	-0.0407583559	1.636403354	-0.6637995153	1.1548637424	0.3660930291	-0.106500764	-1.3678701949	0.5244584925	-0.517574441	1.1682568253	-1.0827317438	-0.3906107993	-1.0206837987	1.2533608088
P2128	879.74211	24.744	C18	POS	-0.0943036325	-1.0030704848	0.0203189692	-0.958772765	1.2375089286	-2.4552974441	-0.492657118	0.045295824	1.1879076791	1.6569703365	0.0747414696	-0.170361842	1.5879277406	-0.4951041974	0.3347740564	0.485767392	-0.976942477	0.0152975648
P2129	758.22186	24.257	C18	POS	2.268285832	0.7003077221	-0.4987743677	0.9192511441	0.2156732134	0.0511603159	0.42128556	-1.5928845887	0.5916565889000001	0.8445114288000001	-0.4239041994	-1.7738855894	-0.2674016443	-0.948449933	0.1773426061	-1.5563618373	0.8310645371000001	0.0411232116
P2130	192.21751	18.934	C18	POS	-0.5441946761	1.34469087	1.106844372	0.3478335632	1.4848603836	0.7728800996	-0.3257234452	-0.1844186075	-1.1016246077	0.0199631551	-0.5620562511	0.5509288129000001	-1.0720862522	-1.9914310784	-1.7930017781	0.7263061814	0.9032685521	0.3169607066
P2131	916.59172	15.344	C18	POS	0.1730314527	-0.5131413453	0.9323374101	0.0997797993	0.2641672715	-0.519727719	-1.3996605824	-0.6822533192	-2.0449383419	0.5272925742	-1.5224983245	1.4584830143	0.4252486417	-0.1553309117	2.1207877113	0.5761150417	0.3418601137	-0.0815524864
P2132	304.30022	22.677	C18	POS	-0.0066286595	0.210573181	1.3735576593	1.3626999969	1.0161979431	0.9683317439	0.8516007098	-0.6941838878000001	-0.3132970308	-1.2781979089	0.7089579445	-1.2087710065	-1.0110269081	-1.8963383695	-1.164269184	-0.4460869811	0.7493620813	0.7775186766000001
P2134	168.12305	23.565	C18	POS	1.5082193866	-0.080515002	1.4987270731	1.3891505534	-0.4153045791	-0.4469245721	1.4224522409	-1.2680456261	-0.3766347104	-1.5964932233	-0.2127258165	-0.6755770259	0.3768388322	-1.2573799433	1.0850529773	-0.8731307778	0.5448018991	-0.6225116862
P2135	813.68603	12.162	C18	POS	-0.3793934657	0.1169004878	-0.321852063	0.8128880788	-2.0925014094	-0.4010203689	-1.0571987183	-0.0841027499	0.0318593789	0.0580975816	-0.4490638008	-1.2048641908	0.2645578514	1.1183454122	-0.3565312367	2.1773848892	0.2408703841	0.9617245245
P2136	581.30941	9.625	C18	POS	-0.5795554071	-0.9752821502	-0.036230706	-0.6047860018	1.3990524969	2.2278392933	-1.2926620027	1.4571326378	-0.52792287	-0.3834462735	-0.6634543431000001	1.9307071797	-0.5504571159	0.0595511384	-0.3413810207	-0.7104674361000001	-0.0899661868	-0.3186712322
P2138	602.56184	17.767	C18	POS	1.2937887563	0.329533898	0.3343521835	-0.4878992055	1.5634285618	-0.2926171065	0.8341694142	-1.1782418979	-2.1820160126	-0.9590585441	0.7801896313000001	-1.1325829581	-0.393651137	-1.1782418979	0.2444299087	-0.7194860121000001	1.0537272394	-0.5589257240000001
P2139	648.42392	11.973	C18	POS	-1.6791674161	-1.344340108	-0.6585991278000001	-0.3875098109	0.1805612679	1.3055174285	-0.0872651974	0.1867386035	-0.0301592705	0.1735148709	-0.5762248794	0.9147807907	-1.1817791781	1.4966762413	-0.4230632682	2.3781368964	0.2552353503	-0.5230531930000001
P2141	229.14126	15.226	C18	POS	1.426521416	0.9400058285	0.7160213887	0.3431330376	1.155086934	-2.1394818002	-0.5157975463	0.298662182	-1.3424240303	0.1320367983	-0.380733396	-0.6392134977	0.5270370881	-0.4778230361	-1.2599852025	0.7781468038	1.3227179973	0.6685893765
P2142	617.60586	24.178	C18	POS	-0.1352857141	0.4004000259	-0.1295422361	-0.641338352	0.4255184603	-1.592907304	1.9933259363	-0.1193819735	0.4365248886	0.6339928252	-0.0507196976	-1.702719163	1.2428019564	0.5233211697	1.1751578725	-0.8240788547000001	0.1768707313	-1.8119405711
P2143	310.31104	11.33	C18	POS	-0.6121213482	1.2246076862	-0.9338704237	1.1087411931	-0.3117512352	1.8614464794	-1.0454805782	1.447253815	0.8856786232	-0.5365769032000001	-1.7132853616	0.673729203	-0.5630040408	0.4205839991	-0.9716844348	-0.8320955632	-0.6329964781	0.5308253679
P2145	837.69402	22.605	C18	POS	0.3830289147	-2.2302669384	1.3092640001	0.6780649848	1.4783549714	-0.4673598813	0.1618767673	-1.0652378071	0.4216871921	-0.0930890833	-0.9297670538	-1.0403628149	-0.4415713784	-0.9000466999000001	1.8222624876	0.6296258619	-0.2080297014	0.4915661788
P2148	656.58187	22.412	C18	POS	1.3398559229	0.8958885638	-0.7952202815	0.9972881406	-0.7634751523000001	1.2308309794	-0.3736064444	-0.2370336018	-2.1038894761	-0.6344074718	1.066054797	0.6283684979	0.8423940193	0.4525111788	-1.6332860225	-1.1440007629	0.4351264746	-0.2033993611
P2149	224.18576	22.352	C18	POS	-1.2155828218	0.250752627	1.4034068377	1.5400107168	-0.3926445993	0.1199781607	1.4985851487	-0.2661046378	-0.0196050786	0.1533986782	1.5883509493	-0.4906914234	-0.0410975959	0.0024502286	-0.019417482	-1.465765502	-1.0651778077	-1.6002638805
P2151	256.2643	7.782	C18	POS	1.5529177851	0.7796732952000001	0.4610584345	0.2090897362	1.055921354	-1.0018744339	1.107196503	-1.313449886	-1.5855730285	-0.6615787206	0.8095317019	-1.5520819891	0.030461893	-1.2968283735	0.394314569	0.3501456203	1.1847008354	-0.5236252961
P2153	545.45632	22.319	C18	POS	0.4166087242	-0.9818207779	-0.0510097649	-1.052965941	-0.6070364271	-1.8413343656	-1.3359103863	0.1220860623	-0.0511620271	1.9683188152	-0.1437967726	0.4480058518	0.6657336761	0.872169759	1.869003901	-0.899504148	0.3003883227	-0.6795952796
P2156	644.63374	20.174	C18	POS	-2.1403812998	0.8309580462	0.8197017394	-0.7397568866	0.8369574015	1.2208446708	-0.3910803777	1.2327540277	0.5936490729	0.9414698919	-0.9091988669	0.9262114851	-0.6366049956000001	-0.9957922949	-1.5241731119000002	-0.2684384629	-0.0406451545	-0.0249133475
P2157	795.57319	20.272	C18	POS	0.8346229110000001	0.7346960854	0.9240671997	1.4141924673	1.4350134243	0.2994933953	-1.0268797184	-1.4327070401	0.1054784484	-0.2593415037	0.5793097911	-0.8743589352000001	-0.6871527736	-0.6646470480000001	-2.3557823785	-0.0637913946	1.0031413036	0.034645766
P2161	202.18019	17.127	C18	POS	1.7676413864	0.7513985955	0.5284979188	-0.6909596843	0.1899443645	-1.4531358749	0.5842447502	-0.7162849840000001	-0.5593573004	-0.8788781297	1.7199465031	-1.813656207	-0.4704641324	-0.6362331875	-0.1880469642	0.7563586710000001	0.790823919	0.2104250872
P2162	645.54515	15.711	C18	POS	0.5420179065	-0.6255843356	1.0079884617	-0.7831339325000001	0.0465488738	0.7923389159	-0.6890485668	-1.0467219061	1.2536831127	-1.6050345679	0.5242076692000001	0.7421320279	-0.1642365852	1.579831907	0.4140135739	-0.8056702362	1.3071138247	-1.4242205673
P2165	661.52802	15.666	C18	POS	-1.5640029192	0.9570549945	-0.8081810398	0.5740671751	-2.3918526188	0.3559176412	0.9163365169	0.4879394605	0.0655612074	0.4693578283	0.9025010339	0.5046731577	0.7446321972000001	0.8418517371	-1.302593771	-0.9153156104	-0.8204067001	0.9824597096
P2166	605.3097	9.404	C18	POS	-0.8597007942	-0.6879239438	-0.1851142548	0.303150294	1.2702769075	2.4456049938	-1.3855634404	1.0924869068	-0.7922438806000001	-0.5116854814	-1.1876957159	1.0517204867	-0.7404695282	-0.648079752	-0.5046269092	0.0453771517	0.1550345416	1.1394524185
P2168	449.33725	16.415	C18	POS	1.0312214665	-1.1746299905	-1.1422789266	1.070137479	0.9332736195	-0.093987517	-1.0753781351	-0.4621959612	0.5889908342	0.0121333029	1.1120781247	-0.5396624733000001	-2.5084272825	0.7240125348	-0.4174800986	0.0482537478	1.2595407264	0.6343985491
P2169	138.09131	23.524	C18	POS	0.6309283664	0.0609461394	1.7580661054000002	1.3368502264	0.5192273495	-0.2416479729	0.3996342111	-1.1061161983	-0.6927596227	-1.8229001966	0.0296353515	-1.4331442552	-0.1402391338	-1.5410415641	1.0343712785	-0.3810587406	1.1680781245	0.4211705317
P2170	341.30511	19.981	C18	POS	0.9207408453	-1.0499012753	0.442335561	1.0995335228	0.8022695025000001	-1.9766896322	-0.5224369714	-0.0155225521	-0.9904509424	0.0020024357	-1.07472618	-0.2566356757	0.2944646782	-0.3021790838	-0.5444069960000001	1.5422959566	-0.4966238766	2.1259306832
P2173	488.48253	16.425	C18	POS	-0.5839043286	1.3472360838	-1.4668045293	0.6524299265	-2.1945489723	0.8331034327	0.2357147179	1.0221369976	0.6710170352	0.4475913924	-0.7962740180000001	0.793586294	0.0964182352	0.0478748577	-2.019645073	-0.0312189484	0.15354164	0.7917452565
P2174	284.26699	24.49	C18	POS	-0.0822481217	1.5017992085	-0.1137191638	1.0944290763	-0.7056712133	-1.6976843065	0.785440966	-2.1525667426	0.5700114114	-0.4350967642	0.5607604658	-1.2963053318	0.546011707	0.2371399379	-0.7755903233	0.6515842376000001	1.4130608076	-0.101355851
P2178	905.51585	14.832	C18	POS	-2.7298248889	0.4673336649	-0.3058746147	-0.8147026470000001	-0.9653917125	0.7113425683	0.6731916744	0.6677674204	0.9527722513	0.267071705	-0.0344942007	2.274473421	0.1021375945	0.2034165832	-0.3749427206	-0.7451978932000001	0.1949905215	-0.5440687269
P2179	612.1823	19.695	C18	POS	1.0483229646	0.6331321729	0.4836191543	-0.9147599506	0.8511392592	2.5969499622	-0.7173572531	-0.4650349352	0.363574431	0.0401347188	-0.7310757605	-0.0204419285	-0.9325001749	-0.1762636751	0.0984944418	-1.1345449919	0.2985259178	-1.5186199563
P2180	394.34652	21.978	C18	POS	-0.6076140588	1.6919969744	0.2566515896	-0.6600960676000001	0.1156125294	1.6095185863	-0.5352720668000001	0.2510941469	2.1791843191	-0.238327555	-0.5243117924	0.3032843597	-0.5176038552000001	-1.031003685	-0.5709124634	-0.7772410186	0.6978000573	-1.223863111
P2184	734.57847	14.935	C18	POS	-2.2836665173	1.0590275047	-0.9910437277	1.4412367196	-1.0925962643	-0.4508651421	0.3265689868	0.4308904808	0.4395896983	0.3240428487	0.2372831888	0.7815986431	-0.18606924	0.3458153114	-2.0953066334	0.5486401872000001	0.1213270848	1.0435268706
P2185	1540.11801	16.608	C18	POS	-1.6129120562	0.0169856591	0.4729526863	1.4597617568	-0.9025358409	-0.5457346219	0.8730160264	0.0954192823	-0.2979762695	0.5987186802000001	0.3155829335	-0.2105117235	2.0112639964	0.3684157999999999	0.6049124368000001	-1.4411841935	-1.5676481528	-1.1410622403
P2188	288.08465	24.335	C18	POS	0.9913530801	-0.0936060058	-1.5573617524	-1.1854811986	1.247138574	0.1423279021	0.3924056584	0.0009289414	1.971664967	-0.0963018173	0.6583226672	-2.1795314648	0.7224883339	-0.8590295872	-0.0962016513	0.0495284558	0.6839548073	-0.7925999099000001
P2189	830.49452	15.447	C18	POS	-0.5379434378	0.047978001	0.2809004038	0.6723091907000001	1.2855080584	0.0700657997	0.2041711119	-0.8104067388	-0.7860007743	0.4863014248	-2.5853064522	1.299273056	-1.4156206445	-0.5363732944	1.1816806282	-0.5694108363	1.0973454246	0.6155290790000001
P2191	215.40915	23.38	C18	POS	-0.9919730235	-0.8182969637	0.28334766	-1.0479814836	1.3795105181	-1.9912428255	0.5116715238	0.4767890784	0.584333418	2.1008667699	0.6673334933	-0.0059887385	0.1085580119	-0.3339223199	0.0752629376	-0.7719610990000001	-0.8198126495	0.3954382641
P2192	1570.17899	20.58	C18	POS	-0.2605493781	1.7497506817	0.7771943798000001	0.2998503875	0.115585412	1.677705658	-1.0349799069	0.2743939948	0.4636651609	-1.9338387626	-0.6851792343	-0.232049438	-1.0758311248	-0.8486682422	-1.5798631341	0.5416560881	0.8813395815	0.0211496344
P2193	360.2215	11.495	C18	POS	-0.9954539591	0.0500471214	-0.3275690167	-0.0763855283	-0.1850039498	0.4804498016	-1.1106715025	1.3604352976	0.6201750393000001	0.2299238817	-1.5296532275	1.4217205831	-0.0196220346	2.2500938801	0.7468754692	-1.178385201	-1.205475017	-0.5315016373
P2194	856.50705	16.609	C18	POS	-0.5721802391	-0.2787449091	0.5273863563	0.0171534365	1.8850525124	-0.9869856581	0.062124478	-1.202051863	-1.5556737229	-0.6288349667	-0.1017578104	2.2061703622	-0.3580418128	-0.5699823617	-0.3489340711	0.8638941996	1.4650617779	-0.4236557078
P2196	586.52176	17.207	C18	POS	-0.3575161146	0.7331970839	-0.2327653239	0.9673481969	-1.4677021777	0.8707480489	1.0648772265	-0.7200569741	-0.1592670784	0.8154737434	1.5842428092	-1.1187345013	-1.2255287187	-0.7221934643	-1.7664012108	0.7204051413	-0.2518448164	1.2657181303
P2199	776.51938	17.423	C18	POS	0.2516474045	-0.2637307214	1.3620620239	0.8038422794000001	1.4252260906	-1.3583435307	0.1547618533	-1.2170235634	-0.2364338448	-1.2517195721	-0.7394280764000001	-1.4263802601	-0.9046157182	1.0793623021	1.1488946328	1.2956523614	0.5668326417	-0.6906063026
P2200	388.34205	20.438	C18	POS	-0.6136143777	0.9735072891	1.8767781738	-1.399145265	0.7526547847	-0.2348215271	-0.6302552475000001	-0.1723710843	0.8797309663	-1.1620226921	0.0017767291	-1.1400228932	-1.433676345	0.3968805025	-0.0523549587	0.8036516884	0.9948005579	0.6864324403000001
P2201	408.22948	22.607	C18	POS	1.3588250382	1.0101492662	-0.3404237146	0.7858557132	-1.0145849929	-1.2047618681	1.4948377747	-0.9315355309	-1.4678249316	0.8157426058	-0.4573844792	0.9003354033000001	-0.6120047192	0.146483795	1.3725474487	-0.2637659119	0.0281855351	-1.6206764318
P2207	845.74243	22.951	C18	POS	0.7177227671	-2.817211811	-0.5916894107	-0.4489366668	0.3492784647	-1.115646977	0.0909177761	-0.3990244301	0.0338496275	0.5216209352	0.2845699231	-0.1059017084	1.6508258253	-0.1625677157	1.3193270473	-0.7026426158	1.4509629906	-0.0754540214
P2208	1424.39477	24.873	C18	POS	0.8667321449000001	-0.0825704314	1.1518064083	0.4648497496	0.9937118639	-1.1082300294	1.4540624241	-1.6825671633	-0.1078129565	0.1344988228	0.3483171189	-2.3461557381	-0.8334282261	-0.8028611591	0.101851256	0.3426523743	1.1870471966	-0.0819036554
P2209	1253.81046	16.602	C18	POS	-0.4420376957	0.7649985410000001	0.2278365259	0.2432966231	-1.6427863674	0.1395519152	1.9679275465	-0.5896394185	-0.8689852363	-0.1750610552	2.3946751226	-0.6612384990000001	-0.3533555467	0.0730646615	-1.4150640837	0.265433458	0.0492409279	0.161694496
P2210	329.24326	13.241	C18	POS	0.3271077352	0.3213188145	-1.343054134	0.1502596051	0.1215999654	0.919414993	-0.8823870267	0.7372190809	-0.7720176135	1.9572436609	-1.326963625	2.1744846462	-0.9503908244	0.1960419222	-0.1971155515	-1.3665974032	-0.1192104589	0.0530462139
P2211	556.44273	9.565	C18	POS	0.9795507183	1.2463039028	-0.6535037379	-0.2401109277	-0.0325766596	-1.6274073465	1.7453197526	-0.5476357585	-0.6176416168000001	-0.0031869845	2.0600842187	0.5001667873	-1.1061522702	-0.6143622280000001	0.4911778356	-0.9328581045	-0.6471675811000001	-0.6394376453
P2212	723.51255	23.764	C18	POS	-0.1804365815	0.6909676629	0.6903382105	0.7607722626000001	1.0743021853	-0.1601057566	1.1127195658	-0.1990071071	-0.6439323295	0.1657524678	1.0627397882	-1.8961262303	0.3351737338	-2.5980597794	0.6403484284000001	-0.0606635881	-0.1151816307	-0.1044447224
P2219	909.73059	23.744	C18	POS	0.9782380389	-0.9332219292	0.97787725	0.0869258232	1.8254760882	-0.8909540789	0.328660907	-1.2215899416	-0.8617996478000001	-0.323284028	0.6738119405	-1.4290600482	1.8224550364	-0.9181125829	0.4674820913	0.2610410527	0.3939195615	-1.2378655332
P2222	560.31147	10.721	C18	POS	-1.5019689486	-0.6583331252	-1.4465587869	1.0150519448	-0.4353663005	2.0486735935	-1.1207699988	2.0340791239	0.2747411366	-0.3049201052	-0.4232369759	0.7263089993	-0.5586816849	-0.438548245	-0.2300333316	-0.1735689826	0.2550784864	0.9380532006
P2223	538.31374	10.711	C18	POS	-0.6839354582	-1.1064410707	-1.3973144707	-0.5858905213	-0.1480931487	0.926533092	0.6287030308	1.9262730934	1.3285875111	0.8772940343000001	-0.4891455647	0.8444811211000001	-0.0568025679	0.7981961294000001	-0.0487904714	-0.7428117327	-1.2831949346	-1.4715835292
P2226	389.30476	16.367	C18	POS	-1.3916306676	1.5457203673	-1.1501366626	-0.5088819064	-1.0850516224	0.3807762903	1.4109148873	0.999963315	1.3337821791	0.4071361502	1.0270146209	-0.6932011811000001	0.3908450703	0.6734807027	-1.0765219578	-1.4153250892	-0.7165873988	-0.1322970971
P2227	459.24854	10.512	C18	POS	-1.2000925933	-0.2382244958	-1.3493674237	0.1178137378	-1.8385563661	1.7712425135	-0.875023709	2.016790122	0.3269278846	0.8325432848000001	-0.6253378003	1.1646893761	-0.2143336783	0.3954803764	-0.3964594957	-0.0918552603	-0.3347966443	0.5385601718
P2228	810.6003	17.579	C18	POS	0.4767778542	-0.2818181644	-0.7606549681	0.9487330944	1.9485002998	-1.643162838	0.1423842679	-0.1722577727	1.5076749266	-0.3930898337	0.1445387591	-2.0567837199	0.2530863993	0.700474275	1.0464771395	-0.9267256347	-0.3184841558	-0.6156699284
P2229	402.3574	22.755	C18	POS	-0.4780906612	1.5262030115	-0.1616319639	1.0113913214	1.1723349311	-0.214505521	1.4967591606	-0.6906431452	-0.9033687023	-1.1723613658	-0.3352869952	-1.4773166047	-0.7457363307	-0.9983765545	0.1040868145	-0.7511736312	0.9803331709	1.6373830657
P2232	611.53997	15.271	C18	POS	0.2628786182	1.299491298	-0.5287440313	0.0758301583	-2.5917872452	0.9948208976	1.0327332775	-0.3356998444	0.6792477816	0.7817354888	0.9639795197	-0.8628577049	-0.0956294378	0.2719646308	-1.6996627611	-0.8623942115000001	-0.1512785637	0.7653721293
P2233	303.23263	9.374	C18	POS	0.5919508996	-0.7078212286000001	0.4491495081	-0.3375458964	0.1588564286	0.3218260902	1.1801131567	-1.1487490673	-1.0744348103	-1.0778684027	-0.0287266413	-0.8216843294	-1.0945423805	-1.293943989	-0.9152483421	2.0108453955	1.683409473	0.1829487783
P2235	802.55833	15.535	C18	POS	0.4590235843	0.7653187262000001	0.4214425131	0.7764369197000001	-0.1811244163	0.2255719981	0.2868287412	0.1169612374	0.3126869659	-0.0132127048	0.3657481148	-1.0019099889	-2.5036429569000003	0.5291901960000001	-2.418954761	0.7517431892	0.6687994985	0.8981167276
P2240	940.81522	23.152	C18	POS	0.9691003154	-1.0848557268	-0.0487685683	-0.901623162	0.3037578909	-2.7292037397	0.2122077182	0.2039770011	0.8201907239	0.6814003106000001	0.4376294177	0.0614178856	1.176529247	0.6026426140000001	1.4459907279	-0.7439416978000001	-0.8362212141	-0.4939807174
P2241	431.27723	6.594	C18	POS	-0.1424187169	0.3090930343	-0.5564167131000001	-1.1422439049	2.3535726234	1.6323574163	-0.9004053365	0.0951560037	0.4627220517	-1.0377891036	-0.4046299968	1.0650379469	-0.0719215288	-0.8722038590000001	1.3210858189	-0.5388568391	-1.3426986762	-0.2294402202
P2243	1556.17921	19.204	C18	POS	-0.2688815839	-0.1477022492	-0.0710012903	0.8679525109	0.8220829829	0.7772371613	1.0148040503	-0.3551440729	0.2675247422	-1.1662008956	1.8373965835	-1.7613928738	0.3280819899	-0.7567425197000001	-2.0417459009	0.5072279588	-0.280917421	0.9346487864
P2244	652.29287	9.995	C18	POS	-1.3140217959	-0.7119262326	-1.0945286797	-0.3263030363	-0.8601867283	1.1955503824	-0.4820514006	1.7756580596	1.0051055105	0.2597397738	-0.5298087213	1.2242931655	0.9459833005	0.8687640378	1.1047195969	-1.2108734979	-0.9599522251	-0.8901615094
P2245	1550.18597	16.794	C18	POS	-0.8717289357	0.8476238793	-0.8003027023	0.2201116834	-0.8209752950000001	1.4135552485	0.1021297494	0.3111628102	-0.3241185647	2.374702845	-1.5006539282	0.6253592656	-0.701973692	-0.3996262451	-1.5521721214	-0.5417721834	0.7904817336000001	0.8281964526000001
P2247	131.16236	23.873	C18	POS	1.847016953	0.9377333939	0.8790386102000001	0.5826739841	-0.9453109507	0.2749160144	1.2451540448	-1.5933904143	-1.5431985785	-0.9453319037	0.1892543735	-1.2130087221	-0.2441793138	-0.9305712031	0.3447939025	0.423539428	1.1496882689	-0.458817887
P2248	895.57593	24.347	C18	POS	1.1995000217	0.5768109355000001	1.1155540829	-2.0242439117	0.6055145897	-0.8596523165000001	0.267321275	-1.1315239733	0.0859216317	-1.5533696401	0.1377786914	-1.2057425547	0.311166429	-1.109843851	0.2770169935	0.5059864833000001	1.5742157651	0.3679370319
P2249	1651.08595	16.145	C18	POS	-2.0099761798	-0.9196751891	-0.0439848619	-0.3676677625	0.3683617892	0.6092292578	-0.496237853	0.9990144389	0.268964039	0.9116057982	-1.068270608	2.0377554925	0.7332568483	0.5546876037	1.1939208282	-0.5922674841000001	-0.9590575275	-1.2196586299
P2250	554.5143	16.339	C18	POS	-1.0070053099	1.6998851239	-1.3210792585	0.8433989142	-1.2564104758	-1.1920122653	0.7432244226	0.7715402155000001	0.6475342065	-0.2416306011	0.7612929763	1.2087622995	-0.8221321374	0.3677932495	-1.6966705723	1.0419465562	-0.1186975579	-0.4297397861
P2251	656.58199	24.387	C18	POS	0.6151265699	-0.4235124244	1.3956398952	2.0125204986	-0.0562912371	-0.4903828123	1.9850791726	0.6416745919	-0.9908266834	-0.627489637	0.5384250030000001	-1.432033691	-0.5977135472	0.0464049344	-1.1057171831	-0.7818440462	0.2156019196	-0.9446613236
P2253	1649.08561	16.6	C18	POS	-1.7757691192	0.4664975447	-0.2939689211	0.6896514729000001	0.3811890851	0.6852992217	-0.1895481784	-2.3129298773	0.7853240221000001	-0.0313002958	-0.6544676243	0.1796446955	0.4469607326	0.1693606342	0.5834923318	-1.4947169694	2.0156422983	0.3496389467
P2254	1552.04975	17.029	C18	POS	1.5776141959	-0.1416393496	0.8676576667	0.3356565354	-0.3274622561	1.0520568898	0.3273367491	-2.2226821785	0.8225590362	-0.2980281865	-0.1287651099	-1.0022786305	0.1183966525	-2.0092593502	-0.9126833273	0.5269616850000001	1.1628999242	0.2516590537
P2255	1529.18453	17.12	C18	POS	0.7980185409	-0.0863814786	0.8663969838000001	-0.2371971495	1.5893747951	-0.8858825506	0.7279428686	-1.90565231	-0.7723047337000001	-0.4248618799	1.5687929818000002	-0.8996857182	-0.64203457	-1.501890541	0.0672366283	-0.034422536	1.3808574954	-0.5079925447
P2258	1514.05523	16.39	C18	POS	-1.0148638975	1.6084740868	-0.1866295012	0.8467433293000001	-0.0503233423	0.3773789672	-0.8389279423	0.5881647006	0.1039915062	0.7776013171	-1.1332676739	0.2456784578	0.0783917837	1.6424020677	-1.5112182227000002	0.6075618602	-0.0317971497	-2.0309685634
P2259	288.08468	22.624	C18	POS	-0.2608105493	2.0831933052	0.2289172722	-0.4524386233	1.0924465791	-0.8530249084	0.0481722318	-0.0426139626	-0.2413028639	-0.9675563184	-0.7583610971	0.7573790956	-0.8238974088000001	0.842603779	-0.6330675198	2.2221830828	-1.006277191	-1.2355449031
P2263	649.48066	17.215	C18	POS	0.3950175098	-1.0196427595	-1.0650336885	0.9376845309	0.5229368671	1.3563895021	0.1661799418	-0.259897743	-0.1838613527	0.057425283	0.8610519878	-0.0168097449	-2.4397204299	-0.7256155812	1.6089747598000002	-1.0240775902	0.8289985075	-0.1399655112
P2264	536.37172	11.497	C18	POS	-1.0498784136	-1.0094250864	-0.6889518243	1.188975625	0.2608157068	1.7353031325	-1.3993272955	1.2302690927	-0.47008397	0.0007039407	-0.8645815462	1.2026675258	-0.7063601858	-0.0956281697	-1.157879388	1.2288648384	-0.5655920672	1.1601080847
P2265	89.05987	24.524	C18	POS	0.9710462929	-0.4773914316	1.1856287123	0.8184787779	-1.848268488	-1.4918913042	0.7739203607	-1.2273189494	0.6237135156	0.9199645185	-0.7895387297	1.0486147222	0.8038019721	-1.145558238	0.1632003969	-0.310945641	0.9535898058	0.9209773446
P2266	479.18762	9.64	C18	POS	-0.8633013552000001	-0.5956409834	-0.8282128614	0.0268105754	-0.8695982356	2.0282223758	-0.9628657013	1.8613483047	0.3067371693	1.1688334689	-1.0227452492	1.3070481848	-0.4807051804	-0.2231600495	-0.3524937327	-1.0822433729	-0.7988255028	0.5174907903
P2270	365.30481	16.731	C18	POS	-0.8812089816	1.3047369366	0.1822830879	0.5304826678	-0.5378874456	0.7314132494000001	0.7034236103	0.1279219952	0.0240375246	-0.4541536842	0.6290044344	-2.7850124526	-1.2145045655	-0.7188100087	-0.6364256832	0.2133624064	0.7768992429	1.3680119828
P2271	1290.19319	22.573	C18	POS	0.0465914736	0.4950488298	-0.1097092331	-0.4410235436	0.8218274113	-0.6135535415000001	0.2323023773	-0.4759140917	0.8811874562	1.2962654729	1.6763882873	1.9289180581	-1.0363853623	-1.2331805712	-1.8354350113	-0.1755156914	-1.0196365468	-0.4381757737
P2273	1521.16754	20.673	C18	POS	0.1365665637	0.6124177411	1.2548579304	0.5552323829	-0.2172186841	-2.6767241545	0.3907627635	-0.2465561953	0.4342804551	1.6900141977	1.3527224239	-0.7530710016000001	-1.1640405051	-0.6329371902	-0.7596429648	0.3614677942	-0.5787101107	0.240578554
P2274	692.63412	22.69	C18	POS	-0.4579877633	-0.6244779189	-1.063472615	0.6099585004	0.5803007784	-0.1104582736	1.569842398	-1.4788987027	0.759130619	1.6133482696	1.0818150177	0.3732561095	0.17732919	-0.2224162211	-1.8480748075	0.8771951388	-0.4406967984	-1.3956929209
P2275	420.3189	15.831	C18	POS	-0.014871385	0.6993710755	-0.5467953553	-1.3450731805	0.6035970502	0.4733312319	0.8418374737000001	-1.8572592356	-1.4491964743	-0.0683447022	-0.3847181186	0.7482794284000001	0.2730285039	-1.3620422064	1.4975751245	0.8000938814	-0.3396562734	1.0312536583
P2276	205.14378	1.323	C18	POS	1.4422924861	0.0192743255	0.4315196213	0.4618583984	1.0206979989	-1.2277016682	1.3892824648	-1.869171631	-0.6500131428	-0.7200580132000001	0.1852664325	-1.7114095375	-0.4953630527	-1.0210626261	0.22107759	0.6968099451	1.1889200326	0.6377803762
P2277	356.35223	22.759	C18	POS	-0.1131218924	-0.5447376619000001	1.4503872585	1.2794257666	0.1185685755	0.6013124487	0.3836407426	0.2715234432	0.2451572091	-0.1170257031	-1.0351142826	-0.2257588125	-2.1810206418	0.580463614	-1.9048668199	0.4542468667	1.5843901317	-0.8474702424
P2279	903.49807	14.831	C18	POS	-0.3592432979	0.5740256156	0.2475661166	1.0956307554	-0.2439779587	1.1485242662	-0.3718747625	-0.928605476	-0.6163617498	-1.7671447836	-0.7669338133	0.1693245109	-0.0589381132	0.6770531231	1.8717300842	-1.054268288	1.7133721106	-1.3298783394
P2280	901.58058	16.058	C18	POS	-0.6562265466	-0.9198288171	0.5900602936	0.2970079087	0.7134694933	-0.1175531432	-1.15169355	0.8764238803000001	-1.9604935188	0.2607095571	-2.0846474247	1.7425927992	-0.2403190162	0.9918027752	0.9867651023	0.379282376	-0.1345097697	-0.7245359493
P2283	473.26514	7.215	C18	POS	-0.0593769879	0.5615640929	0.0938932902	-0.4518621245	2.1098035451	1.0851912358	-0.1719042043	-1.0436507482	-1.0876154053	0.0784304851	-0.9089694108	1.8814562173	-0.9881330821	-1.1942103176	-0.1895575532	-0.2337897804	1.3857797217	-0.8670489739
P2284	602.58668	22.772	C18	POS	-0.8885973863000001	0.2022018353	-0.1611299481	-0.3622837878	-0.4890765796	-0.7333820649	1.276835858	0.3419583004	0.1984135109	1.1475659598	1.2725334663	0.7189172726	0.4174199522	-0.0853167418	-1.2531544617	1.0210632885	-0.4175024043	-2.6955426492
P2285	984.89606	25.536	C18	POS	0.7707685007	-0.7084026159	0.6260616161	-1.0159230876	2.5420586604	-2.1896789848	0.5249783549	-0.2170786483	-0.2832287015	-0.8492815025	0.1667821469	0.5715319361	-0.6648772803	-1.1117633806	0.1316441905	0.5828534617000001	0.7596010976	0.3639542367
P2286	492.23976	10.14	C18	POS	-1.1467426294	-0.2359454468	-1.3309814451	-0.129701567	-0.5947762843000001	1.6333042214	-0.5442317967	1.9636387816	1.0362387574	0.0009327747	-0.8099325391000001	1.374811722	0.3107674201	0.7010709036	0.7304114307	-1.0440440039	-0.9206242083	-0.9941960909
P2288	533.41754	16.47	C18	POS	0.3246191884	-1.537050837	-0.5200341172	-0.6065596786	-0.8392313622	-1.2972429251	-0.4369553223	-0.0828846656	-0.2463278906	-0.4019956728	-0.1154247068	0.0187022789	1.5852888543	0.9337159566	2.9268476226	0.019748004	0.3414776455	-0.0666923721
P2292	930.60731	15.002	C18	POS	-1.1098476027	-0.8197924506000001	-0.4403963048	-0.8208775421000001	0.9419938785	1.6600384968	-0.8573262636000001	1.6077847241	0.7984853731	-0.5539691725	-1.3044899353	1.3001910056	0.0195390003	1.4190215869	-0.8329316059	-0.8605817961000001	-0.5579394125	0.4110980208
P2294	1479.11736	16.607	C18	POS	-2.0204193237	1.154757604	-2.1671981523	0.4476829797	-1.6341923289	0.2298966221	0.9281005031	0.618895692	-0.1256795688	0.0273676957	0.6167094022	-0.4134563128	-0.3597950908	-0.0094814721	-0.1649853772	0.0039107694	-0.7149595108	1.7836681632
P2295	96.04459	0.511	C18	POS	0.0271076767	0.6595210935	0.6134219663	0.1577919419	1.4329469057	-1.8166031132	-0.8177505299000001	-1.0041266336	0.8119131559	-0.5766583004	0.1971570966	-2.2027715295	1.4063894217	0.547214759	0.0803256278	1.0916853233	0.1594956368	-0.2198457395
P2298	239.14917	22.366	C18	POS	-0.0422137285	-0.393039835	1.8981814249	-1.6475836608	-0.4720310072	-0.0834286467	1.3933046676	-1.4083951228	0.7750651683	-0.4454210358	-1.2754865984	0.4090928162	0.6777060260000001	0.4024336218	-0.2935475138	-1.1926777524	0.072311103	1.6257300735
P2299	727.49093	15.233	C18	POS	-0.3352974986	1.1344005222	0.6824999882	1.0941179558	-1.7525540816	0.3987253087	0.9984279377	0.4774167784	-0.0483106305	0.410946255	0.4977708229	-2.6663378082	-0.2466114237	-0.1435486021	-1.5571388804	0.1848786996	0.3030498197	0.5675648369
P2300	682.59762	21.857	C18	POS	0.6560527683	0.833876732	0.7360417041	1.3281891322	2.2341163352	-1.0491922432	-0.2543627118	-0.4614771309	0.4615675723	-0.6742252015	-0.9228764613	-0.2252689297	-0.7245662964	-1.3826114668	-0.4159914829	0.9939442172	0.5263036541	-1.6595201908
P2301	336.31153	8.818	C18	POS	0.7342906668	1.4669764441	-0.838681478	-0.3221341074	0.2177226868	-1.0549122588	1.6817398107	-0.5424569242	-0.8113494383000001	0.5464636705	2.204935584	0.5857320447000001	-1.2689281876	-0.5394094854	0.1847998827	-0.5737976624000001	-0.3902352525	-1.2807559957
P2302	1626.08692	16.715	C18	POS	-1.2950313456	1.0235446851	-0.6287289811	0.38091717	-0.271842688	1.3035426151	0.2093615142	0.6391585818000001	0.0621704791	0.4986144579	-0.4006083953	-1.3617583366	-0.4461652669	0.1340622462	-2.1943695453	0.8394592569	1.1082322628	1.0292283379
P2304	526.28862	11.333	C18	POS	-0.5338616146	0.5902712145	-0.8726925366	1.5051108112	0.0807594112	1.9389861467	-1.0186978309	1.3146091075	1.0325920292	-0.7345700657	-1.2278499699	0.8015045853	-0.5843835027000001	0.9668517893	-1.0160780455	-0.9560635595	-0.617551041	-0.6689369285
P2305	846.29224	21.011	C18	POS	0.689975	-1.7688820165	0.7607109513	-0.1440209719	1.0024320862	-1.4067663791	-0.4522290353	-0.2630236594	-0.2551107564	1.2010680034	0.1796974723	-0.3293899494	0.188708408	-0.4291760383	2.5771921056	-1.3983075351	0.0980702303	-0.2509479158
P2307	1627.47725	23.288	C18	POS	1.1248938973	0.0401259218	-0.016751047	-0.3511144606	-1.6219585264	-2.3899464693	0.5668182348	-0.1307080782	0.6806104184	0.7732353757	-0.329407455	-1.1784216713	-0.0576158508	0.0071311885	-0.2164063298	-0.1385173651	1.448202389	1.7898298281
P2309	743.61607	21.633	C18	POS	0.4462455458	-2.0151005728	-1.0577599517	-1.1523376037	-0.5916302329	-1.1693285936	-0.3663626159	0.6854791848	0.5030939083	1.2455186459	-0.1999627351	1.0631600551	1.0665040487	0.3060309352	1.8532861411	-0.8594277052	-0.4095179085	0.6521094547
P2313	933.78692	24.205	C18	POS	1.0107842904	-0.1426752829	0.4748454821	-0.5016145003	2.4484155493	-1.8272257274	0.3354328821	-1.2076277935	-0.5558772265	0.2176345742	1.6223460855	-0.8458404282	-0.4940334097	-0.9549727698	-0.3672674455	-0.1102662423	0.1604941015	0.737447861
P2315	628.60239	23.09	C18	POS	-1.6515156590000002	0.3292293563	0.5621582365000001	0.2203186549	-2.0201120338	1.151167468	0.6786707086	1.0714809729	0.3495127953	0.0061890032	1.124341094	-1.2015279911	1.2208588105	-1.2694648966	0.8663990643	0.0702571672	-0.7417071034	-0.0875849391
P2317	1620.10275	17.311	C18	POS	-1.0047695545	1.3381034709	0.4257450815	1.4747007891	0.2184657566	0.9205575932	-0.8391925902	-0.9680759232	0.1059793703	0.2900548266	-1.4114505138	-0.2048227792	-1.099755303	-0.4532236929	-1.7807610176000002	1.0887889045	0.4011709558	1.4984846259
P2318	543.3445	11.917	C18	POS	-0.8685502708	-0.1889026557	-0.6976213076000001	-0.9672120782	-0.8949336130000001	0.6734631992	-0.8997460683	0.7248680817	1.8536491361	-0.137366443	-0.5082372711	-1.4056755292	0.2235051588	1.6476566919	-1.3026071697	0.551187015	0.6911154841	1.5054076398
P2321	778.65596	20.433	C18	POS	0.1773441805	-0.7184855201	1.1695611098	-0.5068524298	0.9923567162	-2.7123505297	0.5466204906000001	-0.1769062916	-0.7180019839	1.0717101618	0.5110853276	0.0178961875	0.3685771194	-0.3725325806	1.6741338849	0.270056472	-0.161028669	-1.4331836456
P2322	758.22174	20.575	C18	POS	0.4663192001	-0.1558674227	0.1509510223	0.1666535367	0.3375044267	-0.1524225981	-1.6430457718	0.8846460941000001	0.6229811758	0.7805186609	1.2924696798	-1.348315819	-0.2322923849	0.8339287129	-1.9903676608	-1.0600388185	1.8376763562	-0.0107797289
P2327	654.56652	24.57	C18	POS	1.1415004393	-0.2216007778	0.0699742557	-0.852491886	0.7992879427	-1.0434897576	1.4547066914	-2.2750564156	-0.0905026214	-1.3437595782	0.8404837679	-0.0461162268	1.2320713514	-0.7955815475	0.2519960743	0.6940453479	-0.5417315909	-0.1598196375
P2328	902.58471	21.494	C18	POS	0.7600723914	0.7227693641	0.5268996066	0.3623842432	0.7513446266	0.3109180981	-0.5188901358	0.045188478	0.3634196874	-0.1758806188	-0.3168641213	-2.7328988101	-1.8043862821	-1.0271464143	-0.8227043363000001	0.8480685723	1.0416206756	0.8433806391
P2329	369.38357	22.719	C18	POS	1.3527230063	1.0077076805	0.8818875057000001	1.3706937484	1.0974413489	-0.5020633167	0.6377672175	-0.5883327952	-0.9140131738	-0.8874090282	1.1472915266	-2.0931076812	0.0116196418	0.2727605389	-0.7566669406000001	0.0658395791	-0.8246870380000001	-1.27945182
P2330	318.3008	10.002	C18	POS	-1.9819657546	0.3639449383	-1.0068405384	0.5850356688	-1.2627842672	0.0468197819	0.234435392	1.3632191399	0.3757825865	0.7889956633	-0.2781150842	0.8716703329000001	0.2321335477	0.6527764372	-2.2213049555	-0.5394664376	-0.7995465087	1.3124257907
P2331	172.15259	21.41	C18	POS	-0.4226330895	-0.3578329916	-0.1215423845	1.9592292088	-0.3711820466	-1.4920697466	1.3136991883	-0.0195485687	1.0092262598	-0.3774741075	-1.2081612935	-0.7609518193	-0.6323067417	-1.344169045	1.7153566799000002	0.7449140073	-0.4414963807	0.8069428711000001
P2332	625.48129	17.337	C18	POS	-0.1263816961	0.6199637651000001	0.6547692997	0.1503071218	0.9891593802	-0.8055511184	0.5488977978	-0.9139183629	-2.8190601086	0.8828561383	-0.0663569249	-0.2854887322	0.6347944996	1.352695046	0.2919804741	-0.140806358	-1.746775651	-0.1350029335
P2333	524.29859	9.761	C18	POS	-0.5134906909	-0.5683426581000001	-0.7503314787	-1.1170886218	-0.3546254753	0.5126335895	-0.9739241447	2.267515633	-0.3369150393	1.0970540618	-1.0930932717	2.3465520716	-0.2151618436	-0.484888833	-0.408144006	-0.2859189234	0.7474587866	0.1307108441
P2334	698.55682	15.225	C18	POS	-1.6162797363	-0.0342113451	-0.6463135654000001	1.0638569659	0.2698961267	0.4655160298	-0.0306780565	0.7444875014	-0.1284412439	1.0332695614	-0.0067401618	0.8888448827000001	-1.077360925	1.1074252291	-2.5905582679	-0.0997259151	-0.6186216389	1.275634559
P2337	152.06209	21.519	C18	POS	2.353131563	1.9295656285	-0.5461339168	0.4965978483	0.3440373956	-0.211473857	-0.618959102	-0.7697651115	-0.9471260042	-0.6816393407	-0.3636173852	-1.2043878112	0.4126952268	-1.0329153239	0.5202751659	0.7089731330000001	-0.2282982266	0.4256519971
P2340	194.11766	20.975	C18	POS	0.6008210642	-0.5913124488	1.9081072881	-1.1128935486	-0.2475500419	-1.8029643596	-0.2563102272	-0.738580949	0.6455952597	1.1947838636	0.7657974402000001	-0.8346715688	0.1677853328	0.2982942679	0.9009772692	-1.1829250082	-0.4908167997	1.5416606065
P2341	841.7247	23.625	C18	POS	0.5840403537000001	-0.2749217055	-0.4009022309	-0.3351045441	-0.6561778893	-0.1826094729	1.3840656311	-1.4057570374	-0.4155254728	-0.6304284041	1.2279277108	-1.5556687452	-0.4754358886	-1.1070357235	-0.1705794052	1.9271192774	0.9523300372	1.5346635094
P2342	681.48357	22.286	C18	POS	0.5883163395000001	1.6291243062	1.1391779697	-0.9995304157	1.4780386395	0.5524844607	0.6247759169	-1.348367836	0.4232748914	-0.5894351273	-0.8240771169000001	-1.1699747199	-0.1602310716	-0.6279371392	0.6352777497000001	-0.2483400065	0.8517734996	-1.95435034
P2344	344.22777	24.012	C18	POS	1.6155499015	-0.441514618	0.2343535227	0.6936351347	-1.0745801498	-1.6604389324	-0.644808014	-0.1282238259	0.2579811263	0.3825982914	-0.4149757695	-1.1214635612	-1.6332491817	-0.3109543717	1.3930614414	1.0742625695	0.104739505	1.6740269318
P2348	1499.41528	25.674	C18	POS	0.5451387135	-0.2495180598	0.9288734774	0.1034968893	1.3343968258	-0.4085062126	1.2304870959	-1.6326357068	-0.2184322856	-0.6618318082	0.9877100599	-2.284591923	-0.9182973531	-1.0218635878	0.059467978	0.6203029722	1.2544849323	0.3313179927
P2349	257.13641	24.011	C18	POS	0.3010462886	1.5847613199	0.8464646354	-1.1202797786	1.1853484463	1.0512936288	-0.0325099488	-0.6869938529	-0.16347207	0.9497535095	0.5169544389	-0.0843057165	-1.9527937631	-0.5633447022	-0.8941704669	-0.986386199	-1.1908065851	0.5126240434
P2350	740.5575	17.779	C18	POS	0.2012402427	0.9455985892	0.2336934111	1.5565452928	-2.762649287	0.9135352039	-0.2668177942	-0.3040782416	-0.6027657291	-0.5459491973	1.1195238545	-0.3149638193	-0.098208379	0.1337199798	-1.1024471004	-0.5551635511	0.6368451111	1.0135816566
P2354	202.18007	22.955	C18	POS	1.291246367	-0.7573029375	1.2622439036	1.0249365428	0.3501046519	0.1491322197	0.8474619388	-1.009970794	-0.5719447425	-2.3060730084	0.921350718	0.1016048994	-0.3304167334	-1.3612151575	-1.2844075368	0.7521980327000001	0.7118376472	0.2092139891
P2355	1472.06889	17.521	C18	POS	-0.3027319622	-0.1307069122	1.0427130016	1.1497648382	1.5696758606	1.3062125051	-0.7264563668	-0.0242021729	-1.3892303862	-1.2958958421	-1.8328517159	-0.1077085274	0.4623900467	-0.2549694309	1.4468405533	-0.3755230843	-0.5333955651	-0.7303812064
P2357	503.10719	22.415	C18	POS	1.4796786447	1.0600148632	0.9709460998	1.3471402737	1.2576639103	-1.4122565382	-0.6028798915	-0.699893109	-1.3940847671	-0.9163915441	0.5075954434000001	0.597920768	-1.2428029679	1.081032623	-0.6211748575	-0.6646780062000001	-0.7487589327	0.0009279881
P2358	785.08513	20.318	C18	POS	-0.1517694817	0.4483835851	0.7894233606000001	1.2193833456	0.7930910788000001	1.1519834957	-0.0442091049	-0.5583386568	-0.0509888258	-2.3618862897	-0.8710618494	-0.6226111566	-0.9468374522	-0.6999759958	-1.049295746	1.3775112245	0.5314658327	1.0015235309
P2359	932.77503	23.731	C18	POS	1.2532621355	-0.565160609	0.4235729261	-0.5498586901	1.5053170765	-1.7545609101	1.3644507665	-0.3109020399	0.3293725095	0.1064427566	2.0426490278	-1.4900790865	0.1367036738	-0.7833061769	0.1115254365	-0.6245451055	-0.776505949	-0.4183777421
P2361	174.12768	22.721	C18	POS	1.4368347982	-0.5849570619000001	1.446752998	0.3131602165	1.6394676485000002	-0.5780006564	0.4696159928	-0.8656020026000001	-1.334105613	-1.1263564957	1.2962005935	-0.8989201655	0.4384730294	-0.8822655252	-0.1089027743	0.1966519571	0.8051916855	-1.193622632
P2362	758.53581	15.404	C18	POS	-0.7976574732	-1.5205307298	-0.2691169974	-0.4136982193	-0.6090236492000001	-0.6800569775	-0.2472109278	0.5107982275	0.0224128104	-0.3372350052	-0.1646383716	-0.0269840343	-0.2908542006	0.3624854465	-1.2574608585	2.0487481675	2.0874788941	1.1270513263
P2363	554.39276	10.5	C18	POS	-0.3142215623	0.5698996839	-0.2322997817	0.895292933	-3.0405647342	-0.2413563695	0.4719613472	0.5169002231000001	0.856286521	0.0396910541	0.6886871419	-1.7212839372	0.7495908131	0.6149902896	-0.6943880166	-0.4870749524	0.3363208078	0.9915685393
P2365	728.60329	16.765	C18	POS	0.5594759072000001	0.892135623	-0.567158734	1.4992468318	1.1920507664	0.0822891118	0.4765311307	-0.5753483260000001	-0.0377354023	-0.7829446407	-0.8347852461	-2.6579577112	0.1045208277	-0.5156362269	-1.1755106881	0.994986158	0.2226409555	1.1231996632
P2370	874.55632	16.735	C18	POS	-0.2486158826	0.8346974069	0.8242478766	-0.2423944253	0.3574120314	1.3716026816	-0.546346075	-0.6135836756	-1.8197612185	1.910512549	-0.5114158307000001	0.4569682952	-1.7124482581	-1.1692152685	-0.4727386772	-0.2986767792	0.8751230815000001	1.0046321686
P2371	589.51906	16.212	C18	POS	0.1911588128	0.1603350207	-0.4619060916	0.9239878703	-1.3789240394	0.605625877	0.1041868982	-0.096115712	0.0761983687	-0.1028410721	-0.0832428101	-2.0424812536	-0.8515089131	-1.4627483976	-0.7460196473	1.56780331	1.3937075543000002	1.4567645775
P2372	113.10753	17.224	C18	POS	1.1196997315	0.5367515308	1.0615355041	-0.771761514	0.6077732555	0.4498522254	1.0488533011	-2.2027713509	-0.1467764054	-0.2167538279	0.6545374666	-1.4051640993	0.0896766904	-1.1682023591	1.2165876299	-0.3579154691	0.4833361492	0.7463884125
P2375	623.32036	9.372	C18	POS	-0.7042226932	-0.5911124456	-0.2349887942	0.3628595127	0.6440561029	2.5811820349	-1.9246704144	1.1440757913	-0.7043647742	-0.4260827072	-1.1301857613	1.3295279582	-0.5491583375	-0.4815628808	-0.2652824659	0.0334442386	0.2036740381	0.7128115978
P2376	452.39515	9.172	C18	POS	0.5244492694	1.5900918883	-0.5562378824	-0.1833641998	0.3413552291	-1.0752087714	1.6143823421	-0.2428882804	-0.8294557535	0.1055377365	2.1756516206	0.6671731161000001	-1.2323405553	-0.4263067043	0.34953279	-0.5733843729	-0.7015962345	-1.5473912376
P2377	966.65566	10.469	C18	POS	-1.3304706428	0.7615384533	0.0488669674	0.9196280888	0.7845783867	1.9287407544	-1.3257845784	0.0946204137	0.5378101589000001	0.2906172054	-1.4197586158	1.4041660571	-1.0670815839	-0.900347816	-1.0048109585	-0.853363874	0.4892261727	0.6418254111
P2378	904.59228	14.84	C18	POS	0.9165841115	0.0754863545	-0.3001103157	0.5670604274000001	-0.642803357	-0.6502243513	-1.1987018719	1.0458027587	0.807068262	-0.3791020631	-2.2899060433	1.0946189641	-1.237173644	1.7105062952	0.7923515834	-0.5806905775	0.718286143	-0.449052676
P2379	100.07586	22.825	C18	POS	-1.070245163	1.0055845992	0.7766811327	-0.6713561945000001	0.7639269666	0.1934262569	1.2726817744	-1.4845742535	-1.1364315682	0.3341583207	-0.0502378917	-0.6293730042	0.5086404679000001	-0.6561476788	1.7912086279	-1.6622541603	-0.5448111142000001	1.259122882
P2382	173.07838	15.466	C18	POS	1.3831400655	0.0796090117	0.7610468456	0.9208189146	0.6002474639000001	-0.3729542777	0.268305699	-2.5653486125	-1.7992688917000002	-0.1192828001	0.6477972657000001	-0.6120866938	-0.0774765108	-0.8377036130000001	0.5328673705	-0.0634992289	1.0740782288	0.9407566089
P2383	228.19605	22.589	C18	POS	-0.4324131674	-0.6280180415000001	-0.2581676325	1.5457407619	0.0018513978	-0.6349012619000001	0.0977186803	1.2010124233	-1.6454011609	0.5314714808000001	-0.5944753580000001	-1.4383900944	1.5362565642	0.7550354601	-0.9545590229	-1.2370112861	1.1186624542	1.035587803
P2384	662.57133	20.507	C18	POS	1.0497699053	0.1402743966	-0.3017534951	1.3813574876	1.5171878703	0.8511841879	0.3250335875	1.2838940303	-0.3273695774	0.0644162899	-1.2498072729	-1.5939177187	-1.7351695404	0.5121380951	-0.5168003409	-0.8537029845	-0.1334430749	-0.9300921866
P2386	1648.08206	16.609	C18	POS	-1.3443963706	1.3910900409	-0.4403416124	0.9068643006	0.6602641246000001	1.7334435196	-0.1109925122	0.7702511343	0.8101642689	-0.8599722787	-1.024374638	-0.3109603547	0.6290357105000001	0.4209117407	-1.8060695693	-1.6342647987	-0.145675424	0.3550227185
P2388	522.48812	15.836	C18	POS	-0.4003411719	1.8375838478	-0.0930079585	0.6094898818000001	-1.5613254681000002	-0.7431483723000001	-0.481238961	1.4207142133	-0.1733439038	-0.113140472	-0.4864830927	1.3995096166	-0.9008379837	1.423869914	-1.4885398768	-0.4099100158	-0.6267765961	0.3865852273
P2389	741.55455	15.966	C18	POS	-0.5686808411000001	1.4646344427	-0.6108735733	0.4308035769	0.0689285049	1.3591194741	0.0929803775	-0.3345132793	-0.3858848126	1.5660594596	-0.4581576775	0.1141133594	-1.8546742485	-0.9324821233	-1.5169179707	-0.6481398932	1.6963944486	0.5172907762
P2400	610.54002	21.969	C18	POS	0.0009491587	1.2195325756	1.1245420278	1.1420240281	-0.6189162534	0.7257264694000001	-1.0955528654	-0.5740759771	0.2610174946	-1.8072784906	-2.1469689513	-0.7889769461	0.8383313976000001	0.3897708321	0.3377134272	0.9844867291	0.0076753436	0.464411622
P2401	180.15952	20.874	C18	POS	0.1318285436	-1.7197118888	1.7822897979	-0.4863514861	0.5841907878	0.220667909	-0.3500337817	-1.131621823	0.460628095	0.3422669276	-0.3580576918	-1.4828832227	1.3406984173	-0.0618270196	1.8749478542	-0.3497307057	-0.161545978	-0.4012946528
P2402	215.12576	20.216	C18	POS	1.2606922962	-0.7700935717	0.7495825079	0.1483715198	0.7272134370000001	-0.1783477074	0.4226681967	0.5946463489	-2.896405131	-0.2209017694	-1.5074331155	-0.1412706854	0.7526917024	0.7161751946	-1.0058465091	0.3108205385	-0.0663562848	1.1037930323
P2403	264.26944	10.427	C18	POS	-2.4918387782	1.1441740608	-1.161305816	-0.4311185941	-1.4794483929	-0.5349246784	0.8700951529000001	1.3447288424	0.4558755221	0.4822528212	1.0952483133	-0.2171651256	0.2184508549	0.474655826	0.3829940677	-1.0719972125	-0.7852005845000001	0.6080693958
P2404	329.19359	22.337	C18	POS	-0.1580930664	1.1132902558	0.6817862838000001	1.5374636387	-1.5625499972	-0.5934751823000001	1.0511114658	-1.2574499022	0.0074658246	-0.7586844534	1.1321874227	-0.8175207090000001	-0.6459982388000001	-1.7013434982	0.3541367922	-0.2218365052	1.3944335167	-0.3724443566
P2405	437.34518	21.343	C18	POS	-0.7869686611000001	1.9177496084	0.4312764833	-0.2557064211	-0.3568459828	0.0796741271	-2.0310210964	0.2202909885	0.0608073851	-1.1922793104	-1.2466598467	0.1749679312	0.3489990199	0.030914211	0.6961242379	1.6687305751	-1.0448171198	1.2847638709
P2406	191.16448	1.409	C18	POS	1.2385877542	0.03597322	1.1701067331	0.7346025503	0.9655816139	-0.2739724514	1.5031269511	-1.6291305598	-1.0613930725	-0.3625882153	1.2376049973	-0.7017543024	-2.1168599877	-0.7491377570000001	0.2167442463	-0.4292292332	0.2762410779	-0.0545035647
P2407	296.25672	7.756	C18	POS	0.0591395973	0.9671049915	0.4259662302	0.312815261	1.1633498273	0.1087024043	0.9891809633	-1.0072688851	-0.6430643482	-0.8204859151	0.8390078579	-1.9015766417	-0.2046808855	-1.7689814529	-1.3625554223	0.6268501494000001	1.3726989964	0.8437972722
P2409	608.32397	11.836	C18	POS	0.8552019054000001	0.5285734524	-0.7864824976	0.6637293411	-1.4552357414	0.1238909047	0.428137221	0.1341067666	0.8578103706	0.0947506079	-0.4518843344	-0.7863743814	-0.3461637636	0.9012262796	-2.9799795492000003	0.1326555351	0.9364565008	1.1495813824
P2412	310.28252	24.968	C18	POS	-0.2414818378	0.6067425860000001	-0.5994833565000001	-0.961027099	-1.9158821252	1.8274459519	-0.2212160287	0.7761099117	0.9011276812	-0.8061896341	-0.9652924106	-0.3314797614	-0.7721343097000001	1.0987806007	-0.3560154977	1.2975057157	0.6471721530000001	-0.4473804059
P2413	1295.07132	17.476	C18	POS	0.0883179604	0.7280091651	2.0406673402	0.7297155063	2.3620445083	0.2900272323	-0.5687265463	-0.5876429745	-0.6725618505000001	-1.0049745908	-1.7461481710000002	0.237509278	-0.3410876103	-0.4110474861	-0.3262540992	0.2718724529	-0.1133178274	-0.6863750550000001
P2415	1478.11824	16.594	C18	POS	-2.2148998766	1.3018305871	-0.9533901471	0.8409594433	-1.2999416939	0.0471934811	1.2852951137	0.6456396899	-0.3886155126	-0.4577003863	0.9525970392	-1.2676471342	-0.2246481398	-0.4888428523	-0.3673688349	0.2588582123	-0.7315350580000001	1.3949055401
P2417	820.54908	15.644	C18	POS	-0.2278236929	0.5436917439	0.3213865983	1.1476978197	0.0114944341	0.6632749451000001	-0.8587839315	-0.475802776	0.3500385753	-0.0647690173	-2.6876762644000003	0.7637761479	-0.048825719	-2.1005275628	0.1694409961	1.0975047836	0.3289982697	1.0669046503
P2420	600.60724	23.187	C18	POS	0.5599511655	1.7431058209	0.0484959626	1.3939314352	0.00385747	0.9820616507	-0.1705467152	-0.6492797912	1.4589470429	-1.3672855622	-0.9259017772	-0.1842277297	-0.3749791966	-0.6443446697	-1.7421701675	-0.6172813579	-0.6903585486	0.9917972384
P2422	1619.41694	22.336	C18	POS	0.1133857214	-1.0597695056	0.0453241519	-1.1242247058	-0.9051189862	-1.5402080225	-1.5293210108	0.5761055313	-0.5148757886	1.0546073836	-0.462048842	1.3510740939	0.8912187064	0.7859162771	2.1173479325	-0.7231888660000001	0.0199687837	-0.1559623601
P2423	897.48169	14.831	C18	POS	-2.0573808257	0.2216084895	-1.5683794975	0.2741872912	-2.0253539975	1.155970978	-0.1072753843	0.822804549	0.3112516819	-0.0670528848	-0.4307155211	1.3118687076	0.2768010374	1.2688477774	0.8966334632	-0.3402109346	0.4974895735	-0.4410945034
P2424	135.1017	20.826	C18	POS	0.6455142368	-1.4434056705	0.4123342597	1.109065202	0.2160848569	0.1614114776	-0.5676296847	-0.7257613256000001	0.266578683	1.2060859477	-2.3818019966	-0.6007582479	1.2821257782	-0.713407611	0.2245134335	-0.8191615713	1.4148770681	-0.2542945207
P2425	149.11719	24.113	C18	POS	0.0624452098	-0.9370526535	0.4699604076	-1.5889532177	1.7573632929	1.308302847	-0.1158552817	-0.9947529394	1.3650418526	-0.3989417419	1.3994402754	-0.594270482	-1.6472326884	-0.6047354541000001	-0.6769767455	0.1752750899	0.2401798671	0.7807623619
P2426	634.5084	14.552	C18	POS	0.3912796392	0.1897935937	-0.6238687563	-0.7404548302	-1.142611787	-0.2762592084	0.3722684579	1.6863320066	0.8393231184000001	-1.4613919614	-1.7274729802	0.9970252626	1.4254392159	1.2215286431	-0.0219929187	-0.2148840327	-0.4538422041	-0.5227738234
P2427	604.53757	22.549	C18	POS	1.0382508061	-0.3546899619	0.9827752602	-0.9899119821	1.5493086836	-1.6858875327	1.5975106867000002	-0.7769459706	-0.0788975667	-1.1638726392	0.1901713219	-1.0060603348	-0.0812348768	-1.1015394826	-0.5420510668	0.1974983667	1.0301968014	1.1953794875
P2428	947.74572	23.742	C18	POS	0.527490769	0.5211389784	1.3422510022	-0.139455875	0.9057315639	-1.2079149023	1.6834002868	-0.8538379931000001	0.9997335227	-0.4632906228	0.9651188855	-1.4874576115	0.8712123258000001	-1.8758470041	-0.158961037	-0.2687156006	-0.4275070728	-0.9330896152
P2429	239.14914	23.138	C18	POS	1.1886249626	1.7714237285	1.4826075567	0.2798248379	0.4094351618	0.9107242547	1.2128404754	-1.2812760132	-1.0431224218	-0.6667223491000001	-0.1362672999999999	-1.6410890508	-1.0751448113	-0.8048993723000001	0.2938346799	-0.7463087749	0.8704268556	0.163712543
P2430	806.56971	15.543	C18	POS	0.5496641841000001	1.0896623346	-0.1032629525	0.7560016318	0.1448066875	1.5048732112	-0.7018278111	-1.5123580117	0.3064274849	0.5918834819000001	0.3426850719	-1.6179743364	-1.7494306058	1.2917348022	0.0356492299	-1.4568552667	-0.3236569153	0.8519777793000001
P2431	1477.0999	17.456	C18	POS	0.8593886543	0.6607440514	-0.9942182728	0.6645404293	0.5896252593	0.8909597184	0.2707525434	-1.5375511501	-0.961913264	1.2516254145	-0.9149299032	-0.1544314394	-1.5658259815000002	-1.7922765642	-0.0245193071	0.5401740668	1.2626486851	0.9552070599
P2432	973.89378	25.483	C18	POS	0.6401090914	-0.1191853825	1.3076111701	0.6827805223	2.2467662696	-1.9020897033	-0.9827887847	-1.0003533886	-0.2865906452	-0.6191614569	-0.1258685661	-0.2028992502	-0.5526248155	-1.2130729623	-0.0789172752	0.6110074654000001	1.4364167982	0.1588609135
P2433	101.05987	21.417	C18	POS	-0.4668172973	-0.1933245189	1.3546241511	-1.3569546734	-0.6720979157	0.3085504676	-0.2996164506	-1.7528329581	0.468430649	-0.5735613986	1.4257847118	-1.1633637867	0.8613748449	-1.2550212359	1.1854658908	0.7779066083	0.0974961012	1.0606322917
P2436	1553.05682	17.078	C18	POS	1.6365817192	-0.447532714	1.1693837254	0.3697560999	0.1674871721	-0.8208181745	1.2732593782	-1.3841316599	-1.3009774146	0.0318971538	0.7174877086	-1.5877297697	0.4393103412	-1.8310985954	0.0627643595	0.4186002216	0.9518908767	0.1338695718
P2437	784.58382	16.476	C18	POS	-1.8673595436	0.0628527502	-1.2719305123	1.1736587848	1.4310584488	0.4696108022	0.2030146456	-0.5045241547	0.3640624963	-0.5078452560000001	0.3284043325	-0.8059840232000001	-1.0033082667	-1.1854596726	-0.6082351477	0.1925325975	1.6677815684	1.2534350028
P2438	502.32874	9.905	C18	POS	-0.8795056357000001	-0.7094830895	-1.0702342579	-0.1420608485	-0.5258846275	0.9650397072	-1.0340630481	1.8142813932	0.8076453462000001	-1.116325504	-0.8537849511000001	1.3730448725	0.5467693748	0.8366073954000001	1.4911874054	-0.7954082872	-0.5342196011	-1.05311128
P2440	157.16988	24.166	C18	POS	0.3156194088	1.7303952614	0.0854829305	-1.4848584158	0.2837555836	-1.4094871531	-0.2544469788	0.4439274138	1.017125326	0.0161155401	1.0607921783	-1.2501585229	1.0971519033	0.8704781903000001	-0.4261494737	-1.4191841549	0.7237965149000001	-1.4003555517
P2442	91.04184	15.413	C18	POS	1.1849631779	1.0653630102	-1.6093854261	0.7528441307	0.192762427	-0.3188485828	0.2162827192	-0.4424100489	0.5982115312	-0.6436135255000001	1.0043044292	0.1143058717	0.3490792682	-1.0620002009	-2.6044050857	0.0367843992	1.0027095293	0.3558148031
P2443	764.55707	17.768	C18	POS	-0.1497332881	0.8015461406000001	0.022373703	1.8891841897	-1.2037454359	-1.8371878484	-0.2862286925	-1.6679178123	-0.2646899295	-1.0169978474	1.4264770243	0.5195377703	0.1103867695	0.4181827437	0.6704974771000001	0.3918465831	-0.8768052789	1.0532737315
P2445	1502.14918	15.932	C18	POS	0.1378932133	1.6209558439	-0.3753561095	1.1412959403	1.5449271847	0.6431475866	-0.0037138844	-0.8328090245	-0.6382730269	-0.7928163995	-0.744330793	0.2945910233	-1.6453964801	-0.9073671469	-0.9069054105	-0.2271727843	0.3130441869	1.5416614546
P2446	132.10184	24.19	C18	POS	0.9278973692	-0.6185083077	0.5546367759	1.49368524	1.3523138118	1.2135821674	-0.4386484555	-0.5010482127	0.1833520807	0.3275210885	1.0634991302	0.1093081449	-2.1254841436	-1.2636227726	-1.7159783419	-0.1087691756	-0.3137516152	-0.1399847838
P2447	643.5276	24.481	C18	POS	0.0634663895	0.3616481198	1.1432559625	-0.4544693888	0.2376926967	0.7391409314	0.9140056642	-2.3721078364	-0.1414367507	-0.9563151865	-1.341512592	-1.2974031039	0.6826090694	0.6250727357	1.5625207431	-0.1833563225	-0.6429447787	1.0601336471
P2451	389.19778	12.29	C18	POS	-0.1532179665	1.0813828361	0.2221723491	0.8092486990000001	2.3907865352	0.1641825269	-1.0154939533	-1.5058827209	-0.0563238713	-0.4455649579	-0.1885807208	-1.7959601197	-1.3562453415	-0.1889578669	-0.1684397268	0.7262762441	0.9291979111	0.5514201441000001
P2453	736.57564	20.823	C18	POS	1.0818826925	0.1455067681	-0.6171261370000001	-1.0707606354	1.008857734	-0.6785906461	-1.2183902867	0.3285672683	0.8315904753000001	-1.9354595675	1.3896559807	0.352996669	0.9459453243	-1.3200029723	1.0449523034	0.5428975547	-0.3022503692	-0.8325225255
P2456	299.19635	10.998	C18	POS	-0.6985271584	0.4977858889	-0.2427049557	0.8361029065000001	0.7896689084	1.7971864423	-1.9355316973	0.4001286961	0.4742795291	0.1330684985	-2.3309346261	-0.2852221753	-1.1674196405	1.1760101169	-0.0690368794	0.4166621966	-0.0427654227	0.2512493721
P2457	546.25734	9.637	C18	POS	-1.1970529901	-0.4343762598	-0.6784472405	0.1861880885	-0.7133608762	1.9683165549	-0.9392369666	1.4533393798	0.8319912613	1.2608618243	-1.0218501195	1.183858212	-0.6250527215	-0.4032919328	-0.4286283541	-1.0027009683	-0.6896273242000001	1.2490704326
P2461	937.76216	24.382	C18	POS	-0.26611485	-0.6275839905	0.6650525851	-0.3800732949	3.0256269851	-1.3630983913	-0.4337665206	0.5499156671000001	-0.477998485	0.1598560239	0.1647024362	0.0469492298	0.2821486476	-1.2705791291	0.4024612721	0.4609854059	-1.6210553455	0.6825717541
P2464	1530.09	17.661	C18	POS	-0.3901395668	1.5393330439	0.7727361085000001	0.5934074857	-0.9926176366	0.0277378896	1.0463913945	-2.0495268609	-0.0222495484	-0.7995225778	0.0918393724	-0.5825645848000001	0.7015003569	-0.0685972721	-1.906561158	0.7154454595	1.2689609275	0.0821650565
P2468	97.07614	23.918	C18	POS	0.7863050869	0.4092661919	1.3178719738	0.8859726177	1.2341566483	0.1500726024	-0.0603736014	-0.7266035816	-0.2173193853	-0.4404431965	-1.2816733928	-0.2307770837	-2.6865307671	-0.5717259888	0.8314795311000001	0.6574423819	0.6192735725	-0.1174936381
P2473	853.72591	24.718	C18	POS	1.1487197532	-0.8709727696	0.5200249249000001	-0.3790962314	-1.4979390592	-2.294875322	-1.5314846025	-0.6218678419	1.1014226483	0.6517842127	-0.4552057888	-0.0234515736	0.9305793981	0.4471480003	0.9277331023	0.5315632942	1.0304295007	0.3854883547
P2474	914.58173	15.951	C18	POS	0.0936529126	-1.2918364006	1.7744495952	0.5287005976	-1.1867366598	1.402668352	-1.3740330235	0.098538534	0.0960643824	-1.5532851567	0.1654936514	0.1962115415	0.1555526328	1.1231528383	0.6859935978	-1.1258763336	0.9182662272	-0.5414836372
P2477	1520.16404	20.702	C18	POS	0.8208302767000001	0.8552470375000001	0.0156939723	0.4116307896	0.6466099695	1.7743182734	0.5109337195	-0.8547133971	0.9912017619	-0.6506688458000001	-2.2310012883	-1.2831258881	-0.1872277576	-1.0525125109	-1.0567869276	0.6656972647	0.997567454	-0.3736939036
P2478	487.27988	11.923	C18	POS	-0.943915344	1.0017964284	-1.1889963466	-0.2951280024	-1.1446214219	1.3129520927	-1.5429948899	1.0730693961	1.2606930336	0.5578151194000001	-0.7606416209	-0.1744791726	-0.7786316396	1.0392534031	-1.4407486796	0.1752692939	0.8105984707	1.0387098794
P2482	101.0598	16.462	C18	POS	1.2421554144	-1.3835311205	0.9405556164	0.819791551	1.1178540726	-0.6806532769	0.5582020710000001	-1.7725282240000002	-0.1312633912	-1.4337902704	0.430057908	-1.0198044937	0.2310144385	-0.2049261982	0.7743905912	0.7329112994	1.1675578522	-1.3879938398
P2483	520.27096	11.331	C18	POS	-0.5986085042	0.5447567258	-0.9067299712	0.5540192599	-0.16505006	2.0372413898	-1.0156610315	1.5554301431000002	1.1856943452	-0.4016216944	-1.6584984638	0.9228282888	-0.5074430345000001	-0.058185469	-1.2261297565	-0.8096876186	-0.3773519365	0.9249973877
P2484	104.10544	20.794	C18	POS	0.6295263607	-1.5142891843	-1.6443928448	0.1444666118	0.7325564385000001	-0.631491733	0.5533661328	-0.8899396314	-0.2597404284	0.8867417390000001	0.7664730369	1.7705044369	-0.9051155951	-1.4485928457	-0.2391678993	0.0415196805	0.3022198461	1.7053558788
P2486	710.61576	15.754	C18	POS	-1.101558193	0.3890326642	-0.368264635	-0.1484989965	-0.4160712384	2.0375456782	-0.9145456508	0.7097527095	-0.4685555155	1.8864307053	-1.0325298072	1.6935538337	-1.0788801116	0.2736791423	-1.0104653576	-0.8605610913	0.2938010495	0.1161348141
P2487	996.32996	22.249	C18	POS	0.4973050078	-0.7836522234000001	0.6486114729	-0.8542906193	-0.2963281948	2.0918348146	0.3776018147	-0.2995814617	-1.132880726	1.1059105539	-0.2502439554	-0.6740899321	-0.6720798796	-1.0322869447	2.4899423959	-0.232199927	-0.4083259182	-0.5752462776
P2489	874.85836	24.36	C18	POS	0.5134219833	0.8650897976	2.1672520384	0.5661078845	-1.8906438181	-0.8971662996	-0.281690703	-0.5398336637	0.4711390007	-1.5266237371	-0.3592337877	-1.6044776169	0.2712184257	0.5174614222	-0.1163738641	0.32870839	1.1778759334	0.3377686146
P2490	963.83584	25.493	C18	POS	0.4914042067	-0.6132594051	0.9517522166	0.2483669184	3.1698794211	-0.3367724157	-0.8303673942	-0.6454247606	-0.8716979802	-0.7777418920000001	-0.6182998064	0.440563503	-0.63929052	-1.0580983767	-0.1995660347	0.6868867006	0.4821453037	-0.2172521003
P2492	96.05578	22.122	C18	POS	-1.5853626556	1.0083421685	0.3907529427	0.8986882881	1.2507185018	0.1611521756	0.5644612045	0.2544308208	-0.0489832976	-1.5892653496	0.3855278422	-1.465479785	-0.9564413065	-1.2362808002	-1.0667300921	0.9729490137	1.2023002535	0.8592200752
P2493	369.38356	24.014	C18	POS	0.8612702734000001	-0.0916402399	0.9391342897	-0.3571911302	-0.9629042727	0.1073356145	-0.432770465	-1.4323216855	0.2063886419	-2.0087149915	1.1641406665	1.1891740367	0.1966599494	-1.7235312146	-0.0731809187	1.0966934964	-0.0893951568	1.4108531063
P2494	838.59496	17.161	C18	POS	-2.6046340317	0.1518011251	0.3893167886	1.5783092459	-1.5436755859	0.4709353775	-0.1390810277	0.0331977916	-0.1294166405	1.7280987918	-1.166420773	0.8024717090000001	0.2679839576	0.6872182725	-0.1522605042	-0.4948268035	0.2818939148	-0.1609116079
P2495	758.22155	22.981	C18	POS	0.439644378	0.0008706761	-0.5463344799000001	1.4042264209	-0.212064052	-0.856642699	2.2659947229	-0.0439722885	-0.4812080726	-0.5920674385	-0.4045435735	2.0760873653	-0.8576341668	-1.3784365399	0.3094588735	-1.313503631	0.3074912032	-0.1173666982
P2496	158.09638	24.225	C18	POS	-0.2412360277	-0.6888967987	-0.1696116637	-1.8329147534	0.4843604954	-1.2487809771	0.1761781761	0.1936917798	-0.1345756899	-0.4688962226	0.8665701586000001	-0.1365933775	-0.6935001747	-0.432324029	2.3066939132	0.5540825866	1.6138372385	-0.7170020405
P2497	857.51646	14.855	C18	POS	-0.57257979	-0.5855242930000001	0.0691027004	-0.1014342456	-0.2937984615	0.88103149	-1.5418136322	1.6080626957000002	-0.4983045285	-0.5683961071	-1.2382050634	2.8892405481	-0.2594535934	0.3225591287	0.3592969392	-0.3227821995	0.4837103298	-0.6307119176
P2499	103.09479	22.615	C18	POS	1.1198801286	0.2858953736	0.8829657265	1.193057149	1.0392927176	0.0118185567	0.8536821382	-1.4434968526	-1.1201245573	-0.9085572989	0.6812816295	-0.7239556464	-0.9737994908	-1.1086178808	-1.2269930264	1.0098111753	-0.3110468409	-1.4780168822
P2501	534.29307	12.295	C18	POS	0.1339937679	1.7217042239	-0.0330497246	0.0595205479	1.8950297	0.1899320734	-0.0604756979	-2.0912945456	-0.2943202899	-0.2933706529	-1.2597672402	-1.2131874693	-1.2197072012	0.2956713056	0.4226425745	0.0083759975	1.3754037752	0.3628988557
P2504	288.08473	21.603	C18	POS	1.006450601	-0.4419985938	0.2096066464	-0.6689559182	-1.1412695232	0.8523207943000001	1.5176195382	-1.0164205215	0.4281185971	1.0906134712	-0.2188851421	-1.5762938563	0.8910666589	-0.75021679	1.3381662413	-0.421515958	-1.5291710952000002	0.6403714963
P2505	544.8505	10.808	C18	POS	-0.8550947811	-0.088162304	-1.2082063949	-0.0940644679	0.3934200467	2.1818018043	-0.686382956	1.9627040543	0.2656859712	0.5110992938	-1.3450195926	0.4508381232	-1.1409556508	-0.4172090041	-1.3857525495	0.6518974961	0.2199479921	0.5834529192
P2506	798.56335	17.679	C18	POS	-0.1183529986	0.1361626122	0.8069639178	1.1654008965	0.8609574264000001	-2.227170978	0.0941838293	-1.2801848027	-0.7399821178	-1.057423961	0.420917955	-0.7702884483	-0.6534375796	-0.513459266	-0.6220495607000001	1.4241756093	1.0904394943	1.2128595238
P2507	373.21931	23.81	C18	POS	0.9887443914	1.0347091801	0.4609452365	0.7186940223	0.9150478513	-0.6202193708	-1.8797269925	-1.1281303218	-0.5620964047	-1.4521814752	0.7383232703	-1.8655988757	0.1525901632	-0.4520765531	1.0364740444	0.6782653707	0.9484590867	0.2877773769
P2509	262.25348	16.21	C18	POS	-0.4425041524	0.6879346078	0.0065196534	0.752578513	-2.0139239879	-0.3341280664	-0.4768217898	0.4124790951	0.8553699875	0.0870882278	0.6122828352	0.0623919709	-1.0265074554	-0.1842791983	-2.298335513	0.3737772236	1.0817476591	1.8443303897
P2512	889.87836	24.705	C18	POS	1.623163102	1.0102092782	1.4826405186	0.3834732945	1.5460688839	-1.2731964082	0.1899149547	-0.2991005022	-0.3796322092	-1.1096739252	-0.3646598437	-2.1402707685	-0.3176593891	0.3971774708	-0.6529682389	0.2112031879	1.5324030312	-0.2930235526
P2514	819.51179	16.353	C18	POS	1.3596083859	1.4780841075	0.2630000349	-0.035967222	-0.64759384	-0.5419426672000001	2.0516076596	-0.3931705773	-0.1464312247	-0.4656375438	1.775236159	-1.9958173933	-0.1611834622	-0.7580533725	-0.5808456331	-0.5361281822	-0.3251161992	-0.3396490293
P2515	228.196	24.288	C18	POS	0.6196801331	1.6647606526	1.7336272677	0.9958367352	0.1702520959	-0.5080763317	0.8817646985	0.096681587	-1.8537689645	-0.1396557793	-0.6341980623	-1.918612885	-0.4608492307	-0.4368026735	-0.469348975	0.992833102	-0.788684546	0.054561176
P2516	269.24813	24.825	C18	POS	-0.0822833863	-0.0714162625	-0.0182227663	0.3231963009	-0.0187025083	-1.3255117908	-1.3552400228	-0.5107401452	1.2530237042	0.5595288548	-0.0401463616	-1.0651276697	-1.6556399029	-0.6939011075	1.3616100308	1.1970129822	1.8547319501	0.2476817392
P2517	927.53031	16.192	C18	POS	-0.2992730227	-0.5562491496	0.1355914311	1.6651172434	2.1061265971	-0.1585559664	-0.7751877372	-0.8257615016000001	-0.9301178532	-0.5166842551	-1.5310367895	0.1285931894	-0.9495995196	-0.1544219227	-0.7925372212	1.6363414177000002	0.968366839	0.0741004841
P2518	408.36883	9.011	C18	POS	0.5414268039	1.3426429065	-0.7565858206	-0.4763459835	0.1507360252	-1.1317726281	1.7751096236	-0.4195901742	-0.8240290395000001	0.3076404513	2.5262468742	0.1517538553	-1.1486284292	-0.3048117949	0.3203705659	-0.3631253165	-0.5146411144	-1.176396805
P2520	129.10226	22.577	C18	POS	-0.6020913918	-1.1273213241	-0.6604847445	1.6962362851	0.3495763492	0.9912412117	0.1679700577	0.6864677093	-0.8037408038	0.3492169313	1.521186923	0.0870924136	-1.2141338985	-1.2772870537	-0.6473712420000001	-0.4540805382	1.9160136178	-0.9784905023
P2521	152.06199	24.419	C18	POS	0.0018651359	0.674078869	0.9651622343	0.6434689976	-0.4722268489	-0.741675399	1.8545777229	0.7001882967	-1.7292541866	-2.0927739953	0.9011985767	-1.2406942427	0.6208389484	0.0999454538	-3.70557e-05	-1.145260005	0.3932251763	-0.6733219212
P2525	604.29269	9.905	C18	POS	-1.393304722	-0.6536869154	-0.5660185359000001	0.0211218875	-0.4245160638	1.4465846424	-1.0244480435	1.5984027233	0.1659184832	-1.1451938506	-0.8207754541000001	1.2610015403	1.0516350715	1.0431022702	1.4903109928	-0.7700043682000001	-0.5996122367	-0.6805174207
P2527	100.07598	20.487	C18	POS	0.4453517943	1.898043417	0.8884861647000001	-0.2507922521	0.131674933	-0.7304505059	-1.1347668968	-0.6223733026	0.4607266629	1.2515781555	0.0714819769	-1.1881779458	-1.3594651194	-0.6567507177	-0.5184963914	0.2580173494	1.5823361149	-0.5280860572
P2529	493.29314	9.827	C18	POS	-0.9501548607	0.4641592722	-0.9263775928	-0.3315295497	-0.8897131649000001	1.5869973125	0.962924049	1.6649560281	1.1018348792	0.0065114972	0.3263167139	-1.005820439	-0.4366140564	-0.1984991836	-1.8558665249	-0.8049686131	-0.792607041	1.1887381093
P2530	114.08928	15.498	C18	POS	-1.7780271069	0.6226371837	0.5641492188	1.0922891439	0.926848846	0.5444316771000001	-0.0253955144	0.0748365221	-0.2512444537	-0.202958245	-0.4151149899	-0.133290738	0.4433758461	1.0447552915	0.1892411869	0.034758276	0.4271708936	-3.1584630377
P2531	401.34131	15.219	C18	POS	0.3569526102	-1.7980886967	0.0936677701	-0.3337266563	-1.216138712	-0.9174431042	1.0090704957	0.4504495725	1.120366739	1.7245324495	0.4219774377	-0.6184265434	-1.5395044856	-0.1047122835	-0.1746166767	0.4119155967	-0.0318804352	1.3279408556
P2532	716.6341	22.429	C18	POS	-0.6856985272	-0.2468351144	-0.6845334418	-0.1308400478	-0.2758652605	0.1198589702	-0.1133267856	-0.539937698	1.1150190377	2.4231642851	0.3087312867	1.8035075277	-0.2519755656	-0.2581866819	-2.121492568	0.6513641756	-1.0312943361	-0.0816592562
P2533	140.06827	12.136	C18	POS	-0.1394272904	1.2780219753	-0.7003777063000001	2.6121458734000003	0.3636327989	1.2308095013	-0.9326383698	0.1277777426	0.3073764306	-0.5341378759000001	-1.445073301	-1.5887197683	-0.2624602793	0.0717995357	0.2754872374	-0.9479682981	-0.3159649228	0.5997167168
P2536	1568.38932	22.252	C18	POS	-0.1351114285	-0.9403557722	-0.5840823241	-1.1065882031	-1.0538737627	-1.3554022939	-0.5486560423	0.9146435567	-0.3590768195	0.4571977286	-0.7028089833000001	2.2743372779	0.6718166139	0.2747077087	1.8010629025	-0.2447293931	-0.8916898750000001	0.0395972949
P2537	949.76142	24.208	C18	POS	2.6681463338	1.508027733	-0.0186476713	-1.1179677752	1.5300637584	-0.9169538876	-0.0499167722	0.3609333567	-0.8748987022	-0.9805804022	0.1779610399	-1.3105108250000002	-0.2423398248	0.3974244312	-0.4023239472	-0.2324525311	-0.3198343719	-0.1761299424
P2541	924.80565	25.002	C18	POS	0.2825812227	-2.1099785762	-0.2440174724	-2.0435950447	1.311358771	-1.5330780161000002	-0.0017501681	-0.4456604273	0.2336752685	1.0087478701	0.0050916995	0.7432502168	0.5243616957	0.3416940016	1.1292374075	0.0366961322	0.5411994693000001	-1.3146422345
P2542	810.59989	15.702	C18	POS	2.04963167	0.9889745032	0.7138298731	-1.0365820049	1.2182475577	1.1060977804	-0.495373701	-1.0238096924	-0.8950502766	-1.5437747489	-0.1363692362	-1.0735715609	0.7796738832	0.0748304443	0.6449970704	-1.1012032516	-0.6836610592	0.4131127494
P2543	1593.40112	22.296	C18	POS	0.0450811928	-1.0472881059	-0.8247039020000001	-1.0238824561	-1.0833379214	-1.4676209332	-0.7251890841	0.1754493031	-0.6503609284	0.8700272662	-0.7005024219	1.5276995264000002	0.8326066799	0.8805944869000001	2.2596608508	-0.3359629686	-0.4664894249	-0.0382583495
P2545	251.20106	21.536	C18	POS	1.9691867671	-0.363971087	1.7565736442	-0.4560708187	-0.6411481352	-0.6319427246	0.6960107159000001	-1.0757862681	-0.9253542622	-0.8653598632	0.2374035066	-0.6663508666	-0.6071479144	-0.5949390595	-0.3011504215	1.5450352138	-1.2059493905	0.0265104616
P2547	84.54719	19.431	C18	POS	0.4896127482	-0.27905738	0.8193294679	-1.0542665176	2.190525617	-0.325891011	-0.0675303054	-2.0946436614	-0.1230085166	0.3475917943	0.2033479646	0.7143226872	0.5313666678	-1.1531682877	1.074207426	-0.6454870982	-1.4396640465	0.8124124515000001
P2550	711.49607	15.418	C18	POS	-1.3085419554	1.8397033083	-0.6844905788	0.4481358051	-0.6353487356	2.028561586	0.2634222233	1.5334620349	-0.3939561233	-0.6144741483	-0.7449984493	-1.151661146	-0.6912217766000001	0.1718023862	-1.1325300806	-0.2861293277	0.0869863275	0.6359299147
P2553	1289.18972	22.569	C18	POS	-0.7663577428	-0.5875911812	-1.2174766328	0.1470553622	1.8474615475	-0.1016010951	0.5187045832	-0.2245358223	0.4226850356	1.0945323436	1.0429126693	1.8469872946	-0.6320544284	-1.312245679	-1.4272632251	0.6088424918	-1.1876281927	-0.0724273284
P2554	763.60241	15.791	C18	POS	0.493513957	1.4965604124	-0.7273009993	0.4159409033	-0.0332898389	0.3926807211	-0.7079766333	-0.8359255037000001	-0.7653791773	-2.7741890006	-0.6312497233000001	-0.8522056653000001	-0.1759133722	0.962527782	0.9630206937	0.7281836321	0.3271907251	1.015834454
P2555	382.3312	24.642	C18	POS	0.9449053011	-0.5126686934	-0.4001774737	1.4512630675	-0.5165883703	-0.2171646014	-0.8419623606000001	-0.3633785858	-0.797982101	-1.9188740267	-0.4175742177	1.6132246977	-0.6692001534	-0.7662193291	-0.2068715936	0.5309602502	1.2288167719	1.8594914184
P2557	548.29599	10.507	C18	POS	-0.3787045558	2.0103196798	0.0830088986	1.2619157381	-0.3368639005	0.982679847	0.0214535121	0.8923643808	0.2923526525	0.3132439325	-0.4645901763	-1.3047191836	-0.6718436669	-1.4404663395	-2.1570336287	-0.3748262857	0.8703842824	0.4013248129
P2560	496.42147	9.318	C18	POS	0.3718298942	1.4739890936	-0.6457271878	-0.1075110469	0.2316179167	-1.5475773654	1.6100101053	-0.5114402155000001	-0.826802235	-0.0625080146	2.2811355224	0.5957640326	-1.2263454041	-0.4636715498	0.2061894934	-0.6860991506	-0.6928538886000001	-0.7217944371
P2561	135.10154	24.65	C18	POS	1.1276808718	0.8686635856	-0.9853836728	-0.2452196593	-0.5638169353	-0.9395871924	0.6643499771	1.4283236769	-0.8207273893	-2.3686762351	0.9536210226	-0.478385079	-1.2844119054	0.6822219236	1.1237394121	-0.1067248101	0.5095415072	0.4347909017
P2563	684.55616	17.621	C18	POS	1.8500015171	-0.5985068194000001	-0.1764953945	-1.1633720582	-1.7700358034	-1.0417476001	0.3555926325	-1.3633639228	0.1099137732	-1.1299816866	0.8913757802000001	-0.4793981797	1.3933908854	-0.4181266255	0.9121936594	0.1426844233	0.167088329	0.7976413104000001
P2564	540.44696	10.598	C18	POS	0.6189030314	1.0489400995	-0.5334000283	-0.2144291382	-0.5022095069	-0.7986548727	1.6309640785	-0.1262649103	-1.0008961193	1.0361917601	2.3832704937	0.6569069032	-0.7959219185	-0.6317825428	-0.2817175765	-0.80718777	-0.0495767603	-1.6331352226
P2566	485.33911	15.198	C18	POS	-0.8972722235	-1.5885678969	0.9208116131	-0.529651654	-1.5054853947	-0.6027490698	1.1006941598	0.2733462868	0.7672040488	1.2682766804	0.8288467581000001	-0.527790504	-1.7019801523	-0.3153704595	-0.416715521	0.7356768406	0.4667432077	1.3072677595
P2567	863.69034	22.326	C18	POS	-0.6418778137000001	-1.1285294002	-1.5315678019	-0.3001970686	1.19443515	0.0725583547	-0.2720756821	0.2980853078	0.9347443665	1.7868546578000002	-0.3361868735	2.1997952956	0.1835038458	0.0976868368	-0.6853248084	-0.9448678086	-1.1344907228	-0.927036558
P2570	546.48565	16.441	C18	POS	1.1885029902	0.9651018609	0.6327069912000001	0.1545607074	-2.3464208079	-0.6351738747	1.1857727372	-0.6865231545	0.2476648372	0.129392301	1.7143205024	-1.0340744243	-0.4504972803	-0.897390231	-0.3337880753	-1.045462062	1.0599357472	0.1513712355
P2571	225.09135	5.763	C18	POS	0.7300007911	0.0556340802	0.0818854688	0.4400312459	2.387844127	0.0333339828	0.4340067673	-1.9274196779	-1.1139534703	0.6154394375000001	-0.8875368117	0.9580907519	-1.185209724	-1.5205019126	0.3437669936	0.1753685234	0.6338239212	-0.2546044941
P2572	1504.07701	17.475	C18	POS	-1.3664467008	1.2734466549	0.6397397859	0.8526255687000001	-2.3602089774	0.9145202242	0.5941777244	0.2616373648	0.3853596184	-0.0292146528	0.361050406	-1.5167362653	-0.2050641439	0.4287671289	0.5932884218000001	0.6174884491	0.8343477115	-1.1026207293
P2575	535.47167	22.888	C18	POS	0.2705261906	-2.381625707	0.067356862	-0.6239674321	-0.0649548241	-1.8864109076	-0.4088852492	0.0217751182	-0.3554575081	1.6167476593	-0.4189411527	0.8342299945	1.1446999677	0.3309688212	1.7484775501	0.087405716	0.1391167437	-0.1210618425
P2576	259.22557	22.568	C18	POS	1.2341200291	-0.1338210904	0.8441660317	1.2627698956	0.9887289365	-0.3893306241	1.1561871231	-1.1697733583	-0.0589985871	-1.4971002869	-0.2869226351	-1.0564830951	-1.8908859056	-0.7853022783	0.8852753481000001	0.390567708	1.1526881772	-0.6458853883
P2577	876.55073	17.312	C18	POS	0.1781762938	1.1200814465	1.2179470049	1.3240124643	1.015407718	-0.3826247838	0.919720405	-1.2991122661	-0.3812780738	-0.3214546982	-0.2298207429	-0.9055294203	-1.2289259812	-1.0376819167	-2.0997073296	0.8265854741	0.907695	0.376509406
P2580	427.35697	15.594	C18	POS	-0.6647275634	-0.7170143575	0.3056242437	1.2071048938	-0.2257259341	-0.3776726959	0.8555565407	0.5140369796	0.3290652154	0.3175159356	0.6338201957	-2.350300452	0.6379551601	-0.3504251777	-2.0719891355	0.7120641207	-0.3180744824	1.3374605791
P2581	382.33121	22.344	C18	POS	-0.1118743642	-0.3664960085	0.4428212549	1.7422825990000002	1.0332061633	-1.5136470047	1.7940225392	-0.6124223400000001	-1.3281236198	-0.5756544953	0.2437072367	-0.2271169493	-0.5306250680000001	-1.431640903	-0.9408994965	0.7440711568	0.5400035590000001	0.7318897319000001
P2582	354.33654	22.881	C18	POS	0.8521104228	0.7300381484	0.2492695393	0.8532425498	1.0447948526	1.0996183267	-0.2813346431	-0.349210029	0.1315407262	-1.8917758289	-0.4573931918	-1.252721495	-1.9091249666	-0.5192916259	-0.7812891263	1.046626634	1.5614200699	-0.126520363
P2583	821.52856	16.168	C18	POS	-0.5761713301	1.6815686360000002	-0.2808923418	0.0625313667	-1.9059627199	0.6210375542000001	1.3475964255	0.8012911798	0.6789586595	-0.0426335586	0.8239910868	-2.0106522098	-0.3383735127	0.1343348272	0.158306658	-1.0706791282	-0.6013113952	0.6753664606
P2584	805.53769	16.072	C18	POS	-0.9350706836	1.1001247834	-0.2953356169	0.1429236828	-1.0740525004	0.8477741965000001	0.982703057	1.4355793973	0.3304847021	0.6655047087	0.0446922222	-1.5263843169	-0.9634571907	-0.3212716424	-0.6967910049	-1.1831848818	-0.7023965373000001	2.148157625
P2587	447.39614	16.474	C18	POS	0.8838366872000001	-0.4747471665	1.5569390976	-0.3754574789	2.3481036203	-1.0628840497	-0.1026065094	-0.8449018735	-0.9974851755	-0.7489316232000001	0.3916748014	-1.3273830104	-0.5512880856	-0.7807027717	1.1862244958	0.0641328031	1.0944295215	-0.2589532824
P2595	912.56222	15.442	C18	POS	-0.2867946437	-0.1273091825	-0.177578415	1.0824029642	-0.1250608259	0.4566849158	1.4432753334	0.4149609658	-0.2798102	-0.3930008465	-0.6937375983	-0.0859500269	1.1754330876	0.1675406804	-2.9059240434	-0.0612676624	0.9400511359	-0.0056400692
P2596	597.48798	15.265	C18	POS	-0.3317087089	1.7384700701	-0.7562019889	0.2465731129	-0.5670963467	-0.0791196973	1.0172382463	-0.6951048725	0.3945767256	0.4278860012	0.2050679777	-1.0857948696	-0.8993271811	-1.748844008	-1.4413275599	0.5962739256	1.2727643393	1.7056748344
P2598	969.85977	24.227	C18	POS	1.0665751294	-0.8477675022000001	1.303746413	-0.4767641101	1.8044943369	-1.9677998618	0.2024012226	-1.1027100252	1.5497129056	0.376191266	0.4540248912	-0.3655626713	0.2591127529	-1.3882648227	-0.6487391273	-0.4680838234	-0.2513690255	0.5008020519
P2602	1453.10495	16.661	C18	POS	-0.6987263251	-0.7781439560000001	-0.3296709276	1.2488121212	0.4028955281	0.3988799057	1.2990932983	0.2759340124	0.3157018412	0.7519661959	0.7798776839	-0.2234925518	0.0221454458	-0.0952809202	-3.0932431892	-0.3501689877	-0.9944372596	1.0678580847
P2607	309.24291	15.248	C18	POS	-1.4414182737	1.6848074673	-0.1579438193	1.2802618571	-1.3406901071	0.8748761716000001	1.0261985421	0.1013805586	0.5991893684	0.1424480608	0.29138743	-1.6855744487000002	-0.3326935234	-0.559550262	-1.5051731583	-0.1352628777	-0.1662017319	1.323958746
P2608	824.54443	16.279	C18	POS	-0.1100585022	-0.3608015709	-0.917028781	-0.9447618359	-0.9376613203	-0.3232342464	-0.0857142431	1.2661827209	0.8964924077	0.4152979462	0.0835188024	1.4516173808	-0.2920143789	-2.3337751999	-0.6451222075	0.0752063785	0.8012496871	1.9606069625
P2609	498.25727	10.14	C18	POS	-1.0423627152	0.0201064652	-1.356561263	0.0827658273	-0.5452696042	1.6606820338	-0.4251465932	1.8603886751	1.2910027617	0.2791853337	-0.6861310912	1.4173514981	0.5860756911	0.0015620049	0.1814816439	-1.3409864123	-0.963678363	-1.0204658927
P2611	272.25948	8.04	C18	POS	1.0928691179	0.6617509637	0.9935473859	0.3090275487	1.2069537352	-0.2678224292	1.0934010538	-1.6337290804	-1.3284886264	-0.8407949823	0.7537623704	-1.6876276436	-0.2319454919	-1.7159934892000002	0.4937079187	-0.0397309454	0.8041533516	0.3369592425
P2614	691.57475	16.541	C18	POS	-0.4807243697	1.0265767233	-0.8318790621000001	0.9444713373	-2.0235903535	-0.8226812931	0.5333806261	0.7147005651	0.477832312	-0.4278837675	-0.3156395749	0.6945141278	0.7717348233	1.3398119769	-1.8569372157	0.118831428	-1.1436746732	0.8004320202
P2615	289.14167	24.808	C18	POS	0.6132927602	-0.8985025746	-0.6583304314	-0.1163399545	-0.9124784423	1.7924148952	0.9283222287	0.4910671997	-0.616040672	-2.0132072304	0.9374943458	0.3340681825	-0.7497658207	0.8311132419	0.0653783785	0.2029988175	1.5698864833	-1.1880786472
P2616	1505.0797	17.48	C18	POS	-1.12208138	1.1910845445	-0.632383679	-0.0263179149	-1.3756429319	-0.5295710609000001	0.9544358997	-2.7534798124	0.2449923582	-0.1210058298	0.5913706133000001	0.1995463545	-0.0988781363	0.4746525351	0.5575403355	0.5127381002	0.8981456101	0.7048296876
P2619	920.31146	21.658	C18	POS	1.2020901232	-0.8372850144	0.5639021992000001	-0.9516918191	0.2029892946	-1.2047950581	0.3845539599	0.4851996243	0.5403389494	1.3017948667	0.1213807172	-1.8190920119	-0.5467271736	-0.6603846151	2.3299495617	-0.9033184116	0.365781705	-0.5746868974
P2620	369.12467	24.506	C18	POS	-0.3569875292	-0.4171294967	0.9990008749	0.4561403625	-0.7040568384	0.4310739024	-0.3592450602	-0.2705228435	-1.1099281087	-0.9391184833	1.9227059246	0.4260071035	-1.171098154	-1.2622982843	-0.2622882162	1.3544766817	1.7194085275000002	0.5361604312
P2621	869.75694	24.269	C18	POS	1.8052301002	1.0236184366	0.3709383595	0.5885593928	0.073390771	-1.8708363686	-0.3467108984	-2.4135212345	0.3354281553	0.0771170298	0.2850223243	-1.5006803104	0.3864446501	-0.4466070437	0.5515502685	0.282952025	0.7563711439	0.0417331985
P2622	424.3638	9.172	C18	POS	0.7308403977	1.4726571351	-0.7029268231	-0.0969255106	0.3355076287	-1.2776155883	1.7644703206	-0.7304937637000001	-0.8931536476	-0.0157134602	2.1014352162	0.3173226321	-1.2909172732	-0.4340646258	0.2319217697	-0.8881854659	-0.6241589416000001	-0.7400798041000001
P2623	843.68384	23.278	C18	POS	0.7199868043000001	0.5128973593	0.6758609076000001	0.5644298964000001	-0.2765055723	-1.3566765461	1.3164946948	-1.863298366	-0.5663853204	-1.5392404945	0.1687032119	-1.1034598958	-0.317480185	-1.2047538724	0.9997805175	0.1534524529	1.7140825057	0.2986520063
P2626	1528.18115	17.122	C18	POS	1.3023548621	0.3982794792	1.0950604022	-0.1325353205	1.2434523766	-1.224745314	1.0010153363	-1.9626042428	-0.8752015712000001	-0.2782946743	1.1512997372	-0.9630576038	-0.4207504193	-1.7356765658	0.1217239945	-0.1246768406	0.7413441845000001	-0.300045424
P2628	271.15239	21.01	C18	POS	-0.4067373317	1.7240152887	-0.0516247786	1.7791898052	1.4420734622	-0.1099984561	-1.7720509646	-0.7840299095000001	-1.722772224	-0.9535769166	1.0506680543	0.0118257626	-0.3892903652	-0.4361103526	-0.2250234147	0.6514643622	-0.0287244069	0.2207023854
P2629	240.23271	6.941	C18	POS	1.2175110385	1.9981261478	-0.1512194389	0.1821363035	-0.1486133014	-1.4519302091	0.6345455914	-1.2678821245	-0.4836315675	0.6216075883000001	1.685455073	-1.1328076787	-0.8690392321	-0.0933649222	0.6369648645	0.1293576306	0.0408089946	-1.5480247576
P2630	369.12467	22.257	C18	POS	1.3028351989	1.3188736107	0.4055204258	-0.3196272448	1.1548164116	-0.630476836	0.4922683037	-0.9465425125	0.3657289339	0.7843680888	-1.5511284463	-1.1616559171	-0.4046187436	-1.4343756438	-0.4910884845	0.3740594903	1.4535984808	-1.2036436004
P2634	100.07581	23.895	C18	POS	0.6214479483	0.7737295719	1.1600354021	-1.8732235146	0.8555149443000001	0.4720807005	1.0230870965	-0.6695033084	-1.3077071604	-0.8239204192	0.2041839877	-1.1609896451	0.172232543	-1.0915353056	0.6574473067000001	0.5530136365	1.6096871557	-1.1755809399
P2635	845.52955	16.032	C18	POS	-1.1494153308	1.2248490862	0.3056843434	0.5890548102000001	-1.7110596087	0.8758841865	1.2528162995	0.9219160119	0.8758772378	0.7200554333	-0.061123603	-1.6755473078	0.4677107801	-0.6733994533000001	-0.1130623683	-1.5264873648	-1.0160937788	0.6923406267000001
P2639	186.22152	24.415	C18	POS	0.4313552131	1.4531375091	-0.5862415827	-0.9205017603	1.2025678838	0.8199956003000001	0.1547452957	0.2792268318	-0.3526641314	0.01054038	0.7805132166000001	0.2499040568	0.9825987867	0.018706379	-1.4033296437	0.5645692876	-2.6942422098	-0.9908811125
P2642	200.20078	21.716	C18	POS	1.0029733251	-0.9934989507	1.5215887134	1.3019368679	0.2679786863	-2.0992074009	1.6218331042	-0.8266803614	-0.5809381439	-0.4159341932	1.0672497164	-0.3336273034	-0.3689682942	-0.9525801904	-0.9456743663	0.3996670643	-0.214088524	0.5479702508000001
P2647	326.26952	10.993	C18	POS	-0.1143906449	0.4435659247	-1.097865293	0.0917811044	0.4546334234	0.7199292243000001	-0.5110837586	-0.4700893218	-0.3375662605	2.4448094132	-1.4600570485	1.9928149075	-1.0979063609	-1.1598774825	-0.5669340755	-0.0031651472	0.532679937	0.138721459
P2648	533.28561	9.776	C18	POS	-0.8217995959000001	0.6090721629	-0.7234565599	-0.3950208575	-0.803511957	1.6797828817	1.4859704412	1.4767099464	0.4204460821	0.0030279094	0.3464014881	-1.0639403362	-0.3060445863	-0.3227523987	-1.8735355184	-0.8536187083000001	-0.8652797153	1.2040373647
P2649	195.74583	18.375	C18	POS	0.6009950736	0.1208271605	0.2884507626	-1.3346877934	0.3483923599	-1.3658852087	1.1909080927	0.6718307413	0.7861704746	2.1600160037	0.0903974687	0.6026317607	-1.34731192	-1.138291196	-0.5664775471	-0.457805452	0.237681652	-0.5632374568
P2650	480.27832	14.301	C18	POS	-1.3260469244	0.7988851854	0.1523507147	0.3368939188	-0.5128384236	0.0225966444	0.171040836	1.7565545271	-0.3840854304	-0.7485809002	-2.009030898	-0.3975148879	1.2870474497	1.5716267871	1.2473320888	-0.7039145513	-0.9565401272	-0.3057760089
P2651	894.5623	20.971	C18	POS	1.5018762515	-0.0483687095	0.9702552566	-1.1906803388	0.7028547327	-0.7510338230000001	1.5842402848	-1.0140524207	-0.1274564733	-1.8405198795	0.1444696322	-0.9640466697	0.2359032991	-0.9241636564	0.9826759927	0.0469642053	-1.0239981768	-0.0603997978
P2654	175.14834	5.42	C18	POS	0.925572973	-0.1425669658	0.0815812079	0.0727016559	0.3404523717	-0.308279507	1.0133333372	-1.7849902102	-0.6394093811	0.2045890751	0.0887152782	-2.0300375159	-0.2834936504	-0.3888779359	2.3297992805	0.6689514404	-0.0753397978	-0.2110559903
P2655	1171.34302	22.447	C18	POS	0.2374585682	-0.4690722673	0.2611313351	2.4673141403	0.2661933643	-1.371069122	0.1233093468	-1.1086512941	-0.4662578728	-0.3053771143	0.1941290894	-1.2187014514	-0.5134525735000001	-0.7345503777	0.4395928474	2.1719374716	0.6553299955	-0.6292640855
P2656	877.57228	20.745	C18	POS	1.3828934392	0.5889651371	1.5219301469	-0.2987141208	1.6900280573000002	-1.0223226795	-0.0461015215	-1.2072825777	-0.6644964178	-1.0406742025	0.2704440692	-0.8366797022	-0.0175437929	-1.8674350941	0.9654197212	0.3872786814	0.4221135056	0.0426214201
P2659	556.53034	15.289	C18	POS	-1.057905187	1.1737122804	-1.4981658548	1.3994798164	-1.352439503	-0.2923481363	0.8479766664	-0.9301139701	0.0692007428	-0.0435745268	-0.6659697567	0.3099361497	1.1671296184	0.7283098573	-1.8684546851	0.7900617416	0.1119935063	1.1111712403
P2665	1539.11432	16.618	C18	POS	-0.6872945218000001	0.4063499932	-0.1487564175	0.4624259328	-2.1625440253	-0.4007682237	1.3546238012	0.3907228769	0.0243755095	0.1790117294	1.0674397102	0.7364256501	1.2401964428	0.8086192276	-0.0513556122	-0.5139936471000001	-2.463748289	-0.2417301369
P2668	1648.16299	15.954	C18	POS	0.5183196979	-0.4859350751	0.6336636078	0.7396522862	0.8873289686	1.3872173876	-0.8627561136	-0.4445023913	-1.2987258132	-0.4369402679	-0.5092727730000001	0.124616658	-2.4374595603	-0.0608550353	-0.9221691425	0.590260215	1.6329705482	0.4353140298
P2669	1478.1038	17.441	C18	POS	1.102160865	0.6238508177000001	0.5687355009	0.59557611	0.2359507185	0.8502073097	-0.0392545719	-0.5846781496	-0.4388502802	1.0418940232	-0.8070312926000001	0.1697567832	-2.5975884721	-1.8392176859	-0.7937778090000001	0.201937043	1.2876308443	0.4226982459
P2672	929.75575	23.23	C18	POS	0.7902310941	0.1449126104	0.0767384056	-0.0682551379	-1.0224882192	-1.5523597783	0.6741058672	0.2228338868	1.1320677983	0.6492266708000001	0.7525151167	0.900754746	0.5772838602	0.7007846138	0.9926650906	-2.012861649	-1.2957637396	-1.6623912364
P2673	826.57246	24.459	C18	POS	0.7654979068000001	0.5747015284	1.0478756794	1.1094952353	1.0517893293	0.830899813	-0.7347074429	-1.4599734442	-0.2685897152	-1.5312580149	-0.7254070278	-1.3589470412	-0.7877225163	-0.6548326295	-1.0042622119	1.0255917601	1.3248000466	0.795048745
P2677	392.35221	20.572	C18	POS	0.8873143495	0.1359255144	-0.0892472851	-0.1360737699	1.1781677896	-1.0414045175	1.155942292	-0.9319077556	-0.8747405693	-0.8795781801	0.4700756002	-1.4936843272	1.1520388078	-0.9222914688	-1.2209465103	0.9705685826	1.5952480414	0.2104200624
P2679	281.248	23.664	C18	POS	1.1032539089	0.7182627471	-0.3139979366	-0.7906803473	-0.0974667568	-0.1339412659	-0.3975138057	0.8818821865	0.1762780398	0.6078410782	0.1742147838	-0.1403388572	0.0326485002	-1.577742502	1.0822673234	-0.7226862765000001	1.9083967511	-2.5106775709
P2680	259.191	21.926	C18	POS	0.8480874141	0.4906865349	-0.8646232479	-0.1844223198	2.1662052595	0.4065655965	-1.7939641837	-0.4754413538	0.1239905904	-0.8569143152	0.8938895165	-0.7417702751	-0.6934003365	-0.4754413538	0.8941507008	0.9134325745	-0.1396332998	-1.0557146126
P2681	1631.1365	15.947	C18	POS	0.4568531114	0.4493603536	0.3851525361	0.4330922194	0.8721925237	1.4935776581	-1.0670255141	0.0199044503	-2.2263935395	0.6412026054000001	-0.9694221725	-0.19374469	-0.7271943782	-1.681050005	-1.1536904177	0.4464677915	1.1693549938	0.6819403012
P2682	810.50091	17.195	C18	POS	1.6102422858	0.2250159083	0.8835667711	0.3049898477	0.3811437264	-0.3866550045	0.3547440534	-1.6899707695	-0.9178676641	-0.8716987003000001	0.2917710965	-1.3026469335	-0.9277806759	-2.1183744359	0.5956974715000001	0.4174922267	1.3319495096	0.1290793486
P2683	614.34088	11.904	C18	POS	0.0400383016	0.5153855006	-0.9780947086	0.6806116904	-1.2787922864	-0.2585745732	-0.1626234029	-0.2292153253	2.0816126939	-0.3963637186	-0.4060405925	-1.2110799632	-0.6385802152000001	1.989606886	-1.6382975023	0.3046788147	0.7240094044000001	0.8617189967000001
P2689	628.55075	24.677	C18	POS	1.2112109562	-0.7353323823	0.6081063948000001	-0.2506523933	0.7640628569	-0.2428815806	0.932378768	0.2573400338	0.0963319592	-0.8671371568	0.7978276275	0.8842356832	-1.3405015413	-0.703768913	1.1088535804	-0.3455341894	-2.5207698698	-0.6004203271
P2692	568.26565	8.856	C18	POS	-0.7624425591	1.3787557781	-0.8421049215	-0.307872872	-1.8089727636	1.685758411	-0.4522394787	1.6097213496	1.3362181025	0.965182476	-0.756755096	0.0331782461	-0.48960019	0.5779572247	-0.5635513419	-1.2410927911	-0.2700872799	-0.092052294
P2696	792.57487	15.442	C18	POS	-1.292837083	1.3920332842	0.7975883388	2.0535652969	0.3642055646	-0.4398544972	0.9324434481	-1.2190688742	-0.2629428227	-0.128596659	-0.6931840329000001	-1.1678792939	-1.0608081078	-1.367481783	0.6317836947000001	1.2182038349	0.0272239379	0.2156057536
P2703	582.42439	11.909	C18	POS	-0.8110541483	1.6232978801	-1.2853502967	0.6234525082	-0.7013414933000001	-0.2275754271	-0.0870976415	0.8714046163	0.1150097814	-0.4893205981	-0.4311966944	-0.926520334	-0.6936844039000001	1.7658994531	-1.5216009592000002	-0.1021523901	0.2616798574	2.01615029
P2708	1531.093	17.664	C18	POS	-0.0041937721	1.2598545598	-0.6872926063	-0.5257035254	-1.3500374543	-1.0577832057	1.0013195362	-2.0674382915	0.9077237683	-0.8436571278	0.7213631561	-0.7473157666	0.5169232866	0.0992667734	-0.6010820701	0.8190624160000001	1.6313172602	0.9276730636
P2710	556.39774	11.054	C18	POS	-1.7027409182	0.9272327855	0.044193823	0.5277218501000001	-0.7858648434000001	-0.7551954924000001	0.7191810661	0.0027704805	-0.491337519	0.3097515556	0.6258438189000001	-0.2473124237	-0.5771676355	2.3602498379	-1.9934183768	0.1100344738	-0.6990474351	0.8392401091
P2712	538.51943	15.715	C18	POS	-1.266282188	0.1440721011	-1.1482881382	1.3257822351000002	-1.5663674013	0.9791571118	0.5180587224000001	0.3429712732	0.3386463499	0.0876034308	-1.318435137	0.9797514068	0.5356941605000001	0.6919223855000001	-1.502694504	-1.0213801151	0.2891775735	1.590610733
P2713	164.04043	1.057	C18	POS	0.4356762693	0.4315011233	1.3002418355	0.2548479153	1.7905934081	-1.4925069193	0.0069347351	-0.7982206816	0.0287496903	0.0149678741	0.0035272533	-0.2453823065	-1.5223695969	-1.5728904206	-0.0337403563	2.0241131043	-0.0001477627	-0.1902188953
P2716	313.27394	24.185	C18	POS	1.3094082162	1.1477226198	-0.9779837954	-0.7244299204	0.0696957703	-1.4044191259	-1.3912631328	-1.5519457067	1.0263039326	0.8355878428	-0.4476476652	0.618762677	0.8403528854000001	0.9007482203	-1.2052851992	0.3022263892	0.8442712646	0.2609952826
P2717	297.27958	13.805	C18	POS	-2.2022568013	-0.4860602813	-0.8854450393000001	0.6415785081000001	-0.0681013436	-0.2108590262	-1.6145433367000002	1.8462552308	0.3858195452	-0.9200793316	0.2839306295	0.3086267405	1.0397688208	0.6152731284	1.6956725997	-0.1913250595	-0.3221337087	0.0838787253
P2719	807.72025	22.202	C18	POS	-1.1260731947	-1.3872987401	-0.4890277226	-0.9759276344	-0.4839919242	-1.4730967746	-0.2085331762	0.0920793408	0.1839311833	0.1231026055	0.2067105746	1.625750209	1.4461510296	-0.2428655382	2.302620354	0.8317885303	-0.5209259125	0.0956067906
P2722	565.31423	10.314	C18	POS	-1.2574723124	-0.1474007493	-0.7034020400000001	-0.7499412954	0.7348152356000001	1.6765492050000002	-0.9649416876	1.5751027623	0.9464227898	0.1543676795	-0.9043195122	0.7731659703	1.1595871196	1.0770963315	-0.7847007183	-1.5322654335	-0.1950675173	-0.8575958277
P2723	495.44048	22.561	C18	POS	0.9733509257	-0.7249247726	-0.9275683846	-0.479874013	-0.4692594803	-2.1638320751	0.288475171	-0.6357030959000001	0.0485915428	1.4322724724	0.086230159	1.975749379	0.6727546735000001	-0.563867578	1.3705927217	0.2069353406	0.0859326317	-1.1758556179
P2724	754.55044	15.839	C18	POS	-0.0414397141	0.769494128	0.2128014247	0.645946368	0.9819705678	0.0171301443	0.0577397977	-1.2893606388	-1.5031928626000002	1.0500562395	-0.3955584445	0.0256485345	-1.0336042154	-2.0027701623	-0.8729655788	0.3348564156	1.8453923423	1.1978556541
P2726	159.15746	2.513	C18	POS	0.8931667133000001	0.0007251552	1.8216591667	0.3559926072	1.0798429725	-0.2929153987	1.3057629517	-1.3896639313	-1.2037840753	-0.280952569	1.0402523924	-0.9438537857	-1.8302393702	-1.1601578702	0.6220501868	-0.4304933643	0.2925746229	0.120033596
P2727	1622.11407	17.517	C18	POS	-2.1352392346	0.614030965	0.358730949	0.4565206926	0.0222206906	0.5413475511	-0.2676191034	0.5844570298	0.2522641387	0.6849648211	-2.5832899848	1.0416006036	-0.7108158147	0.7575044740000001	0.0061720713	-1.0009946594	0.0983168137	1.2798279963
P2729	636.55577	24.401	C18	POS	-0.4309439168	0.3640908303	0.8717744159	1.47649093	0.1154689267	-1.8574807783	0.5336456347	-1.3743521831	0.3803408083	-0.8159842864	0.3247005001	0.1490644121	0.9945187929	0.1101007898	0.2855406005	-0.0188555235	1.2444582764	-2.3525782298
P2730	478.46171	15.463	C18	POS	-0.3059755339	0.0494238438	-0.4652593035	-0.0496874204	-1.6508034685	0.7303350444000001	-0.5599972382	0.7788045278	-0.0495336601	0.7905444703000001	-1.1651987509	2.6651453098	-0.2309891009	0.1616424888	-1.452608697	-0.4839145927	-0.2216781973	0.5937775064
P2733	117.09102	24.47	C18	POS	1.3753623119	0.6735044035000001	1.173562489	0.3041938161	-0.1096082334	0.4086215585	0.478377843	-0.2329348331	0.8154609862000001	-1.3251181125	-0.2373538894	-0.4829042072	0.3871026181	-1.142518094	-1.9597415462	0.0593955686	1.4713901632	-1.5973972736
P2735	345.21036	12.065	C18	POS	-0.5803705056	-0.0646451088	-0.6205204382	-0.2640278067	0.3094566892	1.2724233827	-0.496259384	1.8076492944	0.2892439659	1.0649668697	-1.1575016798	2.0501136765	-0.790145863	0.0322840895	-0.8062772996	-1.6340763849000002	-0.6810104761	-0.2275624054
P2736	404.38865	15.281	C18	POS	0.3721288182	1.3336291942	-0.8660272131000001	1.5701661210000002	-1.0062204941	0.0246902008	1.449876158	-1.0262379295	-0.082581878	0.5358700848	1.5803631728	-1.597619306	-0.2304408959	0.0353353167	-1.1499801729	-0.8059603087	-0.8807334248	0.7437425566
P2737	1550.02108	16.953	C18	POS	-0.3740904595	0.1404186492	-0.231856041	0.5343740767	-0.5944923956	-0.4622132599	1.2331666152	0.7842108651	0.0112048107	0.1359976059	1.0023087635	0.2053145042	1.0253143494	0.6422559823	1.3723577009	-2.4284647394	-1.4769204078	-1.5188866198
P2738	1623.12133	17.641	C18	POS	-0.9850558909	0.5154507586	-0.0210959203	-0.3981539245	0.2242312774	0.3853125524	-0.6769991562000001	0.2158638454	0.5656248422	1.0596021174	-0.6543854746000001	1.5933760538	0.2952269203	1.2178831245	0.7004916160000001	-1.8740293613	-2.2570725963	-0.8913266748
P2739	870.75908	24.278	C18	POS	0.9590060637	-0.5057516572	0.930091526	-0.1942243568	0.1327931169	-2.6941497988	-0.1008745187	-0.8782506120000001	-0.4097929141	-0.1994478808	-0.0167372036	-0.9448615408	0.8413658291	0.6913044013	2.2839068438	-0.3823180156	0.0246984614	0.4632422563
P2749	602.52216	22.409	C18	POS	2.8788996402	0.424245328	0.0481413212	0.6458962515000001	0.8187255495	-0.5882243346	-0.6007283647	-0.3820259837	-1.2707827872	0.0656344244	1.1534596073	0.0443028232	0.1344039988	-0.096555418	-1.232670668	-0.4656083789	-0.9741001136	-1.0686212746
P2751	182.19024	24.034	C18	POS	0.7123606025	1.5860184172	-0.1821158142	-0.8437603534	1.4339021044	0.2360292512	1.1753903777	-0.0341703103	-1.3579727877	-0.1188821644	-0.0621066855	-0.5917863362	-1.8536897274	-1.1101815598	0.2668941527	-1.4476736952	0.8930306431	0.4245615767
P2752	284.267	23.617	C18	POS	-0.9898009553	1.7765345877	-0.0568824367	-0.473467463	-0.9662732461	-0.413199702	1.3232730739	0.3820132987	0.6231231991	0.1303789861	-1.1507874229	-1.9135643094	0.469676306	0.1714222182	0.8717464786	-0.9974968852	1.7253812929	-0.5120770204
P2755	224.20116	20.812	C18	POS	1.8023695879	1.2542224977	-1.372613874	0.0719235307	0.9781158008	-2.0370970221	-0.1950386067	0.8923365997	-0.2467321704	-0.9280337515	-0.6047948837	0.6633519824	-1.1337641431	0.6411481676	-0.1109117987	0.7205457692	-0.8593601045	-0.1404624649
P2756	550.32843	9.993	C18	POS	-0.9099142441	-0.8321955600000001	-1.3029217797	-0.4639798749	-0.8378449493000001	1.4972976025	-0.4874519904	1.2494069097	1.0771824131	-0.5673686680000001	-0.5542243768	1.2611527033	0.8801231471000001	0.8810619464	1.2513109532	-1.2017358351	-0.9393689623	-0.9104436788
P2759	808.48525	16.935	C18	POS	1.0307552015	-0.5489788899	0.7506871070000001	0.4449598013	1.0180351878	-2.7978894234	1.3999091030000002	-0.5792442681000001	0.0262521826	-0.3185965356	1.0918840105	-1.1937052044	0.1972982167	-0.342951613	0.7648700620000001	-0.949626037	0.4227424677	-0.4164013687
P2762	1573.43498	26.577	C18	POS	0.3544278838	0.140226563	1.2596923088	0.2237865538	1.5630377323	-0.7691565410000001	0.6088642273	-1.3070472652	0.0827682822	-1.3295006823	0.7559427360000001	-1.3270756566	0.2030077269	-2.3145021091	0.3938471769	0.8317660307	0.8410537479	-0.2111387153
P2768	211.16975	5.422	C18	POS	1.1014433904	-0.0723170766	0.4706449747	-0.1045084118	0.7750279724	-0.3217869284	1.2235906247	-0.9932732078	-1.0233845568	-0.498514416	0.0931826204	-2.0572734258	-0.0556095161	-1.2503037765	1.9944055516	0.0805787697	0.5335890003	-0.0063835273
P2772	934.79053	24.202	C18	POS	1.5359449143	0.3271406446	1.2569157563	-0.0241276298	1.9111205507	-2.1541450013	-0.3380821586	-1.3160678418	-0.3939061318	-0.3260302664	0.9225209376	-1.3897868831	0.0431830789	-0.5496089202000001	-0.196363399	-0.1754044916	0.3296076503	0.5370891910000001
P2773	146.9804	15.646	C18	POS	0.002401331	1.1318057072	1.6948944662	-1.4290661112	1.7024431339	-0.6351850962000001	-0.6423188109	-0.910952562	-0.7313523901	0.5633873496	0.1070744217	-0.9992486869	-0.4056087046	0.1368658546	-0.3783688908	1.1890287487	-1.0453716623	0.7590476549
P2776	115.05426	15.255	C18	POS	-1.0278466191	-0.0254139676	-0.0428265731	0.1627102052	-1.5198690016	1.8048622999	1.1741966792	1.7352855978	0.2727454657	1.1307927388	0.5292875959000001	-0.5622068871	-0.5417457853000001	0.0965639342	-1.7471026276	-0.2425315145	-1.2608328221	0.0639312812
P2778	1458.05075	17.307	C18	POS	-0.0119240709	0.2423341271	0.3236489685	0.1671714746	1.5317615424	0.7680509475	0.0553648012	0.4615308721	0.1169093848	0.1236378176	-0.7815670072	0.4468945268	0.2182330225	0.0088573142	0.0717220886	-1.1806692038	-3.1324654035	0.759140271
P2779	613.51888	17.626	C18	POS	-0.42662198	0.494463654	-0.1176939293	2.4686787431	1.1902639406	0.2345440133	-0.7618445554000001	-1.5756746860000002	-0.680157742	-0.4820674657	-1.189326999	-1.4171399876000002	-0.4459537833	-0.1824610051	1.2650209726	0.7978913697000001	0.3959500285	0.4321294115
P2781	540.36596	10.693	C18	POS	-0.7064780056000001	0.6517148219000001	-0.3170734473	0.4757447446	-1.3705494563	-0.2292137137	0.6349746583	0.2749841145	1.0854176344	-0.4482380941	1.0593396286	-0.5339247655	-0.5034314188	-0.5955642267	-2.3029978265	0.1049278107	0.3778241938	2.3425433476
P2785	562.45078	13.602	C18	POS	0.5579314906	0.4627271443	-0.2522532666	-0.2830871724	-0.4681163888	-0.1639888463	0.9925190906	2.0524611186	0.1797857442	-1.9423697887	-1.4455421775	1.437169966	0.9335286479	0.3566814662	-0.4437014237	-0.8500184208	-0.5560224601	-0.5657956931
P2791	583.32391	15.51	C18	POS	-0.7902249803	-0.2313182892	1.0797617786	1.2548611647	0.4703514381	1.1399173354	-1.3007142633	-0.0334419238	-0.2714217307	-0.4502890221	-1.6184077577	-0.2123941107	0.1640307167	1.8031255061	1.3929377591	-1.7244801548000002	-0.4025060322	-0.2697874339
P2792	600.46888	9.664	C18	POS	0.6116779726	1.4128193281	-1.0883983572	-0.267159582	-0.3370487993	0.199992076	1.9176239119	-0.5456835182	-0.5105914809000001	0.0765599853	2.2397104047	-0.0461328143	-1.0714896197	-0.5796962875	-0.0842420987	-0.9534675862	-0.7744814587000001	-0.7911570989000001
P2795	325.27394	15.871	C18	POS	0.2199831572	1.1728212509	0.2436268558	1.0222357203	-1.395200242	1.1317315942	0.0071620403	0.2662940311	-0.345227612	0.5122622906000001	0.4325780434	-1.0878616093	-0.7641299146	-0.0563125589	-2.8109512837	0.5369993989	0.4091605756	0.7248114195
P2797	885.73096	24.285	C18	POS	0.5562745632	0.2345203711	0.1120813704	0.5395177221	0.6338579751	-2.0472557536	0.000930666	-1.1721888895	1.5183728654	-0.1273473141	-0.7106618768	-1.3493433612	-0.144415369	-0.5810146722	-0.0772236133	0.7433688554	2.3584615602	-0.4879350991
P2799	818.55929	11.918	C18	POS	-0.8495876144000001	1.1315514184	-1.2550027436	-0.3461347177	-1.1939749464	1.2129409874	-1.036393184	1.2148239639	1.4130201095	-0.2834038129	-0.6330850954	-0.1907844004	-0.9998076386	1.2561873429	-1.3530340042	0.8115835678000001	-0.0277660312	1.1288667989
P2800	586.30935	10.531	C18	POS	-0.5925911506	-0.2689881224	-1.205612045	0.7155352171	-1.7124499595	-0.1042113831	-0.0390834207	-0.3517394383	2.0175146491	0.4692828217	1.3497244783	-1.4060042083	0.1424972143	1.7324982913	-0.3153067791	-1.0630583436	0.2833842104	0.3486079686
P2801	1466.0608	17.455	C18	POS	0.3234410832	1.3578782856	0.3957303736	1.4701751577	0.1033820048	-2.1157479933	-0.494979855	-2.147928219	0.6922842551	-0.3919664216	0.2601001402	-1.3574972138	0.5228853401	0.279744699	-0.4465652016	0.3867230514	0.404796367	0.3655777251
P2802	506.49311	15.28	C18	POS	-1.5074013987	0.9332308663	-1.0880671523	0.9410251476	-1.8108485693	0.5068314812	0.6138068227	0.0006550122	0.4294174064	0.9829718253	0.1592737945	0.5665372320000001	0.2277013881	0.4104669251	-2.1046849887	0.292502672	-0.9041669961	1.3507485316
P2803	311.25847	16.639	C18	POS	-0.7099245549000001	0.2047419904	-1.9753187432	0.2764737698	-0.5833340757000001	-1.7344796077	-0.3125837736	0.4633659484	0.5284045393	-0.4348011915	-0.5864993258	-0.4195754134	0.698627703	0.2539944541	2.1087424966	0.9612369257	0.935241071	-0.8441456141
P2805	607.40896	12.02	C18	POS	0.1556999053	0.6709214214	0.684167225	-0.6850842098000001	-0.8294470943000001	1.2490301227	0.1071984914	-0.0266431205	-0.3040605857	1.7245438673	0.0836836606	0.6632931603000001	-1.6367305894	-1.1584267392	-1.6682039087	-0.2073939044	1.4973901076	0.447913076
P2806	1498.41475	25.668	C18	POS	0.6696292006	-0.0871726539	1.287913555	0.5332150498	0.9002445812000001	-0.5819610964	1.4880235456	-1.7706984343	0.0501211808	-0.7295601554000001	0.4720715455	-2.053467703	-1.0289475531	-1.0669398786	-0.3011805411	0.5621482619	1.1039517402	0.5526093553
P2807	562.51935	16.519	C18	POS	-1.8039601191	1.5971724178	-0.7739552860000001	-0.3614362673	-0.5669065618	-1.511812995	-0.1339301772	0.0843390995	2.1176141112	-0.4971723086	0.6778080144	-0.5406270716	0.3740014029	0.7474706127	-0.0839058749	-1.0554801909	0.8771957198	0.2866789121
P2808	802.47298	16.958	C18	POS	-0.4870671221	1.1249940175	0.2812812759	0.5692973449000001	-0.1280126264	0.5671170196	1.1950448878	-0.3772807171	0.6428274407	-0.2398631316	0.8647992491000001	0.3839932746	0.2889466104	0.7548298996	-0.4926731916	-3.1940251719	-1.1795584637	-0.5746505957
P2811	1516.07232	17.451	C18	POS	0.5474304976000001	0.0044038112	0.1219373252	0.114312203	-0.3768583436	-1.0892819005	1.1913920417	-2.47132116	0.9881811313	-1.5020987863	1.1197180387	-1.2039701945	0.6646492187	0.4760617551	-0.2491108944	0.8858613492	0.5633727863	0.2197249325
P2812	216.09348	3.098	C18	POS	1.3348856711	-0.6338735241	1.3313145351	-1.1504684459	1.572061193	0.8955683422	0.6513708542000001	-1.1969111119	-0.6926947463	0.4781236913	-1.2200148042	-1.1519371349	1.4230771501	-0.3292421666	-0.8466691813	0.0631313796	0.4684496722	-0.9961713734
P2813	830.59068	16.513	C18	POS	-0.0551108888	1.1922759152	0.2468181403	0.5279070357	0.0805397627	0.7603767014	0.8230145051000001	-0.343305065	0.3535562937	-1.1446611402	-0.5232088221	-2.2660634955	-0.4194063096	-0.3258174308	-1.8502542941	0.4312752865	0.5613403880000001	1.9507234175
P2814	283.22731	17.561	C18	POS	0.4881640184	-1.3558456957	0.627466422	-0.2869710038	-0.2065081058	-0.5099674317	0.0763861848	-0.532516471	-0.0592300907	-1.1295648413	0.8768121173000001	-2.3970046917	1.3879894351	-0.4087544809	1.8455639133	0.1129144044	0.2327756502	0.1958067644
P2815	769.60715	17.044	C18	POS	-0.119512083	-0.2650995581	0.6637205868	-0.11979487	1.2376218879	-0.5277781201	1.5801786797	-1.2719365201	-0.4986488619	1.0405841357	0.8006245494	0.2047698533	-2.1623581174	-1.0730529762	-0.6563614549	0.5381752641	1.4925056356	-0.8636380308
P2818	508.3027	10.502	C18	POS	-0.4595676649	1.3151937962	-0.3771493435	0.3891548233	-0.4213036382	1.5347881692	-0.2128338793	1.3258977692	0.6035682173	0.1927846761	-0.5712126731	-0.6243785551000001	-0.4820645164	-0.6226603148000001	-2.8401934584	-0.3990565705	1.0544293909	0.5946037719
P2819	356.35224	23.931	C18	POS	1.5200408916	0.901790703	0.9839343567	-0.9585992843	0.556602264	1.108851253	0.0758694569	-0.0085952938	0.1620151404	-1.3069153406	-1.3620267094	-0.1158660917	-0.0141480955	-0.3016030598	0.3765374783	-2.06346082	1.4977612683	-1.0521881172
P2821	460.29447	9.013	C18	POS	0.6402475366	1.3863456919	-0.7316947586	-0.2022183526	0.3862635942	-1.1890372533	1.3396860541	-0.4094450542	-0.9175590445	0.5725254306	2.3137871129	0.5669628706000001	-1.2261214568	-0.2928002874	0.4463883486	-0.5684353040000001	-0.6251220822	-1.4897730458
P2824	1551.02461	16.954	C18	POS	-1.7743337060000002	0.6670014381	-0.2316090947	0.1021068806	-0.488430479	0.0704291138	0.9156758747	0.3319354215	0.3252695491	0.4817078179	0.9613610297	0.3700190628	0.4211362405	0.6447017393000001	1.877785605	-1.981989677	-1.5448601626	-1.1479066538
P2825	380.3375	9.013	C18	POS	0.7449736098	1.3064802501	-0.8196477663	-0.2418091442	0.7100012108	-1.1525808695	1.3817734754	-0.429893327	-0.9210606886	0.4957674411	2.2173632886	0.4882640805	-1.1454815949	-0.239825832	0.3327364527	-0.5551067417000001	-0.5008505503	-1.6711032946
P2831	1506.08548	17.685	C18	POS	-0.3253041741	1.6681369252	-1.73832399	0.6566179707	0.0888851347	-0.7776085894	-0.2886630536	-0.4814736455	0.5530074465	-1.2198197934	-1.3171948295	0.8989496490000001	-0.7015482234	0.5949991867000001	1.0275503114	0.646887414	1.0510745213	-1.1429500803
P2832	579.43389	11.964	C18	POS	1.3755227827	1.0411049035	-0.8316060284000001	1.3447017815	-1.0502731713	0.306425646	-0.4221737376	0.477924448	0.2858945264	1.3638732499	-1.5611932337	-1.8111969449	-1.0939395734	0.3812199804	-0.9077727368	0.854650808	-0.2852453867	0.5320826860000001
P2833	570.25734	9.711	C18	POS	-1.6640992956	-0.177078371	-1.1941710662	-0.0913305556	-1.4629256027	1.411036941	-0.0073823439	1.6780571087	1.2868129107	0.6596044468000001	-0.2462186845	1.2024518838	0.2030317702	-0.0162029292	0.2195702604	-0.6308290095	-1.4048929851	-0.3962634879
P2839	390.26834	13.476	C18	POS	-1.5040267117	0.5732580101	0.4943895676	1.4342500628	1.3225452137	1.2435846558	-1.6806023177	0.4799407773	-0.2076568422	-0.6112573083	-1.124257571	-0.2222118902	-0.7253147523	0.3741846093	-1.4686566383000002	0.5370104826000001	-0.2722836323	1.3571042847
P2840	406.31008	22.984	C18	POS	1.2263009402	-0.7750817672	0.6387903620000001	0.2861008342	1.3341498331	-1.2974072585	1.2266803297	-1.1607331896	-1.3006883166	-0.5807909878	0.2957880877	-1.8697833665	0.7190485427000001	-0.5807909878	-0.2280329684	0.9551391709	0.382482526	-0.4327537599
P2842	129.1023	16.108	C18	POS	1.5807365553	0.6001778038000001	1.0605961729	0.6289985074000001	0.7038024403	-0.2668293569	0.5331760640000001	-0.2232197029	-0.3257435783	-0.0770861735	0.5624566567	-2.7171237427	-0.8817756388	-0.4562675466	-0.8417889893	-1.1533249694	0.9625201723	0.0874756225
P2843	801.56257	16.756	C18	POS	-0.9531743108	1.9805076173	0.3888933123	0.550345418	-0.5767747240000001	0.4423369111	0.7583838056000001	-0.9514254241	-0.0331151393	-0.5012976396000001	0.7637918979	-0.5290286494	-1.0069558463	-1.0526731694	-0.697581385	-0.9168579421	-1.1660431736	1.6972836830000002
P2844	305.1574	24.911	C18	POS	0.5410384509	-0.9841999105	1.2194423285	0.2343321837	-0.161975709	-1.5564476894	1.6854882083	0.8779232402	-0.7242952019000001	0.3064570904	0.6031475791	-0.5948801443	-1.9483803556	-0.5309623404	-0.6761892807000001	1.3000842696	-0.3148779209	0.863350872
P2859	762.59625	16.886	C18	POS	-0.1164316308	-1.2116570853	0.3532901718	-0.170234527	-0.1385572395	0.7949982279000001	-1.7611563708	-0.7610774715	0.6460625868000001	-1.6714853622	1.4756747895	0.0782051278	-1.0410761188	-0.6429459602	1.0631377346	1.0638025919	1.6516183481	0.3878321876
P2863	639.53489	15.34	C18	POS	-0.0625092007	-1.2416625727	0.1278424332	-0.3128221149	0.9747561415	-0.611499985	-0.6742145998	-0.5667170371	-1.2250740825	0.0757732887	-0.92541215	2.1708910383	-0.1560401253	-0.4235866318	2.0880088426	0.1848728652	-0.1593299101	-0.4188538532
P2868	939.77833	25.027	C18	POS	0.3554707248	-1.1443345551	0.1753403193	-0.2348351676	2.3140084978	-0.6982667212	-0.6810380341000001	-0.7156304410000001	-0.5069802492000001	-0.3607861354	-1.7114741724	1.2391116837	-0.1569107225	-0.5426667791	1.7034915371	0.2670409854	0.0028481987	-0.6836937246
P2872	363.18215	11.96	C18	POS	1.2764812244	1.5787432561	-0.3253044212	1.1217592144	-0.4677725782	-0.1079149876	0.6973142743	-1.2253556887	0.3274801541	-0.0510776766	-0.3388823897	-2.1676062294	-1.6047761132	0.5619947415000001	-1.0158949229	0.2928911469	1.1210613142	0.3268596813
P2875	177.9579	0.508	C18	POS	1.2491345307	-0.3160692479	1.4997901905	0.191445999	0.5293226763000001	-1.3431864929	0.4644102562	-1.5429738875	-0.8858682623	-1.3389238002	0.3666082449	-1.422438784	0.7347676315	-0.2093174518	1.2258856902	0.7707001682	1.002528012	-0.9758154728
P2877	1552.08639	15.942	C18	POS	-0.5796736823	0.2195627338	-0.3014099521	-0.5270429683	-0.8143791356000001	1.0337610158	-0.1477657266	0.6499439236	-0.3812418235	1.894808127	-0.885785798	1.2173739318	-1.3435623204	-1.4846034289	-1.1751201006	-0.0399106893	1.5833320805	1.0817138132
P2880	682.44797	15.233	C18	POS	-0.6244409583	-1.120112788	0.431349414	-0.1996580221	-0.8737590151	-0.8629179954	1.4713361851	-0.399713841	1.3158867876	1.4851376649	0.3009528563	0.1412951689	-1.8934102062	0.2459178445	-1.6007169798	1.1693979934	0.2236449366	0.7898109546000001
P2883	123.05542	17.072	C18	POS	0.4321583182	-0.0433324806	0.3982398489	-1.0966103409	-0.343790945	-0.3138393039	-1.1159372866	0.1984249097	-0.7596548304	2.7681221239	0.6560835163000001	1.0510304686	-0.8437559202	1.1446241122	0.1315282065	-0.4685730185	-1.0575262134	-0.4729803983
P2885	120.08076	24.055	C18	POS	0.9847216377	0.1020604729	1.3563735421	0.3352410662	0.2477925887	0.7949134261	1.3570472428	-0.7719255477	0.951968492	0.0537205616	0.5698127213	-2.6913906494	-1.1064117133	-0.4400343586	-0.3443502328	-0.1162958297	0.0953995163	-1.3786429361
P2888	256.30062	10.018	C18	POS	1.0969437218	0.229379629	-1.0657257518	-0.2541243625	0.1475382679	-0.3908806865	-0.3341527153	-0.7102175124	-0.4867394268	0.0712661438	3.1956840849	-0.6225302384	-1.1967576263	-0.1738767952	1.2190516747	0.4248331821	-0.3286097969	-0.8210817921
P2894	128.06208	15.24	C18	POS	-1.1576300977	-0.1628087312	0.1448915937	-0.2095878283	-2.2074685185	1.6939653399	0.6432608969	1.1812295387	0.5172217169000001	1.1880733907	0.8235801721	-0.0359999194	-0.2321668572	0.4106688851	-1.4049141215	-0.4962967017	-1.341351989	0.6453332304
P2895	506.26177	10.99	C18	POS	-0.6713588604	0.4816477419	-0.3708091062	0.8974987669000001	0.7133952788	0.6390995086	-2.3097965797	0.281633883	0.7505071618	0.6527979902000001	-1.7526033691	-0.8167910987	-1.4950831815	1.1068272161	-0.3266896311	0.5792897686	1.0020169815	0.6384175292000001
P2896	301.14151	15.302	C18	POS	1.969891995	0.1671152626	0.4477578807	0.5471151866	0.5764999131	-1.2474293059	0.3683749851	-1.8232388298	-0.9948776224	-0.2836459276	0.3675500211	-0.9870323412	-0.4361659045	-1.6825734736	0.9080872367	0.0239225961	1.0916159868	0.1814987484
P2901	355.28423	16.091	C18	POS	2.3439765571	0.2590639552	0.3220713318	0.5585066669000001	0.2535604547	-1.3222331438	0.1161350813	-1.2785287613	-0.7891758622	1.6987050404	-0.0978893172	-0.65827859	-0.6503677485	-1.5089089623	-0.1469480811	0.9385544308	0.6908007661000001	-0.7290438179000001
P2902	280.65555	10.672	C18	POS	-0.796151822	-0.8128130943	-1.4425000138	0.310067743	-0.5355356488	2.2669968821	-1.1747297908	2.3774564246	0.2848879866	-0.6659572784000001	-0.2145369642	0.467780903	-0.4557528265	-0.6569859378	-0.3206156096	-0.0030000687	0.2287743385	0.3464629552
P2903	881.69895	23.152	C18	POS	0.8305146715	-0.9204218238	1.9203046054	-0.0424838859	0.2144908254	-1.3972705114	-0.7773991107	-0.963466398	-0.5763104413	-0.5709444644	-0.3688741154	-1.310216557	1.3385219621	-0.6991429207000001	1.1690764744	1.5393181707	0.8202272719	-0.2059237527
P2907	631.62139	22.559	C18	POS	-0.8425196145	1.5206469695	-0.4970446976	0.8972393864	-0.2025934055	1.0046163598	0.9028411357	0.4269827485	0.9584086636	-2.4474229059	0.1975088745	-1.1166395811	-0.9026551141	-0.5382765513000001	-0.1608410006	-0.2909206376	0.7317840956	-0.0045491315
P2909	659.25171	8.754	C18	POS	-0.6879313782	-0.3130250714	-0.3235216122	-0.8764610780000001	-0.8089160320000001	2.3971497203	-0.2049822951	2.3116189418	0.3358686242	-0.1119747464	-0.4167918766	0.1337600312	0.2025089793	0.5839704261	0.1470868411	-1.1530397698	-1.4152951057	-0.6089406306
P2914	428.36411	15.668	C18	POS	-0.3751584218	0.6205781760000001	-0.4647475517	0.9110121798	-0.6001984777	-0.9219478129	-1.203292545	1.3082014683	0.8575475139000001	-0.0563685231	-0.5809210905000001	0.1342681168	1.6741251476	-0.3983746406	-1.8733699437	0.0690321078	-0.9606894595	1.3943733952
P2915	1517.07974	17.579	C18	POS	0.3333435349	1.2654840224	0.7344141268000001	0.760765345	-0.4475757371	-1.1386116382	0.845109685	-2.3950812732	0.455102583	-1.1047357187	0.8654897938	-1.1759215005	1.0017451107	-1.2101295982	-0.4531667394	0.5301056964	0.747968634	0.3856936731
P2919	359.24032	24.303	C18	POS	0.925296702	1.5606084164	0.7125744740000001	-0.1434896882	-0.9183642154	1.2360419793	-0.3791006032	-0.1692058618	0.1856193119	0.9709273306	-0.1120923727	-2.2339940098	0.7207911170000001	0.1611387116	1.0303073087	-0.769037586	-1.2964024791	-0.5752081065
P2922	914.89006	24.759	C18	POS	1.1195468337	0.8710173299	0.9877541283	0.7961386324	-1.2268568051	-0.6482614006	0.4723049711	0.140574286	-0.1519599387	-2.6102803114	0.3832344992	-1.830164756	0.0368987507	0.3049660387	-0.5818860714	0.47318027	1.0048123237	0.4589812195
P2927	1493.07915	17.596	C18	POS	-0.1336653802	1.0658012778	1.2535259274	0.6163729520000001	0.4001452006	-1.3055059646	1.3047227214	-2.7047645125	0.8168633853	-1.2208741602	0.0548889317	-0.1224329558	-0.0271305537	0.0367119074	-0.7371199996000001	0.2679348073	0.4607692535	-0.1486757937
P2933	1539.06318	16.458	C18	POS	-0.9880641057	1.7857829924000002	0.3715144542	-0.2668788019	-1.0261117026	0.1134996121	0.5243989604	1.9139532275	1.3927245067	1.3149906068	-0.1884085544	-0.2826431639	-0.6000842698000001	0.6382940861	-1.6411266721	-1.4327474881	-0.1987832565	-0.1153198245
P2936	979.80958	25.501	C18	POS	1.2046016214	-0.5012045368	0.6745585477	0.1457884866	2.4579849725000003	-1.5716643357	-0.6809831689	-0.3913400597	-0.5313648094	-0.4811172925	-0.7873035742000001	0.3609774869	-0.3040145391	-1.9408991311	0.6202828816	0.9327628973	0.3900263477	0.4029082059
P2940	1545.16722	20.685	C18	POS	2.2399414381	1.7914544558	-0.0052809752	0.256881612	-1.6485957488	0.2614766356	-1.1960966696	-0.6771584187	-1.1164827247	-0.0195339322	-0.7726201232000001	0.9285259524	-0.5777327686	-0.4508633688	-0.0050086131	0.534612592	0.0710640502	-0.3161394662
P2950	924.562	14.544	C18	POS	-0.0126836141	0.5744220963000001	-0.2572111346	-0.4495069617	1.2942564494	-1.0464272364	0.182262709	-0.65572273	-0.5351409313000001	0.2407924414	-0.2033631189	2.8623674332	-1.419685781	0.0935671707	-0.6204198472	-0.7615946194000001	0.0368975833	-0.159276489
P2951	854.58512	10.87	C18	POS	1.6076877008	-1.6029923634	-0.2789187277	-0.2238135413	-0.71019325	-0.9574743604	-0.5301241205	-0.598023631	-0.8063595244	-0.0104392045	-0.1745716691	0.4229620122	0.4848242856	0.1029078267	2.1579245545	1.4545699637	-0.0527433459	-0.609441168
P2955	1467.06384	17.459	C18	POS	0.3034385583	0.8922105361	0.6496502179	0.5950535457	0.3116675206	-1.3002424222	0.5452027312000001	-3.0388546521	0.2865049504	-0.8331584014000001	-0.0556570333	-0.9448333936	0.0742150076	0.2528744974	-0.8270476387	0.7478491357	1.2964249134	0.2115435256
P2960	503.10721	20.902	C18	POS	0.1025386966	-1.2746686618	0.8131850780000001	-0.8587527492	1.4126933827	-0.5443188926	1.6737662427000002	-0.4951805433	0.5049366437	-0.0208703343	0.9857081004	-0.1543234742	0.1902581557	1.4585782332	-0.8200046278	-1.7311307992	-1.2424144504	0.0252357571
P2962	534.48804	15.631	C18	POS	-0.9554207177	1.7475656407	-0.1582968931	0.190779524	-1.1821381798	-1.3210572922	-0.0053209337	0.3112288895	0.9378143212	-0.3413685403	0.1233783892	1.274403196	-0.9863842533	-0.1409652341	-1.6205542298	-0.2545935005	0.3020421998	2.078887614
P2965	636.55567	23.583	C18	POS	1.5620831935	0.4899276032	1.1432771628	1.3970231987	0.344556393	-0.4106428312	1.4584265277	-1.3116207529	-0.3781073756	-0.5380912034	0.3878419077	-0.9991979425	0.2120499894	-0.6520994957	-1.3735686746	-1.181722814	1.0608139027	-1.2109487889
P2966	530.28843	10.172	C18	POS	-0.3800049584	0.6012336564	-0.4296363044	-0.0315180929	0.6949013991	0.3395797114	1.4796423939	-1.7598435862	0.2855784532	-0.320979499	-1.8570219911	-0.322491649	1.0287633781	0.6115087852000001	0.9620403262	1.5247525403000002	-1.3867091528	-1.0397954102
P2967	251.20097	24.287	C18	POS	-0.0425841667	-0.4615502122	0.8111961314	0.5564496936000001	0.8873833168	0.0145606185	0.9170789165	-2.1539796594	-0.2712201992	-2.240119657	0.96874713	-1.2323914122	0.6095645471000001	-0.6339251031	1.1630085119	0.0158570804	0.521328546	-0.0633291855
P2972	1553.09073	15.943	C18	POS	-1.3877174453	0.2189886328	-0.707546714	-0.668644298	-0.4260234773	1.2664062478	-0.2451200431	-0.1455079984	-1.077787045	2.1157647919	-0.5653453037	1.0426120558	-1.0687899054	-0.9375628593	-1.1910198117	0.3809541595	1.2528754398	1.0746736683
P2974	974.89511	25.483	C18	POS	0.3489016664	0.23007366	1.2715152899	0.3635351806	2.2469130563	-2.0506329577	0.3368075665	-0.7415780619	-0.1636526483	-1.2574183651	-0.0974399421	-0.1304119203	-0.7112577177	-1.2034659017	0.0524768944	0.4979760752	1.1868406039	0.1576250882
P2977	994.33059	22.237	C18	POS	1.2262513929	-1.4525934357	0.5625048743000001	-1.1090952061	0.1327132015	-0.4053641623	-0.5781128183	-0.2734676097	-0.8386946256000001	2.206894108	-0.154655211	-0.1235006073	0.3536180992	-0.5349965512	2.3013795224	-0.9179818032	-0.1357847513	-0.2591144166
P2985	802.7649	22.17	C18	POS	0.003872777	0.5525681796	1.5609156483	-0.3218759687	-1.528955064	-1.1786980523	2.0266327833	-0.8568260161	1.1175898602	-1.0053819328	-0.1862020362	-0.0877217495	-0.3281873855	-0.3753731759	0.1380097663	-0.91375103	0.416471968	1.0171994449
P2991	158.0964	23.252	C18	POS	0.8361412818	1.8623269862	0.6300064630000001	-0.4868774855	0.457270401	-0.0206051036	2.1491357442	-0.5754440125	-0.6161106492	-0.4718643868	-1.0128836591	-0.8176666143	-0.6801579308	-1.365024807	0.8955782663	-0.7824345284	-0.8190565796	-0.2683869219
P3007	855.68358	23.063	C18	POS	1.1148025853	-0.9453371621	2.2858467242	-0.2528269938	0.7419980132	-0.9093519483	-0.5729428101	-1.7230792465	-1.2339206855	0.0429297983	-0.3233893202	-0.9713567112	-0.5416911292000001	-0.5775606721000001	0.3116639811	0.4469997834	1.2619976135	0.2963007966
P3010	917.699	22.713	C18	POS	0.9437504432	-0.9990328708	-0.0416224913	-0.7534996594000001	-0.6080882886	-1.998458136	1.4099253996	0.0927207358	0.335546394	0.2481331822	0.4020697609	0.0533407876	0.9239776085	0.7040730294	1.6923343945	-1.052889983	-0.5954841672	-1.8096861224
P3013	910.73374	23.745	C18	POS	0.7390527744000001	-1.235604931	1.2018450851	0.2382679716	2.2807829365	-0.5582364360000001	0.4149816461	-1.3657067077	-1.0544389705	-0.149542508	0.7632927925	-1.0233242837	-0.6917608392	-1.2887917471	0.2679481999999999	0.6042829984	0.7894617458000001	-0.6242705664
P3014	612.32514	10.679	C18	POS	-0.7191866601	-0.5983220256	-1.3241250135	0.6470885334	-0.2445694894	1.7898405374	-1.201057228	2.3631358469	0.4531080679	-1.231395378	0.2969832838	0.1686259352	-0.8998891839000001	-0.9006471527000001	-0.053687385	-0.323784271	0.3676222612	0.6910726614
P3016	880.81803	24.321	C18	POS	1.0873876788	0.116353973	-0.2664180903	1.0693360178	1.7230268925	-0.7791868551000001	-1.3520127867	-0.0192128957	-1.2117567872	-1.1081981962	0.1672417703	0.0274047131	-0.4744882663	-2.0936249055	1.0152911829	0.1714817523	-0.4083965692	0.961155085
P3017	305.24576	12.281	C18	POS	-1.5223139598	1.2117737154	-0.9249305842	0.9991135481	0.1088976636	1.5501189029	-1.6171660423	1.0804595853	1.0912536488	-0.0676367128	-1.6042176936	-0.1423203254	-0.1653185926	0.8329921899	0.060689957	-0.7183791184	-0.8341677317	0.6611515498
P3019	502.49817	15.717	C18	POS	-0.8817751571	1.5491447535	-0.9361044331	1.094499421	-0.974685963	1.3861128563	-0.5820312022	-0.2427719583	0.5075182937	-0.3969163741	-0.5863152218000001	1.0278963964	-0.3402162316	0.7359705715	-1.6695399849	-0.8178811159	-0.6437351243	1.7708304738
P3022	299.25844	15.961	C18	POS	0.4769742788	-0.0417178542	-0.0516048645	-0.5603481434	1.6989865179	0.4624445841	0.3457468194	-1.3232365242	-1.1125153026	2.069355893	0.2591428416	-0.3859635533	-1.4418249375	-1.3841234706	-0.4425749042	0.1293351251	1.5708502399	-0.2689267452
P3026	810.59992	12.311	C18	POS	0.1671519638	0.3328805607	-0.6884078858	-0.9700661343	3.6553156055	-0.7341859577000001	-0.180341274	-0.5904024291000001	0.5498134093	0.4931781171	0.0872593133	-0.4289956116	-0.3186095782	-0.1917769045	-0.2511135313	-1.0132498484	0.3540944564	-0.2725442712
P3027	200.19188	21.578	C18	POS	1.8582499114	-0.3562140528	0.0335226328	1.020125375	0.7113400842000001	-1.2079450408	-0.8740382901	0.8314593208000001	-0.7030758177	-0.0451217839	-0.2165677062	-0.3085961294	0.6943299916	-1.8984886366	0.2657809207	1.8135521192	0.2422477083	-1.1492205222
P3028	1632.14253	15.979	C18	POS	0.7391980244	-0.6848851294	0.2709953514	0.7478301573	1.1962921793	0.8015019765	-0.8627165767	-0.6619482996	-1.8997031145	0.4327768837	-0.9594419671	0.2313915062	-1.3821362467	-1.5222119072	-1.6013504228	0.5693628287	1.4272439383	0.6937338187000001
P3031	1572.43519	26.58	C18	POS	-0.6744647238	0.771573978	1.126244092	0.8367275024	2.0650244159	-0.7684286321	0.7419527149	-1.6446804748	-1.0058193051	-1.401413284	0.6621471645	-1.4641838113	0.3958276914	-0.4823555136	-0.0253119036	0.1014926135	0.9394486018	-0.1737811261
P3034	1696.07585	15.466	C18	POS	-1.2096698593	-0.450689122	0.084113094	0.8147556762	0.3380808524	-0.7534321204000001	0.0861808143	-1.4056460317	-1.3310160417	2.2932636272	0.9666632646	-0.2142112324	0.4652068452	-1.6048812827	0.5518414408	0.7892164263	0.5336589838	-0.1676465671
P3039	508.27731	11.945	C18	POS	1.1991853981	0.3107001486	-0.7255561657	0.4049967436	-0.9702676434	0.4505936239	1.1752984398	-0.8781935495000001	0.5825560447	0.0096037939	0.1724616388	-1.8481011029	-2.1066429249	-0.09377106	-0.5472491997	0.8177221609	1.7927381758	0.2539254779
P3040	382.33118	23.002	C18	POS	0.8571283867	0.5445648226	-0.5412450159000001	2.0489938656	0.9401440036	0.0883527328	-0.1592735836	1.3320419092	-1.0749074665	-0.9632459075	-1.3598142733	-1.2368874951	-0.9679331649	-1.2935433271	-0.8548951703000001	0.8729929068000001	0.0852760419	0.6073432685
P3042	267.17302	7.933	C18	POS	2.0145835263	1.1184623076	0.8743817842	0.56507387	-0.7335386542	0.0836851401	1.2818257497	-0.5804769757	-0.3706582422	-1.0081865374	0.3768448321	-2.5736908345	-0.1611119989	-0.5998604162	-0.4497673855	-0.2036575697	0.6653516431000001	-0.2992602385
P3046	603.2926	15.517	C18	POS	-0.6887124367	0.4394225887	0.8627144478000001	0.6157063656	-0.1128760416	0.5289778281	-1.7709387059	0.4863751521	0.541182143	-0.8279856218	-2.0810935143	-0.2788894728	1.2183094627	1.1106530275	1.1566768993	0.0439439187	0.4566771117	-1.7001431521
P3047	1585.07273	16.5	C18	POS	-0.5174354222	0.9829828158	-0.7506681865	0.5408794322	0.6219984439	1.6068584207	-1.3440630819	-0.0595593499	0.0563145906	-0.9002304128	-1.8662774276	0.0211106747	-0.6582007486	-0.9280244015	-0.6528830692	1.1964070011	1.6156975035	1.0350932178
P3048	319.28491	8.821	C18	POS	0.8706878586000001	1.3218355613	-0.9277902785	-0.2503945853	0.3975233736	-1.0843269151	1.5912170573000002	-0.4994285245	-0.8647658425	0.8118223863	2.048639675	0.4085147572	-1.3144500819	-0.4389384589	0.281174877	-0.4863270924	-0.336608347	-1.5283854203
P3052	614.62295	20.533	C18	POS	-0.038133925	1.6871366502	-1.2223981872	-0.2731218959	-0.3237677385	-0.1139430404	1.0248007113	1.1638112088	0.1801755034	0.2233884673	-0.252864305	1.4558720496	-1.2820569715	-1.1900219731	-0.3808828882	-0.3083384493	1.47347693	-1.8231321466
P3053	1586.07552	16.5	C18	POS	0.1739049887	0.8410763990000001	-0.8578929722	0.9926117701	0.4253851892	1.5615601792	-1.533187041	0.2641900272	0.198701192	-1.7997072179	-1.3593857331	0.1067605114	-0.2592340189	-0.9503715784	-0.9625545358	1.2245019984	1.1877769612	0.7458638808
P3057	308.29532	10.485	C18	POS	-0.6083907824	0.0778168603	-0.2097323204	1.1003971432	0.4481059627	2.5172056103	-1.4630782777	1.2390406304	-0.1182874915	0.1894706673	-1.3576837614	1.3652226673	-0.080086571	-0.3935325066	-0.2689110485	-0.8761387903000001	-1.0796610119	-0.4817569798
P3060	250.2533	16.43	C18	POS	-1.0729013481	1.3489379615	-0.8137351173	0.4653454004	-2.1803264804	0.7859071474	-0.0921012454	1.1478313106	1.1735195848	0.2388077039	0.2828231083	0.9537216665	-0.6416579056	-0.3083148707	-1.6873056041	-0.7205673506	0.0456660782	1.0743499607
P3061	665.46018	22.862	C18	POS	1.6863544343	1.3658962253	0.6596356805	-0.2695778959	1.3309433662	-1.2467199114	-0.4738062973	-0.7136650788000001	-0.0816052584	-0.9723493723	0.1831225472	-0.9964141335	-0.465063801	-1.9352877697	-0.0227846522	0.6630594406	1.2167134479	-0.9248651051
P3064	361.16659	10.99	C18	POS	-0.0872654378	0.5517255885	0.0759275521	1.4055448032	1.3036080594	0.9120547868	-1.9097472598	-0.4239050564	0.3526565102	0.4357760246	-2.2510854475	-0.9232425906	-1.2576063073	0.3231019815	0.1472712687	1.1060915919	-0.1587384945	0.397832427
P3069	532.47003	15.941	C18	POS	-0.4572029051	0.8067654280000001	-0.1283193112	-0.4242409566	-1.1447390562	-0.8019904738	0.3774697734	0.0273992948	0.3082996022	-0.0026609214	1.423394592	-1.248597875	-0.8599284466	-0.6918964889	-0.7820559993	-0.0069782897	0.6114637304	2.9938183029000003
P3077	289.24938	4.964	C18	POS	1.7971426541	-0.7590567691	-0.2402847926	-0.0117924009	0.5452002736	-0.1908743934	-0.5467816405	-0.9088045746	-0.0368387637	0.3077642307	-0.302125864	-1.8155530337	1.2484436568	0.2254745431	1.8749529487	0.9145539598	-1.0626071322	-1.0506053029
P3083	371.32721	8.672	C18	POS	1.2621460818	1.3614264627	-0.7737822400000001	0.3473447874	-0.4939149087	-0.8036332912	0.4632568279	-0.6535430203	-0.5592362622	1.2100565943	1.9669629287	-1.2744892074	-1.4317524098	-0.2170240261	0.0356931399	0.4244134064	0.6590847373000001	-1.5230096008
P3084	736.51316	14.859	C18	POS	0.5838715951	-0.2090837055	-0.662019266	-0.2284863113	0.5092947509	1.0179685095	-0.9304967236	0.6761113557	-0.8416079660000001	-1.1435297203	-0.8113746519	-1.8022165169	-0.9063094975	0.4250259405	-0.440963841	1.1579979313	1.6060319237	1.2567424515
P3088	1170.34419	22.451	C18	POS	1.4907459673	-0.3458390622	-0.1358909483	0.3565653667	1.0612979783	-1.1436295814	1.4109185656	-1.1892475718	-0.8478902247000001	-0.5312162272000001	0.6210225636000001	-1.5672672758	-0.2582050532	-1.1847642973	2.0212687401	-0.3122861871	0.3845487929	0.1698684544
P3091	836.75306	22.739	C18	POS	1.6614224648	-2.1831403372	-0.7836581028	-1.1058981523	-0.9079687442	-0.9942950296	0.2462954291	0.3061534009	0.3465587127	1.0380469433	-0.2943321539	0.3055119429	0.354564661	-0.8883688886000001	1.3115729826	-0.560387998	1.1536278398	0.2388428166
P3095	180.17489	4.961	C18	POS	1.8683624323	-0.3855882644	-0.2458464506	-1.3795161638	0.4724067779	-0.2509949657	-0.3737977803	-0.8070228049	0.0849319063	0.3245922878	-0.4351455177	-1.6196025366	1.1552051978	0.00628442	1.8961092732	0.9441034286	-0.1854080873	-1.2544812399
P3096	119.08555	15.244	C18	POS	0.5778541955000001	0.4310488776	0.7085182166	-0.9233870929	-0.7486079557	-0.0902894577	1.1033650215	1.9514866912	-0.2889569443	1.5673738022	0.5076420979	-0.8126052734	-1.0777611102	-0.3948159354	-1.8305352991	-0.0520575694	-0.9693202724	0.8486901059
P3099	395.21464	12.29	C18	POS	-0.141290407	1.4787267556	-0.3440768625	0.4455212501	2.1649142099	1.1722203149	-1.2393847114	-0.3155676766	0.7207724238000001	-0.1323896968	-1.2282971911	-2.0992499678	-0.1426066202	-0.1337351108	0.5334829632	-0.9571022951	-0.0707798603	0.288842482
P3100	1244.36264	22.981	C18	POS	1.2320385873	0.1792767528	1.1112975526	0.2477962443	1.1162450306	-0.9911708607	0.7655290435000001	-1.3352904474	-0.1219923	-1.7317315798	1.0268993701	-1.8274037113	0.3096311387	-1.4329496753	0.4694920917	0.1686005065	0.8647139794	-0.0509817231
P3103	639.28248	10.315	C18	POS	-0.9500128147	0.3803948538	-0.4868269074	-0.5109017078	0.028797672	1.6741000012	-0.9304244782	2.8217046432	0.1312184834	-0.5332177164	-0.5871720512	0.2875190785	0.5625447031	0.7533618966000001	-0.7437916635	-1.5100311781	0.1950925939	-0.5823554083
P3104	187.8554	16.925	C18	POS	-0.2800581305	0.6846956621	0.6222759779	1.1610961546	0.5908437194	1.531002501	0.5570110183	-0.6067249311	-0.0789409238	1.3269576672	0.4011592991	-1.0874624435	-2.6069241173	-0.4440856135	0.3921826743	-0.8405604236	-1.1648803446	-0.1575877461
P3105	1611.08868	16.486	C18	POS	-0.863139011	0.7576997964000001	-0.904214156	0.2148330261	-0.8782719152	2.1379590851	-1.3102077021	1.3811959712	1.0853143742	-0.1423702616	-1.1685769113	-0.7926567492000001	-1.0409896024	-0.3159007099	-0.0905253127	0.3869859224	-0.3749951749	0.9641950071
P3112	228.23269	10.013	C18	POS	1.6947257615	0.751836487	1.1411170791	-0.4018068093	0.1888794264	0.0495195678	1.7582243096	-1.4087760049	-0.6297670659	-0.5362579924	-0.6470261262	-0.5256847052	-1.3478259455	0.4889906242	-0.2153571296	-0.8848013253	1.9807312779	-0.3156043502
P3113	265.25328	16.345	C18	POS	-1.1552629899	1.9559040448	-0.4438190097	0.6876075252	-0.6873913375	0.5143415078	1.4188621236	0.5163878181	0.1297383469	-0.3978026385	0.7619140686	-2.0438063822	-0.5056052216	-0.2085544346	-1.6332343042000002	0.171930978	-0.4630920128	0.6944905806
P3114	1153.72453	14.036	C18	POS	-0.5138489517	0.7137000965	-0.7521496828	-0.0862583645	-2.7562201067	1.3919773669	0.3887624272	-0.4853843693	1.0584059321	0.0755021939	0.3906768598	0.0026587585	-0.1097218803	1.3866821634	-1.6232371053	-0.2259289339	0.8706062068	0.2737773895
P3116	879.58377	15.437	C18	POS	-1.9141510451	1.5537656364	-1.5516680924	-0.3021860363	-0.3988111216	0.9187312943	0.6775229101	0.7534052803	1.1661726876	0.0465617607	-0.3755344034	0.6445480716	0.7414322254	0.7209097663	0.0053312425	-0.7812227137000001	-1.6276327514000002	-0.4138493535
P3127	367.21589	12.281	C18	POS	-1.7629854332	1.9721574222	-0.5374832396	0.517449465	1.797775007	0.8663190863	-1.442301575	0.6867425607000001	-0.216074693	-0.2697101397	-0.8808248366	-0.5139184235	-1.3227112427	0.9871567743	0.0161675886	-0.0564320445	0.0018519349	0.1568217889
P3128	1467.42195	24.873	C18	POS	2.0443732917	0.3483627012	0.0885611625	0.6196282468000001	0.5097069715	-0.5616371651000001	0.0005849243	-2.5975577349	0.4331936868	-0.0581455377	0.3478906327	-1.4607461703	-0.4718596376	-1.049687594	0.4535754344	1.1257816776	0.7120732972	-0.484098187
P3132	734.49672	15.444	C18	POS	-1.0424494037	-0.0809712608	-0.459553239	-0.3722496871	-0.5313794712000001	-0.820454121	1.7834639255	-0.7347432272000001	0.00944262	1.0996924401	1.8081482871	-0.2547271809	-0.0581999872	-1.8733166029	-0.6406913234	-0.2220964943	-0.0921357708	1.0554225212
P3138	1004.66924	10.481	C18	POS	-1.1279308208	0.4667903599	0.0553786116	-0.0020279823	-1.6118539630000002	0.8504311316000001	-0.1505395539	0.3268273689	0.4387747885	1.991434097	-0.6293286701	1.7398398434	-0.3134929292	-0.0022655456	-1.3769880306	-1.2298384118	0.2555859434	0.0610894453
P3143	95.08567	15.269	C18	POS	0.3058097816	0.71082889	0.0248284037	-0.1350020601	2.5029032607	1.491361555	0.2938456727	-0.6227143305	-1.1219742081	-0.5992279979	0.1029759072	-1.0608405863	0.2075716882	0.048242298	-0.3509913163	-0.0336367756	0.5987552685	-2.0569256692
P3144	895.53128	15.237	C18	POS	-1.0605912728	-0.7191020808	0.1528525536	-0.8083608286	0.7308020936	-0.137215595	-0.387607433	-0.3489520642	-0.7613722865	-0.92397433	-0.5923448789	1.6442272994	-0.2986694529	1.5721028375	2.5602771616	-0.4832735046	-0.1387982183	-0.2491059837
P3150	811.53324	16.39	C18	POS	1.4470543706	0.1231833923	0.4149173569	-0.4380197271	1.641117076	-0.1445101523	-0.2970476216	-0.1186941223	-0.6473390502	0.0095717813	-0.6587211716	-1.4990060553	0.300171098	-1.5383172554	-0.6284950692	0.9634534282	-1.2909350877	1.2915639661
P3153	292.28557	8.569	C18	POS	1.0130380028	0.9076844496	-0.6954922931	0.1047924109	0.1007343235	-1.2328823948	1.6586377345	-0.4009156854	-0.8622425062	0.9999990745	2.1753021649	0.1696501293	-1.3748165944	-0.7920207850000001	0.3614147654	-0.8249300973	-0.1415731606	-1.1663795385
P3160	970.86255	24.172	C18	POS	0.6625456590000001	-0.0477681631	-0.1497372348	-0.1147883529	1.6611159512	-2.3548153855	0.605149896	-0.0104772585	0.2405925854	-0.5626013775	0.8299448354000001	-0.3818713552	0.4090371457	-0.0546804968	0.2106764128	0.1482135931	-1.9297035884	0.8753419880000001
P3165	510.81899	10.48	C18	POS	-0.7848013057000001	-0.0154148783	-0.9541296798	-0.093101307	-1.4699337928	1.3495142282	-0.7686488125000001	0.5697884147	1.1406129625	0.9492884288	-0.3780651967	2.3495311485	-0.3689000726	0.2841963344	-1.3290908433	-0.7895695341000001	-0.4783251027	0.3087239057
P3166	759.22214	21.48	C18	POS	0.5172971353	-1.2206515094	-0.6929866672	0.2825115488	-0.339491469	0.4511887681	1.8808369547	-1.7699632231	0.8533528635000001	-0.7824563902	1.2395259425	-0.8524680299	0.7472470499	-1.4307588111	-0.1550925655	-0.4484797299	-0.3770231817	1.314954924
P3167	416.26813	8.822	C18	POS	0.9430337908	1.2794581254	-1.5427081033	-0.3654003819	0.2384686431	-1.077684547	1.4871291809	-0.4433894482	-0.8891374047	0.9068856206	1.9036185967	0.1595935358	-1.5096287454	-0.3411648649	0.3091512814	-0.6308027387	-0.4274225404	-0.9530893495
P3168	800.61455	15.929	C18	POS	0.3306767172	0.9364965369	-0.780090323	1.5337887325	0.8810474671	1.0247426578	-0.3428758506	-0.1457657172	-0.7077133817	0.86053091	-0.6102265184	-0.179489043	-2.1904581818	-1.1647381545	-1.2080393083	0.8952252237	1.0937918885	0.05809505
P3170	326.30592	11.113	C18	POS	-2.7077686413	1.1312636622	-0.9071212092	0.3304626592	0.6480217380000001	0.7730104507000001	-0.9042260411	0.8546794908	0.1769382993	0.4173191486	-0.4684138304	1.7148726887	-0.2888331012	0.8537672579000001	-0.6057889088	-0.3140470284	-1.0588436145	0.3547069795
P3172	120.08091	0.504	C18	POS	0.0770272904	0.1097653171	0.2048650149	-0.9642108339	-0.1028781475	-1.0117195713	0.4992889451	-2.1807131972	-0.3569288803	-0.6185783236	0.5536077165000001	-1.6406166339	1.5710472015	0.6819071067	1.5168736347	0.578904608	-0.5479391421	-0.2333343358
P3176	495.61355	10.506	C18	POS	-0.5903548093000001	0.0072992302	-1.1657769359	0.2969203784	-2.6362203745	1.4425743211	0.1910563245	1.1808020368	0.9668192282	-1.0394669026	-0.1575224325	0.1440321789	0.3831311819	1.4025988366	-0.9995564506	-0.3300933067	0.2915199296	0.6122375658
P3178	845.55537	15.148	C18	POS	1.5421848169	0.0223325967	-0.5633327208000001	-0.0997266438	0.2949179052	1.0568007449	1.904901607	-1.0164187867	-0.1607588406	-0.0013183671	1.6206754016	-1.3447557332	-1.2437054112	-0.6821806794	-0.6955483104	-1.0139445238	-0.0940983806	0.07334492
P3179	275.259	8.568	C18	POS	1.0442232341	1.0103987353	-0.6909452060000001	0.1751480952	0.1240755478	-1.2143066603	1.4997967196	-0.3960051396	-0.8072680964000001	1.0275811263	2.2104165346	0.2132412997	-1.6206421728	-0.7609726471	0.1567124628	-0.7781139623000001	-0.2107709951	-0.9825688756
P3182	268.26451	8.671	C18	POS	1.2059009446	1.3063274441	-0.5018677315	0.4606860552	-0.4688968801	-0.8753578741	0.5003242956	-0.8575072639	-0.6474685595	1.1499158405	2.02713685	-1.4168593351	-1.2930343143	-0.5238164645	0.1947582318	0.4458143116	0.6748082729	-1.3808638232
P3183	863.71016	22.683	C18	POS	1.0073135045	-2.0477986703	0.3475573277	-0.6761082522	1.6989691689000002	-1.7912728813	-0.5632332382	0.3734055648	-0.2622345032	0.1556085863	0.1504196066	-0.2967264031	0.4575690733	1.1464439294	1.4805604616	-0.4386963849	-0.7417768898	-0.2188180217
P3185	636.66476	21.286	C18	POS	-0.9022556789	-0.0143397968	-0.1572716987	-0.0542865756	-0.1963634782	-0.3106863533	0.3254905651	-0.8634326874	2.3450155842	-0.0721356864	0.4979278999	-0.478452393	2.4323929715	-1.1653633381	-1.1331357027	0.399321096	-0.7107124351	-0.2523986459
P3186	1468.42192	24.874	C18	POS	0.9009204203	0.2976450829	1.0307239052	-0.2884243663	-0.4222202575	-1.897438029	1.3189652936	-1.0779864689	-0.5233344943	-1.2050460933	0.0842809903	-0.8399861177	-0.1558436154	-1.0006774701	0.8645880091	1.7944124376	1.3393213775	-0.2199006038
P3187	1069.34926	22.779	C18	POS	1.6427440195	-0.7760473165	0.4430902836	0.1565479706	-0.7654096408000001	-0.6296527185	0.3906264351	-0.9255443695	-0.8433458868	0.9226082893	-0.1275087693	-0.9289871478	0.6085753408	-1.3403188895	2.0647201063	-0.3876518387	1.5230530019	-0.5844085861
P3188	1603.07855	16.809	C18	POS	1.3998897223	-0.3601910914	1.3413932193	-0.5737785731	0.3962420731	-0.9313613269	1.5500638142	-0.1919737993	0.2175274639	0.1379124651	0.6954712372	0.410982955	-0.5231458329	-1.6806577310000002	0.7367202576	-1.1302824085	-1.2924263778	-1.5246422747
P3189	1612.09064	16.497	C18	POS	-0.329984746	2.0771706682	-0.6379359355	-0.2891067194	0.281617097	1.7893203281	-0.1414052201	0.86278763	0.1586887789	-0.1540298502	-1.8230313351	-1.5943203057000002	-0.6540117538	-0.1666354984	-0.8688984323000001	0.5413412565	-0.2106130825	0.8290623743000001
P3193	938.76557	24.377	C18	POS	-1.1106439157	-1.2540804277	0.8810093085	0.3073119859	2.6181814645	-1.092035381	-0.0677922501	-0.8478694355	-1.5152753444	0.063702419	0.0629993274	0.128857638	0.7701681403	-0.4679073064	0.5396433435	0.3144900755	-1.0199764447	0.8413473673
P3194	1466.42291	24.87	C18	POS	0.7970058240000001	-0.1635372747	0.6762446233	0.9147276936	0.9691034849	-0.6852350556	1.2982411615	-1.5911311646	0.7446989913000001	-1.455344024	0.0518849034	-1.8637228659	0.4461195362	-1.135084979	0.5515787837	0.7006087556	0.8603710839	-1.1165294777
P3198	594.55689	16.21	C18	POS	0.5365271888	0.1474219757	-0.0076347194	0.3627289997	-1.9898132099	-0.7777097733	1.94660883	-0.3960400142	1.381647045	-0.1756483065	1.2357337291	-0.8075239048	-0.8316741816000001	-0.4849186118	-1.2581506785	-0.5232699919	0.1890664356	1.4526491878
P3199	568.53648	15.966	C18	POS	-0.3400111348	0.6824946118	0.1948141145	0.5019891206	-0.1080801665	1.3940538268	0.1520823735	-0.1553342455	-0.9802543375	1.2682633418	-0.3809943395	0.787919259	-2.1805935893	-2.0647456621	-1.7418645296	-0.1254506071	1.3252317023	0.0286157322
P3204	267.64774	10.514	C18	POS	-0.3763838358	0.4189115581	-0.8313703476000001	0.4516437704	-1.8489784347	1.1913886318	0.9098980833	1.2166205272	1.278056329	-1.0627570466	0.8219266161000001	-0.6465378575	-0.4151114534	1.0856012556	-0.9722056207	-1.756706413	-0.0920862459	0.6280904836
P3213	1065.70624	15.147	C18	POS	-1.0827064874	1.8863876958	-0.8279728770000001	0.6201948708	-0.8691107402	0.4948341261	1.4041527068	-0.5819386261	0.0168673973	-0.6091170533	-0.6482167797	1.3250743676	-0.4533960682	0.9589412409	-2.0353504491	-0.2838744133	-0.6966528561	0.512773205
P3214	382.22658	11.958	C18	POS	-1.1022601496	0.1978993391	-1.0401776401	1.0467306447	-1.6456374846	1.2779416844	-0.4166303814	0.8591407921	0.3222352549	0.898680691	-0.8704836747	-1.4001245383	-1.5184155353	1.1269243568	-0.190929845	1.0243956027	0.6944068964	0.736303987
P3216	133.10119	15.267	C18	POS	0.0900127063	1.3830600893	0.4199652135	0.6000698858	0.7646738742	-0.74299051	0.9864154443	-1.2670928053	0.9505106493	-0.1314952385	1.2550471109	-1.1520503842	-1.4271123573	-0.6585754146	-0.5536498942	-2.0221958538	0.8020038686000001	0.7034036158
P3218	475.29778	10.489	C18	POS	0.3113934529	-0.5054012479000001	-0.7948852604000001	-0.4670429115	0.7631237243	0.3075524877	-0.2268774089	-1.935490961	-0.8692962842	1.8932053796	-0.6702261175	0.7584869848	1.1482235808	-1.7105282157	0.8245479156000001	0.6176135199	1.1434456843	-0.5878443229
P3220	488.43343	16.371	C18	POS	1.5387530449	1.018362423	-0.6742970157	1.1224119237	-0.6963589369000001	-0.8358557779	0.48501013	-0.2341831349	0.0878867086	0.3617585755	0.4452617618	-2.8215057559	0.9010198171	0.1167376899	0.2526676755	-1.3907471321	-0.1802402314	0.5033182349
P3222	308.19025	10.562	C18	POS	-0.112554361	0.3941331188	-0.1761464197	0.6935288037	1.7573939205	0.5434419604	-1.7347423017	-0.4143676026	0.2488845881	0.1895012869	-1.7443417735	1.1953780164	-1.7644687051	0.9930036531	0.9432076814	0.4178381104	-0.7107449874	-0.7189449888
P3224	375.22706	11.931	C18	POS	-0.0249980171	-0.1091490381	-1.3250363536	-0.2484598401	-1.2677129356	-0.0037088455	-1.094159237	0.5981632978	0.4063625928	1.0485335713	-0.6709443326	2.0696912576	0.3078196864	1.0315376655	1.0597198796	-0.8990211747	-1.524368584	-0.9242351001
P3229	369.19896	11.965	C18	POS	1.4932727827	0.7402263514	0.1733443527	1.4469410082	-0.1358921499	-0.9204961069	0.1416373425	-0.9169447164	-0.3751815599	0.7705220924	-0.5964544664	-2.6096310999	-0.8358387730000001	-0.8346585923000001	0.4575750859	0.1842591987	1.209953439	0.6073658113
P3232	745.63018	15.714	C18	POS	-0.3128231559	0.3349221197	-0.852870797	3.0410495084	-0.2524106485	0.0212018827	0.2328704389	-0.625189597	-0.3299409994	-0.7408370073	-0.8786442560000001	-0.6723019464000001	1.7820572383000002	-0.2464077527	-0.9951669944	0.0457009873	-0.5152136162000001	0.9640045956
P3237	1169.34341	22.45	C18	POS	1.2210696314	-0.3520850047	1.0701865169	-0.3242282285	0.9057511845	-1.5459375154	1.1712320679	-1.3066252132	-0.0391734055	-0.1949630608	1.4319234152	-1.5509602891	-0.7204009305	-0.8735816748	0.5417784889	-0.7838371457000001	1.4650889199	-0.1152377564
P3241	369.12467	21.394	C18	POS	1.1959445127	-0.2200638433	1.6027591517	0.9891730949	0.3568645755	0.7880933331000001	1.296524391	0.2826025232	-1.3055448502	0.0108402774	-1.9691075668	-1.0083544393	0.2919612926	-1.7303587449000002	-0.2461814638	-0.6955321076000001	-0.16735524	-0.4806193357
P3245	1541.44274	25.677	C18	POS	1.1460401756	0.2126804663	1.1433790593	-0.1766014545	1.8179078334	-0.7955487643	1.1047793548	-0.6890703766	-0.3335820816	-0.0708317534	0.8658736504000001	-0.7942555072	-1.3861083932	-1.9783526866	-0.625450966	-0.6063609619	1.1899621127	0.3273249615
P3250	481.3139	12.245	C18	POS	1.0678193679	0.2352522181	-0.4093425337	0.9815880624	-1.2435917534	0.8024193055000001	-1.0953520501	-0.5022702001	-0.9555364176	2.3091023818	-1.2870315746	-0.2655737665	-1.043488158	0.1478694015	0.4414949169	0.3207616104	-1.0088153942	-0.5478634005
P3251	1547.18339	21.357	C18	POS	0.9436481234	1.1277765412	0.4006314029	0.3400865534	1.1480772751	0.5807320047	-0.0236673192	0.1538573067	0.0919495449	-0.2111096296	-1.9270264751	-1.1019227958	-2.1742146196	-0.3354346136	1.0474660494	-0.6882488856	0.5857904957	0.5355529014
P3252	239.1492	21.655	C18	POS	0.7806327318	-0.5423871033000001	-2.0878218794	-0.2309592636	-0.8129518082	0.2450323517	-0.6127088518	0.3845252914	1.7079754648	-0.010950934	0.9269525563	-0.2691153785	0.919712365	-0.926576495	0.3477971714	-1.6123668164	1.77921853	0.0139920676
P3260	279.23247	15.383	C18	POS	-0.4299319199	0.2823836398	1.3680977212	0.2213344575	1.9027174737	-0.4426279479	-1.2466923841	0.4558505855	0.6612262112	-0.2350068303	-2.2008973766	0.2410774422	0.4687838577	0.8523422679	-0.0386262515	0.1528315012	-1.4112010967	-1.0315932707
P3265	363.17227	10.658	C18	POS	1.3402865373	-0.7669544905	0.2959787163	0.3352501289	0.7816077462000001	-0.8917282714	1.0192990212	-1.1874280936	-0.3349464422	-0.056074275	0.4114955377	1.6208842487	-0.7377545861	-2.0616224894	-1.1977802895	-0.5441776196	1.2829665689	0.6906980522
P3270	263.20157	7.902	C18	POS	1.3594961347	0.9330818042	0.2923669713	-0.8386401724	0.2043519613	-2.0931428451	1.5159787325	-0.8852498783	-0.6669405243000001	0.1043337345	1.137342706	-0.5865841121	-1.4836221087	-0.6189059133	-0.9231561821	-0.1486941942	1.0261006448	-0.1365228191
P3274	210.18564	6.085	C18	POS	1.5441202818000002	0.0693581388	1.283521041	1.0068823941	-0.0550741129	0.5635103996	1.4086775124	-1.3875720664	-1.2450026069	0.0642090351	0.0015420129	-1.3221349269	-1.2288048174	-1.4188815929	-0.0714979532	-0.6927785158	1.1360752551	0.3438505217
P3280	321.16715	8.529	C18	POS	1.414566583	0.0367680985	0.9093101552	0.5224677836	0.2045007033	-0.6722424359	1.0607274491	-0.9060502382	-0.9883518311	-0.2698598177	1.261524086	-2.4117032172	-0.7375742852	-1.1136372016	-0.2792790527	-0.0383626712	1.2511084192	0.7560874726
P3283	323.22558	13.238	C18	POS	0.5720041454	0.6328756736000001	-0.0661211637	-0.1635951103	0.7905954337000001	1.219721446	-1.3564374127	0.0950749661	-1.3801539645	1.7606360518000002	-1.7482249002	0.9404052294	-1.1028971978	-0.2587973556	-0.0269062132	-1.1323747133	0.8043746189000001	0.3536993027
P3285	364.34421	11.778	C18	POS	0.0083238398	0.1915101054	-0.4769942151	0.6249754638	0.3234645075	0.9178806591	0.5092755425000001	-0.3715995987	-0.2149462149	1.8753197753	-0.9312020297	1.0633639107	-1.7774009348000002	-1.5750231373	-1.6374202377	-0.3307965392	1.3404868254	0.4607822782
P3286	129.10224	23.822	C18	POS	0.2435087	-0.5976539686	0.3456020284	0.0476672416	0.5722318921	-0.4889840465	2.4922777297	-1.2813843739	0.440814557	-0.9579111181	-0.8146977662	-0.5493747292	-0.5038217546	-1.1310276265	-0.8212521942000001	0.2533845815	1.127584948	1.1420713078
P3288	543.41561	11.286	C18	POS	0.066929364	0.9100638329	-0.3504766827	-0.1570231575	0.797724438	1.0329160613	-0.6067869060000001	-1.3704782875	-0.8720265736	1.0483984184	-0.6097633874	0.5467492395	-1.7999355845	-1.5325301136	-1.4014974239	0.2287778746	1.1580516806	0.9665757602
P3289	851.63965	11.967	C18	POS	0.8751567102000001	0.8927648219000001	0.4553109745	1.4265957717	-1.0506904303	0.1668668001	0.1889341736	-0.1688456698	-0.0088140389	0.6995323017	-1.170691488	-2.3612361407	-1.4205124828	0.328432362	-0.6617084306000001	0.6035858513	1.5796231550000002	-0.3743042407
P3293	758.62541	15.72	C18	POS	-0.4110809937	0.8286267888000001	-0.1300804229	2.8630839367	0.1633458092	0.4888258423	0.5319951857	-1.5240869958	-0.1423660253	-1.2081628507	-0.8419007005	-0.9871424671	-0.089051619	-1.0153206192	-0.3362471516	-0.0540264234	0.8855032863000001	0.9780854204
P3294	249.15802	12.161	C18	POS	-0.8604901013	1.4449491794	-0.6168965518	1.2311719617	1.1887456663	1.2012252989	-1.4120686587	0.5008106046	0.4379323873	-0.6929626137	-1.1100186351	-0.8215576990000001	-0.9305204974	0.0470176938	-0.8729607437	-0.7340190849	-0.5525050932000001	1.6916567855
P3297	161.13251	15.255	C18	POS	0.3893679015	0.6610657623	0.4830464503	1.972474271	-0.0304645344	-0.5668706353	0.6898990163000001	-1.2626530389	-0.7056657675	0.2660346787	1.0709349674	-1.0940443468	-0.650310654	-0.3595785856	-2.4275211554	0.1636745349	0.1857211924	1.2148899433
P3299	551.38531	12.259	C18	POS	-1.4963421364	1.3807317971	-0.3598463378	0.7636629152000001	0.7957887551	0.8336827379	-0.6915022545	1.0955422076	0.6624537581000001	1.7904901268	-1.2855910081	-0.511710381	-0.851167576	-1.7589319224	0.1904049472	0.0847512529	0.8636144596	-0.4104891335
P3302	318.30088	7.958	C18	POS	1.3207921121	0.4990466021	0.6271688693	0.2694664647	1.3096482547	-0.6326351693000001	1.1613130131	-1.933378026	-1.2659009973	-0.338932291	0.6466018669	-1.7197764088	-0.0480198488	-1.3748742271	0.2547286398	-0.2357392114	1.0182012158	0.4422891412
P3309	346.25945	12.279	C18	POS	-1.2304867424	1.2823685014	-1.3592465966	0.9599565482	1.2710670292	0.5822606525	-1.6770741071000002	-0.5130213723	0.4439119872	1.1741762079	-0.8641362388	-0.7738048663	-1.3540534641	0.3777747496	-0.1329251088	-0.7848862162	-0.6551395235	1.1586355789
P3311	1024.67974	15.189	C18	POS	-0.5790668161	1.3388826082	0.4476630484	0.231922089	-1.8642390343	0.5070205832	0.8918254163	-0.8619399786	1.7766760567	0.5044998562	1.0426116377	-0.5077637113	-1.6665688802	-0.4010217277	-0.096971517	-0.8640018281	0.2757429968	0.1754207321
P3321	270.28001	10.887	C18	POS	-0.287787941	1.199262091	0.8378118345000001	0.9151274255	0.1778371131	-1.4525315823	0.6703216015	-0.9679780418	-1.9951846749	-0.404643265	1.1886169891	-0.9157926704	1.4532698216	-1.4381474307	-0.2475882173	0.7635420551000001	0.4312268277	0.0726380642
P3325	135.11683	15.263	C18	POS	-1.6753968441	1.0830549536	0.8025043221	1.9547551053	-0.8286779688	-0.3532774209	1.3633202135	0.3697317023	-0.2645197429	0.3186025739	0.0772329722	0.5578861947	-1.4500370532	-0.2321457305	-1.5699349811	-0.9506073391	-0.0576231737	0.8551322167000001
P3331	147.11681	15.271	C18	POS	0.8901362712	0.955639987	0.7176803747	1.4744969098	0.0370011781	-0.7405177927000001	1.0729375197	-1.9263867038	-0.5492476694	0.7570698045	1.053723792	-0.8052490819	-0.1505140077	-0.8235439578	-2.1808026588	0.0911734414	-0.1449316796	0.2713342733
P3337	279.23276	8.711	C18	POS	0.6428815664	0.5870982188	0.0104290092	-0.2104890674	1.6839030938	-0.51019485	0.9460890746	-1.9071937015	-0.8564322852	-1.0371123547	0.0333619329	-0.4015536554	-0.5880337313	-0.6467288454	-0.2609400632	0.8907285836000001	1.5879250852	-1.0286046589
P3338	449.33791	13.541	C18	POS	0.3247969666	0.2325565129	1.2929265811	0.7612338310000001	1.9616742633	-0.5527146954000001	0.3501044416	-1.0304602646	-1.5602903633	-1.3522903437	-0.3365324829	-1.8915906214	-0.4564974624	-0.2844544827	0.7862392671	0.8776223727	0.7807355184	0.0969409616
P3345	824.5763	11.917	C18	POS	-0.2761697296	1.1223209021	-1.3614359926	0.5983465865	0.024535199	-0.1269870696	-0.1710349593	-0.2526071523	0.9106464487	-0.0628435276	0.2927784057	-2.1828213877	-0.4360050486	0.8452777944000001	-2.0947869293	0.972942975	1.0512220287	1.1466214564
P3347	1172.34255	22.448	C18	POS	1.6346232947	-0.5069504827	0.4006088433	0.0408722903	1.4018222102	-0.8736202348000001	0.6722646155	-1.4687256182	-0.084533203	-0.9749416405	0.7260981973	-1.6152949951000002	-0.0627865662	-0.7776429964	0.5654287562	0.1522331124	1.5031875883	-0.5395377685
P3356	243.21123	15.27	C18	POS	0.1274445622	1.0002610025	0.4417576094	1.7136946513	0.458958946	-0.0935329571	1.0747527429	-1.5460511802	-1.1083110651	0.5291608203	0.9355462181	-1.2068666689	-0.8607973482	-0.5321679057	-1.6714194513	0.9567997262	-0.972495049	0.7532653467
P3362	933.5446	15.422	C18	POS	1.305381686	0.6047897237000001	1.2989335675	0.1156566362	1.0815841228	-0.9819721602	0.4968428623	-2.0341553877	-1.0880621049	-0.4659046961	0.998222331	-1.4524472382	0.0723114332	-1.5265900928	0.4914832953	-0.0056143612	0.6732785639000001	0.4162618192
P3367	176.13951	12.17	C18	POS	-0.4963680996	0.743670213	-0.0715800412	1.7755613428	1.157806329	0.9543508236	-1.0149218151	-0.024401392	0.8881306485	-0.1224430176	-0.0661237359	-2.0209770272	-0.7936929587	-1.3316345176	0.3608060751	-0.8913115411	-0.4026024425	0.793239321
P3369	492.32482	10.489	C18	POS	0.7664793434	-0.7705768204	-0.3242241732	0.1108294773	0.6486918413	0.2966339029	0.2149455521	-2.6646095175	-0.1694956112	0.9370189123	0.0083377979	0.5355258452	1.0512695518	-2.0070357844	0.9230754038	0.2817235613	1.0227149137	-0.8613041963
P3371	929.68749	12.301	C18	POS	0.1303218215	1.8855620445	-0.1388485828	0.6730338207000001	1.7272728853	0.4950537071	-0.7641525752	-0.9564601477	0.6659093551	0.3223434516	-1.4292809132	-1.9622701098	-0.596572917	-0.1738631353	1.3111598311	-0.2614389839	-0.1610326272	-0.7667369247
P3376	1588.13758	15.711	C18	POS	-1.0675613184	1.1034810636	-1.6887759182000002	1.6770666444	-0.7470531908	0.7019985979000001	1.0603274898	0.3355171836	0.1516886049	-0.8965223046	-0.0929541278	-1.6157314034	0.1765866225	-0.4730488216	-1.1667121282	-0.1026881101	0.5151776641	1.3821502613
P3377	602.27452	10.513	C18	POS	0.3342255712	-0.4866718027	-0.8698676016	0.8665752587000001	-2.058450877	0.5668329779	1.2754457223	0.787031832	-0.1510871525	-0.6883493896	1.3823767534	-2.0076402397	0.5102558572	0.1372837366	0.0403664664	-0.7783518166000001	0.597098593	0.8771516823000001
P3379	175.14813	15.267	C18	POS	-0.543828544	0.3640846387	0.370176127	1.307864643	0.7139941207	-0.3797417044	1.5176885164	-0.7060634077	-1.5074088546	0.7717982019	1.3283650068	-1.0716830012	-0.4525518168	-1.4244283648	-1.7618233703	0.672659933	-0.0332758069	0.8341736832000001
P3381	524.27259	10.444	C18	POS	-0.2236061573	-0.1536361902	0.3890757746	1.3129817552	1.1023308104	1.5935104279	-2.1599631666	-0.0525066783	0.2884392945	0.1066870592	-0.2953212745	0.8053534033	-0.1907631813	-2.0715264904	0.2955763661	-1.4483645207	0.4907740491	0.2109587192
P3383	270.28014	9.674	C18	POS	0.7699394975	0.3296490503	0.0774737555	0.1047484426	1.2152546092	0.2872732012	0.5464407284	-1.0393216898	-0.2182736215	0.0423042272	1.1708496686	-2.6600948985	-0.4081057725	-1.2345552444	-0.6790582572	-0.3035819651	1.8953222566	0.103736012
P3390	557.45173	11.964	C18	POS	0.6725899963	0.5637013547	-0.5657023697	1.3079401256	-0.9932145878	-0.3548886197	-1.0612295479	1.0501773618	0.3277029131	1.3910442193	-0.3893622423	-2.1522381898	-1.2626006209	0.4687604108	-0.155379099	0.6781327455	-0.201317469	-0.434560092
P3391	1587.13443	15.719	C18	POS	-0.2686359855	0.6579727872000001	-1.5289124377	1.3152736023	-0.9183659454	0.2581658883	1.0825099866	0.030430336	0.1282087638	-0.7381381505	0.0605784456	-0.0281236746	-0.0643295271	0.3695241421	-2.727024343	0.2844556156	0.3561734124	1.7302370839
P3403	385.15407	10.662	C18	POS	1.4673038481	0.6488260570000001	0.9493539973	0.5487836628	1.126461957	-1.2184798829	0.8557563858	-1.9196127733	-0.8137078138	-0.1968591524	1.0284597433	-1.3229690287	-0.0693007113	-1.4551377144	-0.4421105643	-0.2170517579	1.0845149448	-0.0542311971
